2026-10-05T20:06:35.3950104+09:00 Diagnostic logging started.
2026-10-05T20:06:35.4205985+09:00 Windows Forms initialized.
2026-10-05T20:06:35.5334226+09:00 Dedicated hook thread started: managed thread 8.
2026-10-05T20:06:35.5334389+09:00 Initial keyboard mode: Emacs.
2026-10-05T20:06:35.5346628+09:00 Hooks registered: generation=1, keyboard=0x55510A9, mouse=0x10E1211, keyboard callbacks=0, mouse callbacks=0.
2026-10-05T20:06:35.5723236+09:00 Tray application context initialized.
2026-10-05T20:07:06.6095079+09:00 Hooks registered: generation=2, keyboard=0x3BD105D, mouse=0x2AC12BD, keyboard callbacks=0, mouse callbacks=867.
2026-10-05T20:07:07.6399187+09:00 Right Alt down: vk=0xA5, scan=0x38, flags=0x21.
2026-10-05T20:07:07.7244554+09:00 Right Alt up: vk=0xA5, scan=0x38, flags=0x81.
2026-10-05T20:07:07.7258521+09:00 Right Alt held for 93 ms; sending IME on tap.
2026-10-05T20:07:07.7262792+09:00 Foreground keyboard layout before injection: HKL=0x4110411, LANGID=0x0411.
2026-10-05T20:07:07.7268163+09:00 Injected keyboard event observed: message=0x0100, vk=0x16, scan=0x00, flags=0x10.
2026-10-05T20:07:07.7270869+09:00 Injected keyboard event observed: message=0x0101, vk=0x16, scan=0x00, flags=0x90.
2026-10-05T20:07:07.7273746+09:00 SendInput succeeded for 2 keyboard event(s).
2026-10-05T20:07:39.7049102+09:00 Hooks registered: generation=3, keyboard=0x25A03F9, mouse=0x59310A9, keyboard callbacks=26, mouse callbacks=1572.
2026-10-05T20:08:09.7341762+09:00 Hooks registered: generation=4, keyboard=0x7E904ED, mouse=0x2411311, keyboard callbacks=26, mouse callbacks=2173.
2026-10-05T20:08:24.3359550+09:00 Right Alt down: vk=0xA5, scan=0x38, flags=0x21.
2026-10-05T20:08:24.4159420+09:00 Right Alt up: vk=0xA5, scan=0x38, flags=0x81.
2026-10-05T20:08:24.4159745+09:00 Right Alt held for 78 ms; sending IME on tap.
2026-10-05T20:08:24.4160022+09:00 Foreground keyboard layout before injection: HKL=0x4110411, LANGID=0x0411.
2026-10-05T20:08:24.4160231+09:00 Injected keyboard event observed: message=0x0100, vk=0x16, scan=0x00, flags=0x10.
2026-10-05T20:08:24.4163077+09:00 Injected keyboard event observed: message=0x0101, vk=0x16, scan=0x00, flags=0x90.
2026-10-05T20:08:24.4166129+09:00 SendInput succeeded for 2 keyboard event(s).
2026-10-05T20:08:39.7241751+09:00 Hooks registered: generation=5, keyboard=0x7E11BB, mouse=0x42C10CD, keyboard callbacks=152, mouse callbacks=2306.
2026-10-05T20:09:09.7600462+09:00 Hooks registered: generation=6, keyboard=0x2360947, mouse=0x2F31111, keyboard callbacks=152, mouse callbacks=2306.
2026-10-05T20:09:39.7726499+09:00 Hooks registered: generation=7, keyboard=0xA404EF, mouse=0xD710B5F, keyboard callbacks=176, mouse callbacks=2306.
2026-10-05T20:10:09.8212957+09:00 Hooks registered: generation=8, keyboard=0x3F0F8B, mouse=0x3D30085, keyboard callbacks=176, mouse callbacks=2306.
2026-10-05T20:10:41.8231455+09:00 Hooks registered: generation=9, keyboard=0x220D39, mouse=0x730F29, keyboard callbacks=176, mouse callbacks=3110.
2026-10-05T20:11:11.8963714+09:00 Hooks registered: generation=10, keyboard=0x5C0F7B, mouse=0x50E3B, keyboard callbacks=176, mouse callbacks=3110.
2026-10-05T20:11:41.8949291+09:00 Hooks registered: generation=11, keyboard=0x42A10F9, mouse=0x840F29, keyboard callbacks=176, mouse callbacks=3110.
2026-10-05T20:12:11.9185224+09:00 Hooks registered: generation=12, keyboard=0x22D12CD, mouse=0x2D01403, keyboard callbacks=176, mouse callbacks=3110.
2026-10-05T20:12:41.9442820+09:00 Hooks registered: generation=13, keyboard=0x9C81075, mouse=0x13E107B1, keyboard callbacks=176, mouse callbacks=3110.
2026-10-05T20:13:11.9580013+09:00 Hooks registered: generation=14, keyboard=0x17E0D39, mouse=0x5D0F89, keyboard callbacks=176, mouse callbacks=3110.
2026-10-05T20:13:42.0142215+09:00 Hooks registered: generation=15, keyboard=0x5C008A9, mouse=0x400C53, keyboard callbacks=176, mouse callbacks=3110.
2026-10-05T20:14:12.0544136+09:00 Hooks registered: generation=16, keyboard=0x8C0E3D, mouse=0x9A81321, keyboard callbacks=176, mouse callbacks=3110.
2026-10-05T20:14:42.1101159+09:00 Hooks registered: generation=17, keyboard=0x83022F, mouse=0x1DA111F, keyboard callbacks=176, mouse callbacks=3110.
2026-10-05T20:15:12.1443042+09:00 Hooks registered: generation=18, keyboard=0x61310F9, mouse=0x65D10A9, keyboard callbacks=176, mouse callbacks=3110.
2026-10-05T20:15:42.1710366+09:00 Hooks registered: generation=19, keyboard=0xBB90E31, mouse=0x124022F, keyboard callbacks=176, mouse callbacks=3110.
2026-10-05T20:16:12.1963829+09:00 Hooks registered: generation=20, keyboard=0x42410C5, mouse=0x4D115B, keyboard callbacks=176, mouse callbacks=3110.
2026-10-05T20:16:42.1936455+09:00 Hooks registered: generation=21, keyboard=0xB320F99, mouse=0x1800E0B, keyboard callbacks=176, mouse callbacks=3110.
2026-10-05T20:17:12.2334335+09:00 Hooks registered: generation=22, keyboard=0x4CA12CD, mouse=0x4B210C5, keyboard callbacks=176, mouse callbacks=3110.
2026-10-05T20:17:42.2689705+09:00 Hooks registered: generation=23, keyboard=0x1380F8B, mouse=0x74A0C55, keyboard callbacks=176, mouse callbacks=3110.
2026-10-05T20:18:12.2831628+09:00 Hooks registered: generation=24, keyboard=0x73612CD, mouse=0x4B310C5, keyboard callbacks=176, mouse callbacks=3110.
2026-10-05T20:18:42.3180584+09:00 Hooks registered: generation=25, keyboard=0x1B60F8B, mouse=0x74B0C55, keyboard callbacks=176, mouse callbacks=3110.
2026-10-05T20:19:12.3245299+09:00 Hooks registered: generation=26, keyboard=0x720D75, mouse=0x33C1433, keyboard callbacks=176, mouse callbacks=3110.
2026-10-05T20:19:42.3459371+09:00 Hooks registered: generation=27, keyboard=0xBAC10AB, mouse=0x57210C5, keyboard callbacks=176, mouse callbacks=3110.
2026-10-05T20:20:12.3561477+09:00 Hooks registered: generation=28, keyboard=0xC6D0F99, mouse=0x4AB0D39, keyboard callbacks=176, mouse callbacks=3110.
2026-10-05T20:20:42.3483473+09:00 Hooks registered: generation=29, keyboard=0xD7710AB, mouse=0x57310C5, keyboard callbacks=176, mouse callbacks=3110.
2026-10-05T20:21:12.3614939+09:00 Hooks registered: generation=30, keyboard=0xB1B1075, mouse=0x6BD10F9, keyboard callbacks=176, mouse callbacks=3110.
2026-10-05T20:21:42.3802668+09:00 Hooks registered: generation=31, keyboard=0x22E0DE5, mouse=0x57410C5, keyboard callbacks=176, mouse callbacks=3110.
2026-10-05T20:21:54.3153941+09:00 Injected keyboard event observed: message=0x0100, vk=0x27, scan=0x4D, flags=0x11.
2026-10-05T20:21:54.3156545+09:00 Injected keyboard event observed: message=0x0101, vk=0x27, scan=0x4D, flags=0x91.
2026-10-05T20:21:54.3159897+09:00 SendInput succeeded for 2 keyboard event(s).
2026-10-05T20:21:54.3166039+09:00 Emacs operation: ControlF.
2026-10-05T20:22:12.4022696+09:00 Hooks registered: generation=32, keyboard=0x2C10F89, mouse=0x2E21363, keyboard callbacks=230, mouse callbacks=3179.
2026-10-05T20:22:42.4015086+09:00 Hooks registered: generation=33, keyboard=0x3010A5, mouse=0x11113F, keyboard callbacks=258, mouse callbacks=3293.
2026-10-05T20:22:53.6166438+09:00 Injected keyboard event observed: message=0x0100, vk=0xA2, scan=0x1D, flags=0x10.
2026-10-05T20:22:53.6169185+09:00 SendInput succeeded for 1 keyboard event(s).
2026-10-05T20:22:53.6176205+09:00 Left Ctrl used with native input; sent Ctrl down.
2026-10-05T20:22:53.7323826+09:00 Injected keyboard event observed: message=0x0101, vk=0xA2, scan=0x1D, flags=0x90.
2026-10-05T20:22:53.7325363+09:00 SendInput succeeded for 1 keyboard event(s).
2026-10-05T20:23:00.9527498+09:00 Injected keyboard event observed: message=0x0100, vk=0xA2, scan=0x1D, flags=0x10.
2026-10-05T20:23:00.9530523+09:00 SendInput succeeded for 1 keyboard event(s).
2026-10-05T20:23:00.9530713+09:00 Left Ctrl used with native input; sent Ctrl down.
2026-10-05T20:23:01.0347149+09:00 Injected keyboard event observed: message=0x0101, vk=0xA2, scan=0x1D, flags=0x90.
2026-10-05T20:23:01.0349019+09:00 SendInput succeeded for 1 keyboard event(s).
2026-10-05T20:23:13.4201395+09:00 Hooks registered: generation=34, keyboard=0x5D40D39, mouse=0x1260F87, keyboard callbacks=296, mouse callbacks=4140.
2026-10-05T20:23:45.7157932+09:00 Session started: id=acb457782b424dd3831a540dfcedda27, version=0.3.3.0, pid=14688, verbose=False, OS=10.0.26300.0, 64bit=True.
2026-10-05T20:23:45.7404512+09:00 Windows Forms initialized.
2026-10-05T20:23:45.8477949+09:00 Dedicated hook thread started: managed thread 8.
2026-10-05T20:23:45.8478104+09:00 Initial keyboard mode: Emacs.
2026-10-05T20:23:45.8489422+09:00 Hooks registered: generation=1, keyboard=0x2711591, mouse=0x40DBD, keyboard callbacks=0, mouse callbacks=0.
2026-10-05T20:23:45.8494647+09:00 Hook status (startup): generation=1, enabled=True, emacsEnabled=True, emacsActive=True, keyboardCallbacks=0, mouseCallbacks=0, suppressed=0, injectionFailures=0, refreshRequested=False, sinceRefreshMs=0, leftAlt=False/False/False, rightAlt=False/False/False, leftCtrl=False/False/False, rightCtrl=False/False/False, asyncAlt=False/False, asyncCtrl=False/False, capturedKeys=0, capsCaptured=False, otherKeysCount=0, droppedLogs=0.
2026-10-05T20:23:45.8837268+09:00 Tray application context initialized.
2026-10-05T20:24:15.8674676+09:00 Hook status (periodic): generation=1, enabled=True, emacsEnabled=True, emacsActive=True, keyboardCallbacks=42, mouseCallbacks=312, suppressed=6, injectionFailures=0, refreshRequested=False, sinceRefreshMs=30016, leftAlt=False/False/False, rightAlt=False/False/False, leftCtrl=False/False/False, rightCtrl=False/False/False, asyncAlt=False/False, asyncCtrl=False/False, capturedKeys=0, capsCaptured=False, otherKeysCount=0, droppedLogs=0.
2026-10-05T20:24:15.8682538+09:00 Hooks registered: generation=2, keyboard=0x5D80D39, mouse=0x70DAB, keyboard callbacks=42, mouse callbacks=312.
2026-10-05T20:24:45.9032349+09:00 Hook status (periodic): generation=2, enabled=True, emacsEnabled=True, emacsActive=True, keyboardCallbacks=82, mouseCallbacks=836, suppressed=8, injectionFailures=0, refreshRequested=False, sinceRefreshMs=30031, leftAlt=False/False/False, rightAlt=False/False/False, leftCtrl=False/False/False, rightCtrl=False/False/False, asyncAlt=False/False, asyncCtrl=False/False, capturedKeys=0, capsCaptured=False, otherKeysCount=0, droppedLogs=0.
2026-10-05T20:24:49.9056192+09:00 Hooks registered: generation=3, keyboard=0x541081, mouse=0x10E00D03, keyboard callbacks=82, mouse callbacks=947.
2026-10-05T20:25:15.9287196+09:00 Hook status (periodic): generation=3, enabled=True, emacsEnabled=True, emacsActive=True, keyboardCallbacks=122, mouseCallbacks=1640, suppressed=8, injectionFailures=0, refreshRequested=False, sinceRefreshMs=26032, leftAlt=False/False/False, rightAlt=False/False/False, leftCtrl=False/False/False, rightCtrl=False/False/False, asyncAlt=False/False, asyncCtrl=False/False, capturedKeys=0, capsCaptured=False, otherKeysCount=0, droppedLogs=0.
2026-10-05T20:25:26.9431347+09:00 Hooks registered: generation=4, keyboard=0x6C1108D, mouse=0xBC0369, keyboard callbacks=198, mouse callbacks=1640.
2026-10-05T20:25:45.9485582+09:00 Hook status (periodic): generation=4, enabled=True, emacsEnabled=True, emacsActive=True, keyboardCallbacks=292, mouseCallbacks=1857, suppressed=12, injectionFailures=0, refreshRequested=False, sinceRefreshMs=19000, leftAlt=False/False/False, rightAlt=False/False/False, leftCtrl=False/False/False, rightCtrl=False/False/False, asyncAlt=False/False, asyncCtrl=False/False, capturedKeys=0, capsCaptured=False, otherKeysCount=0, droppedLogs=0.
2026-10-05T20:25:56.9671745+09:00 Hooks registered: generation=5, keyboard=0x38A111F, mouse=0x43E0F9B, keyboard callbacks=304, mouse callbacks=1857.
2026-10-05T20:26:16.0182901+09:00 Hook status (periodic): generation=5, enabled=True, emacsEnabled=True, emacsActive=True, keyboardCallbacks=320, mouseCallbacks=2198, suppressed=16, injectionFailures=0, refreshRequested=False, sinceRefreshMs=19047, leftAlt=False/False/False, rightAlt=False/False/False, leftCtrl=False/False/False, rightCtrl=False/False/False, asyncAlt=False/False, asyncCtrl=False/False, capturedKeys=0, capsCaptured=False, otherKeysCount=0, droppedLogs=0.
2026-10-05T20:26:38.0439170+09:00 Hooks registered: generation=6, keyboard=0x11F125F, mouse=0x5D509A7, keyboard callbacks=350, mouse callbacks=2861.
2026-10-05T20:26:46.0402167+09:00 Hook status (periodic): generation=6, enabled=True, emacsEnabled=True, emacsActive=True, keyboardCallbacks=350, mouseCallbacks=2865, suppressed=16, injectionFailures=0, refreshRequested=False, sinceRefreshMs=8000, leftAlt=False/False/False, rightAlt=False/False/False, leftCtrl=False/False/False, rightCtrl=False/False/False, asyncAlt=False/False, asyncCtrl=False/False, capturedKeys=0, capsCaptured=False, otherKeysCount=0, droppedLogs=0.
2026-10-05T20:27:16.0876947+09:00 Hook status (periodic): generation=6, enabled=True, emacsEnabled=True, emacsActive=True, keyboardCallbacks=368, mouseCallbacks=3811, suppressed=18, injectionFailures=0, refreshRequested=False, sinceRefreshMs=38047, leftAlt=False/False/False, rightAlt=False/False/False, leftCtrl=False/False/False, rightCtrl=False/False/False, asyncAlt=False/False, asyncCtrl=False/False, capturedKeys=0, capsCaptured=False, otherKeysCount=0, droppedLogs=0.
2026-10-05T20:27:17.0814627+09:00 Hooks registered: generation=7, keyboard=0x2741195, mouse=0xFA0E0F, keyboard callbacks=368, mouse callbacks=3811.
2026-10-05T20:27:46.1052364+09:00 Hook status (periodic): generation=7, enabled=True, emacsEnabled=True, emacsActive=True, keyboardCallbacks=441, mouseCallbacks=4342, suppressed=20, injectionFailures=0, refreshRequested=False, sinceRefreshMs=29015, leftAlt=False/False/False, rightAlt=False/False/False, leftCtrl=False/False/False, rightCtrl=False/False/False, asyncAlt=False/False, asyncCtrl=False/False, capturedKeys=0, capsCaptured=False, otherKeysCount=1, droppedLogs=0.
2026-10-05T20:27:50.1155400+09:00 Hooks registered: generation=8, keyboard=0x54F07E1, mouse=0x1761253, keyboard callbacks=450, mouse callbacks=4378.
2026-10-05T20:28:16.1541042+09:00 Hook status (periodic): generation=8, enabled=True, emacsEnabled=True, emacsActive=True, keyboardCallbacks=450, mouseCallbacks=4566, suppressed=20, injectionFailures=0, refreshRequested=False, sinceRefreshMs=26031, leftAlt=False/False/False, rightAlt=False/False/False, leftCtrl=False/False/False, rightCtrl=False/False/False, asyncAlt=False/False, asyncCtrl=False/False, capturedKeys=0, capsCaptured=False, otherKeysCount=0, droppedLogs=0.
2026-10-05T20:28:22.1540465+09:00 Hooks registered: generation=9, keyboard=0x1BC1579, mouse=0x256119D, keyboard callbacks=450, mouse callbacks=4775.
2026-10-05T20:28:46.1533687+09:00 Hook status (periodic): generation=9, enabled=True, emacsEnabled=True, emacsActive=True, keyboardCallbacks=496, mouseCallbacks=4988, suppressed=22, injectionFailures=0, refreshRequested=False, sinceRefreshMs=24000, leftAlt=False/False/False, rightAlt=False/False/False, leftCtrl=False/False/False, rightCtrl=False/False/False, asyncAlt=False/False, asyncCtrl=False/False, capturedKeys=0, capsCaptured=False, otherKeysCount=0, droppedLogs=0.
2026-10-05T20:28:52.1581140+09:00 Hooks registered: generation=10, keyboard=0x116B011D, mouse=0x2A709A9, keyboard callbacks=496, mouse callbacks=5039.
2026-10-05T20:29:16.1667668+09:00 Hook status (periodic): generation=10, enabled=True, emacsEnabled=True, emacsActive=True, keyboardCallbacks=496, mouseCallbacks=5687, suppressed=22, injectionFailures=0, refreshRequested=False, sinceRefreshMs=24016, leftAlt=False/False/False, rightAlt=False/False/False, leftCtrl=False/False/False, rightCtrl=False/False/False, asyncAlt=False/False, asyncCtrl=False/False, capturedKeys=0, capsCaptured=False, otherKeysCount=0, droppedLogs=0.
2026-10-05T20:29:28.1928388+09:00 Hooks registered: generation=11, keyboard=0x3F3106D, mouse=0x49C0F9B, keyboard callbacks=496, mouse callbacks=6359.
2026-10-05T20:29:46.2234816+09:00 Hook status (periodic): generation=11, enabled=True, emacsEnabled=True, emacsActive=True, keyboardCallbacks=496, mouseCallbacks=6507, suppressed=22, injectionFailures=0, refreshRequested=False, sinceRefreshMs=18031, leftAlt=False/False/False, rightAlt=False/False/False, leftCtrl=False/False/False, rightCtrl=False/False/False, asyncAlt=False/False, asyncCtrl=False/False, capturedKeys=0, capsCaptured=False, otherKeysCount=0, droppedLogs=0.
2026-10-05T20:30:15.2414946+09:00 Hooks registered: generation=12, keyboard=0xCE1183, mouse=0x24C1107, keyboard callbacks=532, mouse callbacks=7489.
2026-10-05T20:30:16.2432510+09:00 Hook status (periodic): generation=12, enabled=True, emacsEnabled=True, emacsActive=True, keyboardCallbacks=532, mouseCallbacks=7489, suppressed=24, injectionFailures=0, refreshRequested=False, sinceRefreshMs=1000, leftAlt=False/False/False, rightAlt=False/False/False, leftCtrl=False/False/False, rightCtrl=False/False/False, asyncAlt=False/False, asyncCtrl=False/False, capturedKeys=0, capsCaptured=False, otherKeysCount=0, droppedLogs=0.
2026-10-05T20:30:46.2848807+09:00 Hook status (periodic): generation=12, enabled=True, emacsEnabled=True, emacsActive=True, keyboardCallbacks=578, mouseCallbacks=7708, suppressed=24, injectionFailures=0, refreshRequested=False, sinceRefreshMs=31047, leftAlt=False/False/False, rightAlt=False/False/False, leftCtrl=False/False/False, rightCtrl=False/False/False, asyncAlt=False/False, asyncCtrl=False/False, capturedKeys=0, capsCaptured=False, otherKeysCount=0, droppedLogs=0.
2026-10-05T20:30:53.2953012+09:00 Hooks registered: generation=13, keyboard=0x468106D, mouse=0x9609BB, keyboard callbacks=580, mouse callbacks=7879.
2026-10-05T20:31:16.3177843+09:00 Hook status (periodic): generation=13, enabled=True, emacsEnabled=True, emacsActive=True, keyboardCallbacks=612, mouseCallbacks=7879, suppressed=24, injectionFailures=0, refreshRequested=False, sinceRefreshMs=23031, leftAlt=False/False/False, rightAlt=False/False/False, leftCtrl=False/False/False, rightCtrl=False/False/False, asyncAlt=False/False, asyncCtrl=False/False, capturedKeys=0, capsCaptured=False, otherKeysCount=0, droppedLogs=0.
2026-10-05T20:31:23.3160948+09:00 Hooks registered: generation=14, keyboard=0x14AC07B1, mouse=0x3931403, keyboard callbacks=612, mouse callbacks=7879.
2026-10-05T20:31:46.3544535+09:00 Hook status (periodic): generation=14, enabled=True, emacsEnabled=True, emacsActive=True, keyboardCallbacks=648, mouseCallbacks=7879, suppressed=26, injectionFailures=0, refreshRequested=False, sinceRefreshMs=23031, leftAlt=False/False/False, rightAlt=False/False/False, leftCtrl=False/False/False, rightCtrl=False/False/False, asyncAlt=False/False, asyncCtrl=False/False, capturedKeys=0, capsCaptured=False, otherKeysCount=0, droppedLogs=0.
2026-10-05T20:31:57.3534041+09:00 Hooks registered: generation=15, keyboard=0x14709BB, mouse=0x2B1247, keyboard callbacks=656, mouse callbacks=8112.
2026-10-05T20:32:16.5115494+09:00 Hook status (periodic): generation=15, enabled=True, emacsEnabled=True, emacsActive=True, keyboardCallbacks=656, mouseCallbacks=8926, suppressed=26, injectionFailures=0, refreshRequested=False, sinceRefreshMs=19157, leftAlt=False/False/False, rightAlt=False/False/False, leftCtrl=False/False/False, rightCtrl=False/False/False, asyncAlt=False/False, asyncCtrl=False/False, capturedKeys=0, capsCaptured=False, otherKeysCount=0, droppedLogs=0.
2026-10-05T20:32:37.5307695+09:00 Hooks registered: generation=16, keyboard=0x1EF14C9, mouse=0x1410B89, keyboard callbacks=656, mouse callbacks=10105.
2026-10-05T20:32:46.5334141+09:00 Hook status (periodic): generation=16, enabled=True, emacsEnabled=True, emacsActive=True, keyboardCallbacks=656, mouseCallbacks=10509, suppressed=26, injectionFailures=0, refreshRequested=False, sinceRefreshMs=9000, leftAlt=False/False/False, rightAlt=False/False/False, leftCtrl=False/False/False, rightCtrl=False/False/False, asyncAlt=False/False, asyncCtrl=False/False, capturedKeys=0, capsCaptured=False, otherKeysCount=0, droppedLogs=0.
2026-10-05T20:33:07.5553668+09:00 Hooks registered: generation=17, keyboard=0xCA1207, mouse=0x448140B, keyboard callbacks=656, mouse callbacks=11320.
2026-10-05T20:33:16.5638625+09:00 Hook status (periodic): generation=17, enabled=True, emacsEnabled=True, emacsActive=True, keyboardCallbacks=678, mouseCallbacks=11394, suppressed=26, injectionFailures=0, refreshRequested=False, sinceRefreshMs=9000, leftAlt=False/False/False, rightAlt=False/False/False, leftCtrl=False/False/False, rightCtrl=False/False/False, asyncAlt=False/False, asyncCtrl=False/False, capturedKeys=0, capsCaptured=False, otherKeysCount=0, droppedLogs=0.
2026-10-05T20:33:46.5685801+09:00 Hook status (periodic): generation=17, enabled=True, emacsEnabled=True, emacsActive=True, keyboardCallbacks=786, mouseCallbacks=11910, suppressed=28, injectionFailures=0, refreshRequested=False, sinceRefreshMs=39015, leftAlt=False/False/False, rightAlt=False/False/False, leftCtrl=False/False/False, rightCtrl=False/False/False, asyncAlt=False/False, asyncCtrl=False/False, capturedKeys=0, capsCaptured=False, otherKeysCount=0, droppedLogs=0.
2026-10-05T20:33:56.5793145+09:00 Hooks registered: generation=18, keyboard=0x47B0F3B, mouse=0x1F41559, keyboard callbacks=862, mouse callbacks=11910.
2026-10-05T20:34:16.5887157+09:00 Hook status (periodic): generation=18, enabled=True, emacsEnabled=True, emacsActive=True, keyboardCallbacks=862, mouseCallbacks=12016, suppressed=28, injectionFailures=0, refreshRequested=False, sinceRefreshMs=20016, leftAlt=False/False/False, rightAlt=False/False/False, leftCtrl=False/False/False, rightCtrl=False/False/False, asyncAlt=False/False, asyncCtrl=False/False, capturedKeys=0, capsCaptured=False, otherKeysCount=0, droppedLogs=0.
2026-10-05T20:34:26.5842345+09:00 Hooks registered: generation=19, keyboard=0xC1F0A9B, mouse=0x601118D, keyboard callbacks=862, mouse callbacks=12151.
2026-10-05T20:34:46.6474720+09:00 Hook status (periodic): generation=19, enabled=True, emacsEnabled=True, emacsActive=True, keyboardCallbacks=862, mouseCallbacks=12595, suppressed=28, injectionFailures=0, refreshRequested=False, sinceRefreshMs=20062, leftAlt=False/False/False, rightAlt=False/False/False, leftCtrl=False/False/False, rightCtrl=False/False/False, asyncAlt=False/False, asyncCtrl=False/False, capturedKeys=0, capsCaptured=False, otherKeysCount=0, droppedLogs=0.
2026-10-05T20:35:14.6519601+09:00 Hooks registered: generation=20, keyboard=0x1E6154B, mouse=0x2D121F, keyboard callbacks=876, mouse callbacks=13598.
2026-10-05T20:35:16.6580185+09:00 Hook status (periodic): generation=20, enabled=True, emacsEnabled=True, emacsActive=True, keyboardCallbacks=876, mouseCallbacks=13602, suppressed=28, injectionFailures=0, refreshRequested=False, sinceRefreshMs=2000, leftAlt=False/False/False, rightAlt=False/False/False, leftCtrl=False/False/False, rightCtrl=False/False/False, asyncAlt=False/False, asyncCtrl=False/False, capturedKeys=0, capsCaptured=False, otherKeysCount=0, droppedLogs=0.
2026-10-05T20:35:46.6476641+09:00 Hook status (periodic): generation=20, enabled=True, emacsEnabled=True, emacsActive=True, keyboardCallbacks=876, mouseCallbacks=14355, suppressed=28, injectionFailures=0, refreshRequested=False, sinceRefreshMs=32000, leftAlt=False/False/False, rightAlt=False/False/False, leftCtrl=False/False/False, rightCtrl=False/False/False, asyncAlt=False/False, asyncCtrl=False/False, capturedKeys=0, capsCaptured=False, otherKeysCount=0, droppedLogs=0.
2026-10-05T20:35:49.6495685+09:00 Hooks registered: generation=21, keyboard=0xD12E3, mouse=0x2C09B9, keyboard callbacks=876, mouse callbacks=14445.
2026-10-05T20:36:16.6819451+09:00 Hook status (periodic): generation=21, enabled=True, emacsEnabled=True, emacsActive=True, keyboardCallbacks=922, mouseCallbacks=15016, suppressed=32, injectionFailures=0, refreshRequested=False, sinceRefreshMs=27032, leftAlt=False/False/False, rightAlt=False/False/False, leftCtrl=False/False/False, rightCtrl=False/False/False, asyncAlt=False/False, asyncCtrl=False/False, capturedKeys=0, capsCaptured=False, otherKeysCount=0, droppedLogs=0.
2026-10-05T20:36:25.7037148+09:00 Hooks registered: generation=22, keyboard=0x17612D7, mouse=0x17F0989, keyboard callbacks=922, mouse callbacks=15378.
2026-10-05T20:36:46.7233274+09:00 Hook status (periodic): generation=22, enabled=True, emacsEnabled=True, emacsActive=True, keyboardCallbacks=1040, mouseCallbacks=15481, suppressed=36, injectionFailures=0, refreshRequested=False, sinceRefreshMs=21031, leftAlt=False/False/False, rightAlt=False/False/False, leftCtrl=False/False/False, rightCtrl=False/False/False, asyncAlt=False/False, asyncCtrl=False/False, capturedKeys=0, capsCaptured=False, otherKeysCount=0, droppedLogs=0.
2026-10-05T20:36:55.7633725+09:00 Hooks registered: generation=23, keyboard=0x2351243, mouse=0x8681433, keyboard callbacks=1040, mouse callbacks=15481.
2026-10-05T20:37:16.7943620+09:00 Hook status (periodic): generation=23, enabled=True, emacsEnabled=True, emacsActive=True, keyboardCallbacks=1040, mouseCallbacks=15653, suppressed=36, injectionFailures=0, refreshRequested=False, sinceRefreshMs=21031, leftAlt=False/False/False, rightAlt=False/False/False, leftCtrl=False/False/False, rightCtrl=False/False/False, asyncAlt=False/False, asyncCtrl=False/False, capturedKeys=0, capsCaptured=False, otherKeysCount=0, droppedLogs=0.
2026-10-05T20:37:36.8174120+09:00 Hooks registered: generation=24, keyboard=0x7F124F, mouse=0x981223, keyboard callbacks=1040, mouse callbacks=16626.
2026-10-05T20:37:46.8289301+09:00 Hook status (periodic): generation=24, enabled=True, emacsEnabled=True, emacsActive=True, keyboardCallbacks=1042, mouseCallbacks=16626, suppressed=36, injectionFailures=0, refreshRequested=False, sinceRefreshMs=10000, leftAlt=False/False/False, rightAlt=False/False/False, leftCtrl=False/False/False, rightCtrl=False/False/False, asyncAlt=False/False, asyncCtrl=False/False, capturedKeys=0, capsCaptured=False, otherKeysCount=0, droppedLogs=0.
2026-10-05T20:38:07.8298953+09:00 Hooks registered: generation=25, keyboard=0xA41399, mouse=0x37307ED, keyboard callbacks=1044, mouse callbacks=17313.
2026-10-05T20:38:16.8207212+09:00 Hook status (periodic): generation=25, enabled=True, emacsEnabled=True, emacsActive=True, keyboardCallbacks=1044, mouseCallbacks=17313, suppressed=36, injectionFailures=0, refreshRequested=False, sinceRefreshMs=9000, leftAlt=False/False/False, rightAlt=False/False/False, leftCtrl=False/False/False, rightCtrl=False/False/False, asyncAlt=False/False, asyncCtrl=False/False, capturedKeys=0, capsCaptured=False, otherKeysCount=0, droppedLogs=0.
2026-10-05T20:38:37.8379954+09:00 Hooks registered: generation=26, keyboard=0xC01329, mouse=0x94124F, keyboard callbacks=1044, mouse callbacks=17382.
2026-10-05T20:38:46.8344665+09:00 Hook status (periodic): generation=26, enabled=True, emacsEnabled=True, emacsActive=True, keyboardCallbacks=1044, mouseCallbacks=17443, suppressed=36, injectionFailures=0, refreshRequested=False, sinceRefreshMs=9000, leftAlt=False/False/False, rightAlt=False/False/False, leftCtrl=False/False/False, rightCtrl=False/False/False, asyncAlt=False/False, asyncCtrl=False/False, capturedKeys=0, capsCaptured=False, otherKeysCount=0, droppedLogs=0.
2026-10-05T20:39:16.8506037+09:00 Hook status (periodic): generation=26, enabled=True, emacsEnabled=True, emacsActive=True, keyboardCallbacks=1054, mouseCallbacks=17829, suppressed=36, injectionFailures=0, refreshRequested=False, sinceRefreshMs=39015, leftAlt=False/False/False, rightAlt=False/False/False, leftCtrl=False/False/False, rightCtrl=False/False/False, asyncAlt=False/False, asyncCtrl=False/False, capturedKeys=0, capsCaptured=False, otherKeysCount=0, droppedLogs=0.
2026-10-05T20:39:18.8494079+09:00 Hooks registered: generation=27, keyboard=0x234125F, mouse=0x17C12FF, keyboard callbacks=1054, mouse callbacks=17831.
2026-10-05T20:39:46.8553182+09:00 Hook status (periodic): generation=27, enabled=True, emacsEnabled=True, emacsActive=True, keyboardCallbacks=1054, mouseCallbacks=17964, suppressed=36, injectionFailures=0, refreshRequested=False, sinceRefreshMs=28000, leftAlt=False/False/False, rightAlt=False/False/False, leftCtrl=False/False/False, rightCtrl=False/False/False, asyncAlt=False/False, asyncCtrl=False/False, capturedKeys=0, capsCaptured=False, otherKeysCount=0, droppedLogs=0.
2026-10-05T20:39:49.8524176+09:00 Hooks registered: generation=28, keyboard=0x88C12D7, mouse=0x3C2115B, keyboard callbacks=1054, mouse callbacks=17996.
2026-10-05T20:40:16.8585678+09:00 Hook status (periodic): generation=28, enabled=True, emacsEnabled=True, emacsActive=True, keyboardCallbacks=1054, mouseCallbacks=18499, suppressed=36, injectionFailures=0, refreshRequested=False, sinceRefreshMs=27000, leftAlt=False/False/False, rightAlt=False/False/False, leftCtrl=False/False/False, rightCtrl=False/False/False, asyncAlt=False/False, asyncCtrl=False/False, capturedKeys=0, capsCaptured=False, otherKeysCount=0, droppedLogs=0.
2026-10-05T20:40:19.8499738+09:00 Hooks registered: generation=29, keyboard=0xF612DB, mouse=0x2781139, keyboard callbacks=1054, mouse callbacks=18501.
2026-10-05T20:40:46.9048564+09:00 Hook status (periodic): generation=29, enabled=True, emacsEnabled=True, emacsActive=True, keyboardCallbacks=1054, mouseCallbacks=18792, suppressed=36, injectionFailures=0, refreshRequested=False, sinceRefreshMs=27047, leftAlt=False/False/False, rightAlt=False/False/False, leftCtrl=False/False/False, rightCtrl=False/False/False, asyncAlt=False/False, asyncCtrl=False/False, capturedKeys=0, capsCaptured=False, otherKeysCount=0, droppedLogs=0.
2026-10-05T20:40:49.9019059+09:00 Hooks registered: generation=30, keyboard=0x1140985, mouse=0x95611E7, keyboard callbacks=1054, mouse callbacks=18792.
2026-10-05T20:41:16.9012464+09:00 Hook status (periodic): generation=30, enabled=True, emacsEnabled=True, emacsActive=True, keyboardCallbacks=1054, mouseCallbacks=18975, suppressed=36, injectionFailures=0, refreshRequested=False, sinceRefreshMs=27000, leftAlt=False/False/False, rightAlt=False/False/False, leftCtrl=False/False/False, rightCtrl=False/False/False, asyncAlt=False/False, asyncCtrl=False/False, capturedKeys=0, capsCaptured=False, otherKeysCount=0, droppedLogs=0.
2026-10-05T20:41:19.9066286+09:00 Hooks registered: generation=31, keyboard=0x4F212C3, mouse=0x3A9111B, keyboard callbacks=1054, mouse callbacks=18975.
2026-10-05T20:41:46.9439942+09:00 Hook status (periodic): generation=31, enabled=True, emacsEnabled=True, emacsActive=True, keyboardCallbacks=1057, mouseCallbacks=19312, suppressed=37, injectionFailures=0, refreshRequested=False, sinceRefreshMs=27047, leftAlt=False/False/False, rightAlt=False/False/False, leftCtrl=True/False/True, rightCtrl=False/False/False, asyncAlt=False/False, asyncCtrl=True/False, capturedKeys=0, capsCaptured=False, otherKeysCount=1, droppedLogs=0.
2026-10-05T20:41:49.9408440+09:00 Hooks registered: generation=32, keyboard=0x6991383, mouse=0x37132F, keyboard callbacks=1064, mouse callbacks=19312.
2026-10-05T20:42:16.9535490+09:00 Hook status (periodic): generation=32, enabled=True, emacsEnabled=True, emacsActive=True, keyboardCallbacks=1064, mouseCallbacks=19691, suppressed=38, injectionFailures=0, refreshRequested=False, sinceRefreshMs=27000, leftAlt=False/False/False, rightAlt=False/False/False, leftCtrl=False/False/False, rightCtrl=False/False/False, asyncAlt=False/False, asyncCtrl=False/False, capturedKeys=0, capsCaptured=False, otherKeysCount=0, droppedLogs=0.
2026-10-05T20:42:20.9532059+09:00 Hooks registered: generation=33, keyboard=0x99112D7, mouse=0x3EB111B, keyboard callbacks=1090, mouse callbacks=19693.
2026-10-05T20:42:46.9497042+09:00 Hook status (periodic): generation=33, enabled=True, emacsEnabled=True, emacsActive=True, keyboardCallbacks=1150, mouseCallbacks=19693, suppressed=40, injectionFailures=0, refreshRequested=False, sinceRefreshMs=26000, leftAlt=False/False/False, rightAlt=False/False/False, leftCtrl=False/False/False, rightCtrl=False/False/False, asyncAlt=False/False, asyncCtrl=False/False, capturedKeys=0, capsCaptured=False, otherKeysCount=0, droppedLogs=0.
2026-10-05T20:42:50.9479608+09:00 Hooks registered: generation=34, keyboard=0x8330947, mouse=0x417132B, keyboard callbacks=1150, mouse callbacks=19693.
2026-10-05T20:43:16.9552362+09:00 Hook status (periodic): generation=34, enabled=True, emacsEnabled=True, emacsActive=True, keyboardCallbacks=1198, mouseCallbacks=19923, suppressed=40, injectionFailures=0, refreshRequested=False, sinceRefreshMs=26000, leftAlt=False/False/False, rightAlt=False/False/False, leftCtrl=False/False/False, rightCtrl=False/False/False, asyncAlt=False/False, asyncCtrl=False/False, capturedKeys=0, capsCaptured=False, otherKeysCount=0, droppedLogs=0.
2026-10-05T20:43:20.9528534+09:00 Hooks registered: generation=35, keyboard=0x6B010C5, mouse=0x10780EF1, keyboard callbacks=1198, mouse callbacks=19923.
2026-10-05T20:43:46.9734743+09:00 Hook status (periodic): generation=35, enabled=True, emacsEnabled=True, emacsActive=True, keyboardCallbacks=1266, mouseCallbacks=20094, suppressed=42, injectionFailures=0, refreshRequested=False, sinceRefreshMs=26031, leftAlt=False/False/False, rightAlt=False/False/False, leftCtrl=False/False/False, rightCtrl=False/False/False, asyncAlt=False/False, asyncCtrl=False/False, capturedKeys=0, capsCaptured=False, otherKeysCount=0, droppedLogs=0.
2026-10-05T20:43:50.9811032+09:00 Hooks registered: generation=36, keyboard=0xC71241, mouse=0x31514FB, keyboard callbacks=1266, mouse callbacks=20094.
2026-10-05T20:44:16.9854334+09:00 Hook status (periodic): generation=36, enabled=True, emacsEnabled=True, emacsActive=True, keyboardCallbacks=1266, mouseCallbacks=20094, suppressed=42, injectionFailures=0, refreshRequested=False, sinceRefreshMs=26000, leftAlt=False/False/False, rightAlt=False/False/False, leftCtrl=False/False/False, rightCtrl=False/False/False, asyncAlt=False/False, asyncCtrl=False/False, capturedKeys=0, capsCaptured=False, otherKeysCount=0, droppedLogs=0.
2026-10-05T20:44:20.9747946+09:00 Hooks registered: generation=37, keyboard=0xE004D, mouse=0x70B11E9, keyboard callbacks=1266, mouse callbacks=20094.
2026-10-05T20:44:46.9806131+09:00 Hook status (periodic): generation=37, enabled=True, emacsEnabled=True, emacsActive=True, keyboardCallbacks=1274, mouseCallbacks=20418, suppressed=42, injectionFailures=0, refreshRequested=False, sinceRefreshMs=26000, leftAlt=False/False/False, rightAlt=False/False/False, leftCtrl=False/False/False, rightCtrl=False/False/False, asyncAlt=False/False, asyncCtrl=False/False, capturedKeys=0, capsCaptured=False, otherKeysCount=0, droppedLogs=0.
2026-10-05T20:44:51.9857862+09:00 Hooks registered: generation=38, keyboard=0x4101403, mouse=0xCF03AD, keyboard callbacks=1274, mouse callbacks=20636.
2026-10-05T20:45:16.9785092+09:00 Hook status (periodic): generation=38, enabled=True, emacsEnabled=True, emacsActive=True, keyboardCallbacks=1376, mouseCallbacks=20687, suppressed=48, injectionFailures=0, refreshRequested=False, sinceRefreshMs=25000, leftAlt=False/False/False, rightAlt=False/False/False, leftCtrl=False/False/False, rightCtrl=False/False/False, asyncAlt=False/False, asyncCtrl=False/False, capturedKeys=0, capsCaptured=False, otherKeysCount=0, droppedLogs=0.
2026-10-05T20:45:22.9866268+09:00 Hooks registered: generation=39, keyboard=0x2ED02F5, mouse=0x2D10B05, keyboard callbacks=1386, mouse callbacks=20775.
2026-10-05T20:45:47.0015456+09:00 Hook status (periodic): generation=39, enabled=True, emacsEnabled=True, emacsActive=True, keyboardCallbacks=1396, mouseCallbacks=20775, suppressed=48, injectionFailures=0, refreshRequested=False, sinceRefreshMs=24016, leftAlt=False/False/False, rightAlt=False/False/False, leftCtrl=False/False/False, rightCtrl=False/False/False, asyncAlt=False/False, asyncCtrl=False/False, capturedKeys=0, capsCaptured=False, otherKeysCount=0, droppedLogs=0.
2026-10-05T20:45:53.0001596+09:00 Hooks registered: generation=40, keyboard=0xC21091, mouse=0x249096D, keyboard callbacks=1416, mouse callbacks=20775.
2026-10-05T20:46:17.0030364+09:00 Hook status (periodic): generation=40, enabled=True, emacsEnabled=True, emacsActive=True, keyboardCallbacks=1456, mouseCallbacks=20775, suppressed=50, injectionFailures=0, refreshRequested=False, sinceRefreshMs=24016, leftAlt=False/False/False, rightAlt=False/False/False, leftCtrl=False/False/False, rightCtrl=False/False/False, asyncAlt=False/False, asyncCtrl=False/False, capturedKeys=0, capsCaptured=False, otherKeysCount=0, droppedLogs=0.
2026-10-05T20:46:23.0069234+09:00 Hooks registered: generation=41, keyboard=0x33F117D, mouse=0x2F81231, keyboard callbacks=1460, mouse callbacks=20775.
2026-10-05T20:46:47.0118221+09:00 Hook status (periodic): generation=41, enabled=True, emacsEnabled=True, emacsActive=True, keyboardCallbacks=1540, mouseCallbacks=20775, suppressed=50, injectionFailures=0, refreshRequested=False, sinceRefreshMs=24000, leftAlt=False/False/False, rightAlt=False/False/False, leftCtrl=False/False/False, rightCtrl=False/False/False, asyncAlt=False/False, asyncCtrl=False/False, capturedKeys=0, capsCaptured=False, otherKeysCount=0, droppedLogs=0.
2026-10-05T20:46:56.0078504+09:00 Hooks registered: generation=42, keyboard=0x39C1139, mouse=0x43D11BD, keyboard callbacks=1570, mouse callbacks=20775.
2026-10-05T20:47:17.0240012+09:00 Hook status (periodic): generation=42, enabled=True, emacsEnabled=True, emacsActive=True, keyboardCallbacks=1570, mouseCallbacks=20775, suppressed=50, injectionFailures=0, refreshRequested=False, sinceRefreshMs=21015, leftAlt=False/False/False, rightAlt=False/False/False, leftCtrl=False/False/False, rightCtrl=False/False/False, asyncAlt=False/False, asyncCtrl=False/False, capturedKeys=0, capsCaptured=False, otherKeysCount=0, droppedLogs=0.
2026-10-05T20:47:26.0316996+09:00 Hooks registered: generation=43, keyboard=0x4751233, mouse=0x7861383, keyboard callbacks=1570, mouse callbacks=20775.
2026-10-05T20:47:47.0203557+09:00 Hook status (periodic): generation=43, enabled=True, emacsEnabled=True, emacsActive=True, keyboardCallbacks=1576, mouseCallbacks=20843, suppressed=50, injectionFailures=0, refreshRequested=False, sinceRefreshMs=21000, leftAlt=False/False/False, rightAlt=False/False/False, leftCtrl=False/False/False, rightCtrl=False/False/False, asyncAlt=False/False, asyncCtrl=False/False, capturedKeys=0, capsCaptured=False, otherKeysCount=0, droppedLogs=0.
2026-10-05T20:48:04.0315848+09:00 Hooks registered: generation=44, keyboard=0x3421513, mouse=0x47D11BD, keyboard callbacks=1584, mouse callbacks=21322.
2026-10-05T20:48:17.0308576+09:00 Hook status (periodic): generation=44, enabled=True, emacsEnabled=True, emacsActive=True, keyboardCallbacks=1688, mouseCallbacks=21322, suppressed=52, injectionFailures=0, refreshRequested=False, sinceRefreshMs=13000, leftAlt=False/False/False, rightAlt=False/False/False, leftCtrl=False/False/False, rightCtrl=False/False/False, asyncAlt=False/False, asyncCtrl=False/False, capturedKeys=0, capsCaptured=False, otherKeysCount=0, droppedLogs=0.
2026-10-05T20:48:34.0328569+09:00 Hooks registered: generation=45, keyboard=0x3C712DB, mouse=0x811245, keyboard callbacks=1722, mouse callbacks=21462.
2026-10-05T20:48:47.0218401+09:00 Hook status (periodic): generation=45, enabled=True, emacsEnabled=True, emacsActive=True, keyboardCallbacks=1736, mouseCallbacks=21581, suppressed=54, injectionFailures=0, refreshRequested=False, sinceRefreshMs=13000, leftAlt=False/False/False, rightAlt=False/False/False, leftCtrl=False/False/False, rightCtrl=False/False/False, asyncAlt=False/False, asyncCtrl=False/False, capturedKeys=0, capsCaptured=False, otherKeysCount=0, droppedLogs=0.
2026-10-05T20:49:07.0290701+09:00 Hooks registered: generation=46, keyboard=0x4BB1305, mouse=0x60812D1, keyboard callbacks=1912, mouse callbacks=21581.
2026-10-05T20:49:17.0478503+09:00 Hook status (periodic): generation=46, enabled=True, emacsEnabled=True, emacsActive=True, keyboardCallbacks=1912, mouseCallbacks=21581, suppressed=54, injectionFailures=0, refreshRequested=False, sinceRefreshMs=10016, leftAlt=False/False/False, rightAlt=False/False/False, leftCtrl=False/False/False, rightCtrl=False/False/False, asyncAlt=False/False, asyncCtrl=False/False, capturedKeys=0, capsCaptured=False, otherKeysCount=0, droppedLogs=0.
2026-10-05T20:49:37.0558543+09:00 Hooks registered: generation=47, keyboard=0x5121403, mouse=0x8670CF3, keyboard callbacks=1912, mouse callbacks=21581.
2026-10-05T20:49:47.0532277+09:00 Hook status (periodic): generation=47, enabled=True, emacsEnabled=True, emacsActive=True, keyboardCallbacks=1912, mouseCallbacks=21581, suppressed=54, injectionFailures=0, refreshRequested=False, sinceRefreshMs=10000, leftAlt=False/False/False, rightAlt=False/False/False, leftCtrl=False/False/False, rightCtrl=False/False/False, asyncAlt=False/False, asyncCtrl=False/False, capturedKeys=0, capsCaptured=False, otherKeysCount=0, droppedLogs=0.
2026-10-05T20:50:08.0523199+09:00 Hooks registered: generation=48, keyboard=0x1D41251, mouse=0x36512D3, keyboard callbacks=1912, mouse callbacks=21585.
2026-10-05T20:50:17.0503574+09:00 Hook status (periodic): generation=48, enabled=True, emacsEnabled=True, emacsActive=True, keyboardCallbacks=1932, mouseCallbacks=21808, suppressed=56, injectionFailures=0, refreshRequested=False, sinceRefreshMs=9000, leftAlt=False/False/False, rightAlt=False/False/False, leftCtrl=False/False/False, rightCtrl=False/False/False, asyncAlt=False/False, asyncCtrl=False/False, capturedKeys=0, capsCaptured=False, otherKeysCount=0, droppedLogs=0.
2026-10-05T20:50:38.0643379+09:00 Hooks registered: generation=49, keyboard=0x79E0F3B, mouse=0x766125F, keyboard callbacks=1944, mouse callbacks=21808.
2026-10-05T20:50:47.0631744+09:00 Hook status (periodic): generation=49, enabled=True, emacsEnabled=True, emacsActive=True, keyboardCallbacks=1944, mouseCallbacks=21808, suppressed=56, injectionFailures=0, refreshRequested=False, sinceRefreshMs=9000, leftAlt=False/False/False, rightAlt=False/False/False, leftCtrl=False/False/False, rightCtrl=False/False/False, asyncAlt=False/False, asyncCtrl=False/False, capturedKeys=0, capsCaptured=False, otherKeysCount=0, droppedLogs=0.
2026-10-05T20:51:08.0740328+09:00 Hooks registered: generation=50, keyboard=0x831225, mouse=0xC6A0A9B, keyboard callbacks=1944, mouse callbacks=21808.
2026-10-05T20:51:17.0815560+09:00 Hook status (periodic): generation=50, enabled=True, emacsEnabled=True, emacsActive=True, keyboardCallbacks=1944, mouseCallbacks=21808, suppressed=56, injectionFailures=0, refreshRequested=False, sinceRefreshMs=9016, leftAlt=False/False/False, rightAlt=False/False/False, leftCtrl=False/False/False, rightCtrl=False/False/False, asyncAlt=False/False, asyncCtrl=False/False, capturedKeys=0, capsCaptured=False, otherKeysCount=0, droppedLogs=0.
2026-10-05T20:51:39.0840783+09:00 Hooks registered: generation=51, keyboard=0x6510E3B, mouse=0x1A81215, keyboard callbacks=2052, mouse callbacks=21808.
2026-10-05T20:51:47.0812804+09:00 Hook status (periodic): generation=51, enabled=True, emacsEnabled=True, emacsActive=True, keyboardCallbacks=2052, mouseCallbacks=21808, suppressed=56, injectionFailures=0, refreshRequested=False, sinceRefreshMs=8000, leftAlt=False/False/False, rightAlt=False/False/False, leftCtrl=False/False/False, rightCtrl=False/False/False, asyncAlt=False/False, asyncCtrl=False/False, capturedKeys=0, capsCaptured=False, otherKeysCount=0, droppedLogs=0.
2026-10-05T20:52:09.0842136+09:00 Hooks registered: generation=52, keyboard=0x8CC00D3, mouse=0x359124F, keyboard callbacks=2070, mouse callbacks=22080.
2026-10-05T20:52:17.0834730+09:00 Hook status (periodic): generation=52, enabled=True, emacsEnabled=True, emacsActive=True, keyboardCallbacks=2072, mouseCallbacks=22423, suppressed=56, injectionFailures=0, refreshRequested=False, sinceRefreshMs=8000, leftAlt=False/False/False, rightAlt=False/False/False, leftCtrl=False/False/False, rightCtrl=False/False/False, asyncAlt=False/False, asyncCtrl=False/False, capturedKeys=0, capsCaptured=False, otherKeysCount=0, droppedLogs=0.
2026-10-05T20:52:47.0909182+09:00 Hook status (periodic): generation=52, enabled=True, emacsEnabled=True, emacsActive=True, keyboardCallbacks=2078, mouseCallbacks=23365, suppressed=58, injectionFailures=0, refreshRequested=False, sinceRefreshMs=38000, leftAlt=False/False/False, rightAlt=False/False/False, leftCtrl=False/False/False, rightCtrl=False/False/False, asyncAlt=False/False, asyncCtrl=False/False, capturedKeys=0, capsCaptured=False, otherKeysCount=0, droppedLogs=0.
2026-10-05T20:52:51.0968917+09:00 Hooks registered: generation=53, keyboard=0x19E1225, mouse=0xA13BB, keyboard callbacks=2082, mouse callbacks=23457.
2026-10-05T20:53:17.0976613+09:00 Hook status (periodic): generation=53, enabled=True, emacsEnabled=True, emacsActive=True, keyboardCallbacks=2082, mouseCallbacks=24170, suppressed=58, injectionFailures=0, refreshRequested=False, sinceRefreshMs=26000, leftAlt=False/False/False, rightAlt=False/False/False, leftCtrl=False/False/False, rightCtrl=False/False/False, asyncAlt=False/False, asyncCtrl=False/False, capturedKeys=0, capsCaptured=False, otherKeysCount=0, droppedLogs=0.
2026-10-05T20:53:21.1121942+09:00 Hooks registered: generation=54, keyboard=0x75811E9, mouse=0x1CF1091, keyboard callbacks=2082, mouse callbacks=24170.
2026-10-05T20:53:47.1069175+09:00 Hook status (periodic): generation=54, enabled=True, emacsEnabled=True, emacsActive=True, keyboardCallbacks=2086, mouseCallbacks=24456, suppressed=58, injectionFailures=0, refreshRequested=False, sinceRefreshMs=26000, leftAlt=False/False/False, rightAlt=False/False/False, leftCtrl=False/False/False, rightCtrl=False/False/False, asyncAlt=False/False, asyncCtrl=False/False, capturedKeys=0, capsCaptured=False, otherKeysCount=0, droppedLogs=0.
2026-10-05T20:53:51.1008325+09:00 Hooks registered: generation=55, keyboard=0x2A91063, mouse=0x27013AD, keyboard callbacks=2086, mouse callbacks=24456.
2026-10-05T20:54:17.1153430+09:00 Hook status (periodic): generation=55, enabled=True, emacsEnabled=True, emacsActive=True, keyboardCallbacks=2208, mouseCallbacks=24560, suppressed=60, injectionFailures=0, refreshRequested=False, sinceRefreshMs=26016, leftAlt=False/False/False, rightAlt=False/False/False, leftCtrl=False/False/False, rightCtrl=False/False/False, asyncAlt=False/False, asyncCtrl=False/False, capturedKeys=0, capsCaptured=False, otherKeysCount=0, droppedLogs=0.
2026-10-05T20:54:21.1260289+09:00 Hooks registered: generation=56, keyboard=0x2AA13AF, mouse=0x1B41099, keyboard callbacks=2208, mouse callbacks=24560.
2026-10-05T20:54:47.1395770+09:00 Hook status (periodic): generation=56, enabled=True, emacsEnabled=True, emacsActive=True, keyboardCallbacks=2208, mouseCallbacks=24560, suppressed=60, injectionFailures=0, refreshRequested=False, sinceRefreshMs=26016, leftAlt=False/False/False, rightAlt=False/False/False, leftCtrl=False/False/False, rightCtrl=False/False/False, asyncAlt=False/False, asyncCtrl=False/False, capturedKeys=0, capsCaptured=False, otherKeysCount=0, droppedLogs=0.
2026-10-05T20:54:51.1425003+09:00 Hooks registered: generation=57, keyboard=0x4331139, mouse=0x13200DB, keyboard callbacks=2208, mouse callbacks=24560.
2026-10-05T20:55:17.1388473+09:00 Hook status (periodic): generation=57, enabled=True, emacsEnabled=True, emacsActive=True, keyboardCallbacks=2222, mouseCallbacks=24618, suppressed=62, injectionFailures=0, refreshRequested=False, sinceRefreshMs=26000, leftAlt=False/False/False, rightAlt=False/False/False, leftCtrl=False/False/False, rightCtrl=False/False/False, asyncAlt=False/False, asyncCtrl=False/False, capturedKeys=0, capsCaptured=False, otherKeysCount=0, droppedLogs=0.
2026-10-05T20:55:22.1379637+09:00 Hooks registered: generation=58, keyboard=0x5D109B, mouse=0x5000427, keyboard callbacks=2222, mouse callbacks=24693.
2026-10-05T20:55:47.1578690+09:00 Hook status (periodic): generation=58, enabled=True, emacsEnabled=True, emacsActive=True, keyboardCallbacks=2282, mouseCallbacks=25140, suppressed=68, injectionFailures=0, refreshRequested=False, sinceRefreshMs=25015, leftAlt=False/False/False, rightAlt=False/False/False, leftCtrl=False/False/False, rightCtrl=False/False/False, asyncAlt=False/False, asyncCtrl=False/False, capturedKeys=0, capsCaptured=False, otherKeysCount=0, droppedLogs=0.
2026-10-05T20:55:52.1546633+09:00 Hooks registered: generation=59, keyboard=0x4B710B3, mouse=0xEF122B, keyboard callbacks=2282, mouse callbacks=25140.
2026-10-05T20:56:17.1747455+09:00 Hook status (periodic): generation=59, enabled=True, emacsEnabled=True, emacsActive=True, keyboardCallbacks=2282, mouseCallbacks=25403, suppressed=68, injectionFailures=0, refreshRequested=False, sinceRefreshMs=25032, leftAlt=False/False/False, rightAlt=False/False/False, leftCtrl=False/False/False, rightCtrl=False/False/False, asyncAlt=False/False, asyncCtrl=False/False, capturedKeys=0, capsCaptured=False, otherKeysCount=0, droppedLogs=0.
2026-10-05T20:56:24.1779438+09:00 Hooks registered: generation=60, keyboard=0xB813BD, mouse=0x85C125F, keyboard callbacks=2282, mouse callbacks=25539.
2026-10-05T20:56:47.2034972+09:00 Hook status (periodic): generation=60, enabled=True, emacsEnabled=True, emacsActive=True, keyboardCallbacks=2288, mouseCallbacks=25824, suppressed=70, injectionFailures=0, refreshRequested=False, sinceRefreshMs=23015, leftAlt=False/False/False, rightAlt=False/False/False, leftCtrl=False/False/False, rightCtrl=False/False/False, asyncAlt=False/False, asyncCtrl=False/False, capturedKeys=0, capsCaptured=False, otherKeysCount=0, droppedLogs=0.
2026-10-05T20:56:54.2131819+09:00 Hooks registered: generation=61, keyboard=0xCE20F3B, mouse=0xEC40F7D, keyboard callbacks=2288, mouse callbacks=25915.
2026-10-05T20:57:17.2077071+09:00 Hook status (periodic): generation=61, enabled=True, emacsEnabled=True, emacsActive=True, keyboardCallbacks=2312, mouseCallbacks=26549, suppressed=74, injectionFailures=0, refreshRequested=False, sinceRefreshMs=23000, leftAlt=False/False/False, rightAlt=False/False/False, leftCtrl=False/False/False, rightCtrl=False/False/False, asyncAlt=False/False, asyncCtrl=False/False, capturedKeys=0, capsCaptured=False, otherKeysCount=0, droppedLogs=0.
2026-10-05T20:57:25.2081241+09:00 Hooks registered: generation=62, keyboard=0x45D14FB, mouse=0x1AD00DB, keyboard callbacks=2312, mouse callbacks=26772.
2026-10-05T20:57:47.2362024+09:00 Hook status (periodic): generation=62, enabled=True, emacsEnabled=True, emacsActive=True, keyboardCallbacks=2312, mouseCallbacks=27000, suppressed=74, injectionFailures=0, refreshRequested=False, sinceRefreshMs=22015, leftAlt=False/False/False, rightAlt=False/False/False, leftCtrl=False/False/False, rightCtrl=False/False/False, asyncAlt=False/False, asyncCtrl=False/False, capturedKeys=0, capsCaptured=False, otherKeysCount=0, droppedLogs=0.
2026-10-05T20:57:55.2264819+09:00 Hooks registered: generation=63, keyboard=0xA1D0CF3, mouse=0x21D1227, keyboard callbacks=2312, mouse callbacks=27168.
2026-10-05T20:58:17.2237932+09:00 Hook status (periodic): generation=63, enabled=True, emacsEnabled=True, emacsActive=True, keyboardCallbacks=2312, mouseCallbacks=27743, suppressed=74, injectionFailures=0, refreshRequested=False, sinceRefreshMs=22000, leftAlt=False/False/False, rightAlt=False/False/False, leftCtrl=False/False/False, rightCtrl=False/False/False, asyncAlt=False/False, asyncCtrl=False/False, capturedKeys=0, capsCaptured=False, otherKeysCount=0, droppedLogs=0.
2026-10-05T20:58:25.2282295+09:00 Hooks registered: generation=64, keyboard=0xDAD0A9B, mouse=0x68A108F, keyboard callbacks=2312, mouse callbacks=27743.
2026-10-05T20:58:47.2301057+09:00 Hook status (periodic): generation=64, enabled=True, emacsEnabled=True, emacsActive=True, keyboardCallbacks=2410, mouseCallbacks=27745, suppressed=74, injectionFailures=0, refreshRequested=False, sinceRefreshMs=22000, leftAlt=False/False/False, rightAlt=False/False/False, leftCtrl=False/False/False, rightCtrl=False/False/False, asyncAlt=False/False, asyncCtrl=False/False, capturedKeys=0, capsCaptured=False, otherKeysCount=0, droppedLogs=0.
2026-10-05T20:58:55.2256910+09:00 Hooks registered: generation=65, keyboard=0x1C91229, mouse=0x33A09B7, keyboard callbacks=2410, mouse callbacks=27745.
2026-10-05T20:59:17.2336529+09:00 Hook status (periodic): generation=65, enabled=True, emacsEnabled=True, emacsActive=True, keyboardCallbacks=2410, mouseCallbacks=27745, suppressed=74, injectionFailures=0, refreshRequested=False, sinceRefreshMs=22000, leftAlt=False/False/False, rightAlt=False/False/False, leftCtrl=False/False/False, rightCtrl=False/False/False, asyncAlt=False/False, asyncCtrl=False/False, capturedKeys=0, capsCaptured=False, otherKeysCount=0, droppedLogs=0.
2026-10-05T20:59:26.2222996+09:00 Hooks registered: generation=66, keyboard=0xE620A9B, mouse=0x65D1091, keyboard callbacks=2410, mouse callbacks=27950.
2026-10-05T20:59:47.2264763+09:00 Hook status (periodic): generation=66, enabled=True, emacsEnabled=True, emacsActive=True, keyboardCallbacks=2410, mouseCallbacks=28276, suppressed=74, injectionFailures=0, refreshRequested=False, sinceRefreshMs=21000, leftAlt=False/False/False, rightAlt=False/False/False, leftCtrl=False/False/False, rightCtrl=False/False/False, asyncAlt=False/False, asyncCtrl=False/False, capturedKeys=0, capsCaptured=False, otherKeysCount=0, droppedLogs=0.
2026-10-05T20:59:56.2278600+09:00 Hooks registered: generation=67, keyboard=0x10909B9, mouse=0x548124D, keyboard callbacks=2410, mouse callbacks=28603.
2026-10-05T21:00:17.2253025+09:00 Hook status (periodic): generation=67, enabled=True, emacsEnabled=True, emacsActive=True, keyboardCallbacks=2410, mouseCallbacks=28628, suppressed=74, injectionFailures=0, refreshRequested=False, sinceRefreshMs=21000, leftAlt=False/False/False, rightAlt=False/False/False, leftCtrl=False/False/False, rightCtrl=False/False/False, asyncAlt=False/False, asyncCtrl=False/False, capturedKeys=0, capsCaptured=False, otherKeysCount=0, droppedLogs=0.
2026-10-05T21:00:29.2341263+09:00 Hooks registered: generation=68, keyboard=0x782108F, mouse=0x3E70F87, keyboard callbacks=2410, mouse callbacks=29040.
2026-10-05T21:00:47.2239620+09:00 Hook status (periodic): generation=68, enabled=True, emacsEnabled=True, emacsActive=True, keyboardCallbacks=2414, mouseCallbacks=29209, suppressed=74, injectionFailures=0, refreshRequested=False, sinceRefreshMs=18000, leftAlt=False/False/False, rightAlt=False/False/False, leftCtrl=False/False/False, rightCtrl=False/False/False, asyncAlt=False/False, asyncCtrl=False/False, capturedKeys=0, capsCaptured=False, otherKeysCount=0, droppedLogs=0.
2026-10-05T21:01:03.2242570+09:00 Hooks registered: generation=69, keyboard=0x662117D, mouse=0x1FB121F, keyboard callbacks=2414, mouse callbacks=29588.
2026-10-05T21:01:17.2271689+09:00 Hook status (periodic): generation=69, enabled=True, emacsEnabled=True, emacsActive=True, keyboardCallbacks=2414, mouseCallbacks=29668, suppressed=74, injectionFailures=0, refreshRequested=False, sinceRefreshMs=14000, leftAlt=False/False/False, rightAlt=False/False/False, leftCtrl=False/False/False, rightCtrl=False/False/False, asyncAlt=False/False, asyncCtrl=False/False, capturedKeys=0, capsCaptured=False, otherKeysCount=0, droppedLogs=0.
2026-10-05T21:01:47.2330990+09:00 Hook status (periodic): generation=69, enabled=True, emacsEnabled=True, emacsActive=True, keyboardCallbacks=2492, mouseCallbacks=30118, suppressed=78, injectionFailures=0, refreshRequested=False, sinceRefreshMs=44000, leftAlt=False/False/False, rightAlt=False/False/False, leftCtrl=False/False/False, rightCtrl=False/False/False, asyncAlt=False/False, asyncCtrl=False/False, capturedKeys=0, capsCaptured=False, otherKeysCount=0, droppedLogs=0.
2026-10-05T21:01:54.2263583+09:00 Hooks registered: generation=70, keyboard=0x9CC14FB, mouse=0x7B809B7, keyboard callbacks=2492, mouse callbacks=30332.
2026-10-05T21:02:17.2299339+09:00 Hook status (periodic): generation=70, enabled=True, emacsEnabled=True, emacsActive=True, keyboardCallbacks=2514, mouseCallbacks=30895, suppressed=78, injectionFailures=0, refreshRequested=False, sinceRefreshMs=23000, leftAlt=False/False/False, rightAlt=False/False/False, leftCtrl=False/False/False, rightCtrl=False/False/False, asyncAlt=False/False, asyncCtrl=False/False, capturedKeys=0, capsCaptured=False, otherKeysCount=0, droppedLogs=0.
2026-10-05T21:02:47.2473973+09:00 Hook status (periodic): generation=70, enabled=True, emacsEnabled=True, emacsActive=True, keyboardCallbacks=2544, mouseCallbacks=31703, suppressed=80, injectionFailures=0, refreshRequested=False, sinceRefreshMs=53016, leftAlt=False/False/False, rightAlt=False/False/False, leftCtrl=False/False/False, rightCtrl=False/False/False, asyncAlt=False/False, asyncCtrl=False/False, capturedKeys=0, capsCaptured=False, otherKeysCount=0, droppedLogs=0.
2026-10-05T21:02:52.2394541+09:00 Hooks registered: generation=71, keyboard=0xFC20947, mouse=0x381121F, keyboard callbacks=2544, mouse callbacks=31827.
2026-10-05T21:03:17.2425018+09:00 Hook status (periodic): generation=71, enabled=True, emacsEnabled=True, emacsActive=True, keyboardCallbacks=2544, mouseCallbacks=32516, suppressed=80, injectionFailures=0, refreshRequested=False, sinceRefreshMs=25000, leftAlt=False/False/False, rightAlt=False/False/False, leftCtrl=False/False/False, rightCtrl=False/False/False, asyncAlt=False/False, asyncCtrl=False/False, capturedKeys=0, capsCaptured=False, otherKeysCount=0, droppedLogs=0.
2026-10-05T21:03:25.2498838+09:00 Hooks registered: generation=72, keyboard=0x3311393, mouse=0x1AA60A41, keyboard callbacks=2544, mouse callbacks=32642.
2026-10-05T21:03:47.2658833+09:00 Hook status (periodic): generation=72, enabled=True, emacsEnabled=True, emacsActive=True, keyboardCallbacks=2544, mouseCallbacks=33231, suppressed=80, injectionFailures=0, refreshRequested=False, sinceRefreshMs=22016, leftAlt=False/False/False, rightAlt=False/False/False, leftCtrl=False/False/False, rightCtrl=False/False/False, asyncAlt=False/False, asyncCtrl=False/False, capturedKeys=0, capsCaptured=False, otherKeysCount=0, droppedLogs=0.
2026-10-05T21:04:02.2653877+09:00 Hooks registered: generation=73, keyboard=0x4BC0F55, mouse=0x8BE108F, keyboard callbacks=2552, mouse callbacks=33742.
2026-10-05T21:04:17.2561853+09:00 Hook status (periodic): generation=73, enabled=True, emacsEnabled=True, emacsActive=True, keyboardCallbacks=2653, mouseCallbacks=33742, suppressed=80, injectionFailures=0, refreshRequested=False, sinceRefreshMs=15000, leftAlt=False/False/False, rightAlt=False/False/False, leftCtrl=False/False/False, rightCtrl=False/False/False, asyncAlt=False/False, asyncCtrl=False/False, capturedKeys=0, capsCaptured=False, otherKeysCount=1, droppedLogs=0.
2026-10-05T21:04:32.2555414+09:00 Hooks registered: generation=74, keyboard=0xBB0973, mouse=0x152107B, keyboard callbacks=2682, mouse callbacks=33742.
2026-10-05T21:04:47.2981483+09:00 Hook status (periodic): generation=74, enabled=True, emacsEnabled=True, emacsActive=True, keyboardCallbacks=2690, mouseCallbacks=33742, suppressed=80, injectionFailures=0, refreshRequested=False, sinceRefreshMs=15031, leftAlt=False/False/False, rightAlt=False/False/False, leftCtrl=False/False/False, rightCtrl=False/False/False, asyncAlt=False/False, asyncCtrl=False/False, capturedKeys=0, capsCaptured=False, otherKeysCount=0, droppedLogs=0.
2026-10-05T21:05:17.2953864+09:00 Hook status (periodic): generation=74, enabled=True, emacsEnabled=True, emacsActive=True, keyboardCallbacks=2742, mouseCallbacks=34539, suppressed=80, injectionFailures=0, refreshRequested=False, sinceRefreshMs=45031, leftAlt=False/False/False, rightAlt=False/False/False, leftCtrl=False/False/False, rightCtrl=False/False/False, asyncAlt=False/False, asyncCtrl=False/False, capturedKeys=0, capsCaptured=False, otherKeysCount=0, droppedLogs=0.
2026-10-05T21:05:33.3064007+09:00 Hooks registered: generation=75, keyboard=0x3FD09BB, mouse=0x14C1453, keyboard callbacks=2814, mouse callbacks=34682.
2026-10-05T21:05:47.3279423+09:00 Hook status (periodic): generation=75, enabled=True, emacsEnabled=True, emacsActive=True, keyboardCallbacks=2820, mouseCallbacks=35271, suppressed=82, injectionFailures=0, refreshRequested=False, sinceRefreshMs=14015, leftAlt=False/False/False, rightAlt=False/False/False, leftCtrl=False/False/False, rightCtrl=False/False/False, asyncAlt=False/False, asyncCtrl=False/False, capturedKeys=0, capsCaptured=False, otherKeysCount=0, droppedLogs=0.
2026-10-05T21:06:17.3190820+09:00 Hook status (periodic): generation=75, enabled=True, emacsEnabled=True, emacsActive=True, keyboardCallbacks=2834, mouseCallbacks=36291, suppressed=86, injectionFailures=0, refreshRequested=False, sinceRefreshMs=44015, leftAlt=False/False/False, rightAlt=False/False/False, leftCtrl=False/False/False, rightCtrl=False/False/False, asyncAlt=False/False, asyncCtrl=False/False, capturedKeys=0, capsCaptured=False, otherKeysCount=0, droppedLogs=0.
2026-10-05T21:06:47.3386375+09:00 Hook status (periodic): generation=75, enabled=True, emacsEnabled=True, emacsActive=True, keyboardCallbacks=2834, mouseCallbacks=37133, suppressed=86, injectionFailures=0, refreshRequested=False, sinceRefreshMs=74031, leftAlt=False/False/False, rightAlt=False/False/False, leftCtrl=False/False/False, rightCtrl=False/False/False, asyncAlt=False/False, asyncCtrl=False/False, capturedKeys=0, capsCaptured=False, otherKeysCount=0, droppedLogs=0.
2026-10-05T21:07:17.3454927+09:00 Hook status (periodic): generation=75, enabled=True, emacsEnabled=True, emacsActive=True, keyboardCallbacks=2834, mouseCallbacks=37604, suppressed=86, injectionFailures=0, refreshRequested=False, sinceRefreshMs=104031, leftAlt=False/False/False, rightAlt=False/False/False, leftCtrl=False/False/False, rightCtrl=False/False/False, asyncAlt=False/False, asyncCtrl=False/False, capturedKeys=0, capsCaptured=False, otherKeysCount=0, droppedLogs=0.
2026-10-05T21:07:19.3379571+09:00 Hooks registered: generation=76, keyboard=0x12A310BB, mouse=0x76B1275, keyboard callbacks=2834, mouse callbacks=37604.
2026-10-05T21:07:47.3337923+09:00 Hook status (periodic): generation=76, enabled=True, emacsEnabled=True, emacsActive=True, keyboardCallbacks=2834, mouseCallbacks=38821, suppressed=86, injectionFailures=0, refreshRequested=False, sinceRefreshMs=28000, leftAlt=False/False/False, rightAlt=False/False/False, leftCtrl=False/False/False, rightCtrl=False/False/False, asyncAlt=False/False, asyncCtrl=False/False, capturedKeys=0, capsCaptured=False, otherKeysCount=0, droppedLogs=0.
2026-10-05T21:07:49.3464350+09:00 Hooks registered: generation=77, keyboard=0x6610DAF, mouse=0x3910985, keyboard callbacks=2834, mouse callbacks=38847.
2026-10-05T21:08:17.3373453+09:00 Hook status (periodic): generation=77, enabled=True, emacsEnabled=True, emacsActive=True, keyboardCallbacks=2834, mouseCallbacks=39611, suppressed=86, injectionFailures=0, refreshRequested=False, sinceRefreshMs=28000, leftAlt=False/False/False, rightAlt=False/False/False, leftCtrl=False/False/False, rightCtrl=False/False/False, asyncAlt=False/False, asyncCtrl=False/False, capturedKeys=0, capsCaptured=False, otherKeysCount=0, droppedLogs=0.
2026-10-05T21:08:19.3326436+09:00 Hooks registered: generation=78, keyboard=0xF0B0A9B, mouse=0xBB5117D, keyboard callbacks=2834, mouse callbacks=39611.
2026-10-05T21:08:47.3450468+09:00 Hook status (periodic): generation=78, enabled=True, emacsEnabled=True, emacsActive=True, keyboardCallbacks=2834, mouseCallbacks=39874, suppressed=86, injectionFailures=0, refreshRequested=False, sinceRefreshMs=28000, leftAlt=False/False/False, rightAlt=False/False/False, leftCtrl=False/False/False, rightCtrl=False/False/False, asyncAlt=False/False, asyncCtrl=False/False, capturedKeys=0, capsCaptured=False, otherKeysCount=0, droppedLogs=0.
2026-10-05T21:08:49.3451061+09:00 Hooks registered: generation=79, keyboard=0x45097F, mouse=0x823115B, keyboard callbacks=2834, mouse callbacks=39874.
2026-10-05T21:09:17.3521871+09:00 Hook status (periodic): generation=79, enabled=True, emacsEnabled=True, emacsActive=True, keyboardCallbacks=2834, mouseCallbacks=40274, suppressed=86, injectionFailures=0, refreshRequested=False, sinceRefreshMs=28015, leftAlt=False/False/False, rightAlt=False/False/False, leftCtrl=False/False/False, rightCtrl=False/False/False, asyncAlt=False/False, asyncCtrl=False/False, capturedKeys=0, capsCaptured=False, otherKeysCount=0, droppedLogs=0.
2026-10-05T21:09:19.3501305+09:00 Hooks registered: generation=80, keyboard=0x4D1121F, mouse=0xB58010D, keyboard callbacks=2834, mouse callbacks=40274.
2026-10-05T21:09:47.3565034+09:00 Hook status (periodic): generation=80, enabled=True, emacsEnabled=True, emacsActive=True, keyboardCallbacks=2834, mouseCallbacks=40981, suppressed=86, injectionFailures=0, refreshRequested=False, sinceRefreshMs=28000, leftAlt=False/False/False, rightAlt=False/False/False, leftCtrl=False/False/False, rightCtrl=False/False/False, asyncAlt=False/False, asyncCtrl=False/False, capturedKeys=0, capsCaptured=False, otherKeysCount=0, droppedLogs=0.
2026-10-05T21:09:58.3500034+09:00 Hooks registered: generation=81, keyboard=0x2C3144D, mouse=0x7820DAF, keyboard callbacks=2834, mouse callbacks=41465.
2026-10-05T21:10:17.3490514+09:00 Hook status (periodic): generation=81, enabled=True, emacsEnabled=True, emacsActive=True, keyboardCallbacks=2834, mouseCallbacks=41891, suppressed=86, injectionFailures=0, refreshRequested=False, sinceRefreshMs=19000, leftAlt=False/False/False, rightAlt=False/False/False, leftCtrl=False/False/False, rightCtrl=False/False/False, asyncAlt=False/False, asyncCtrl=False/False, capturedKeys=0, capsCaptured=False, otherKeysCount=0, droppedLogs=0.
2026-10-05T21:10:46.3718008+09:00 Hooks registered: generation=82, keyboard=0x714A7, mouse=0xB1B021B, keyboard callbacks=2834, mouse callbacks=43118.
2026-10-05T21:10:47.3652969+09:00 Hook status (periodic): generation=82, enabled=True, emacsEnabled=True, emacsActive=True, keyboardCallbacks=2834, mouseCallbacks=43118, suppressed=86, injectionFailures=0, refreshRequested=False, sinceRefreshMs=1000, leftAlt=False/False/False, rightAlt=False/False/False, leftCtrl=False/False/False, rightCtrl=False/False/False, asyncAlt=False/False, asyncCtrl=False/False, capturedKeys=0, capsCaptured=False, otherKeysCount=0, droppedLogs=0.
2026-10-05T21:11:17.3746998+09:00 Hook status (periodic): generation=82, enabled=True, emacsEnabled=True, emacsActive=True, keyboardCallbacks=2870, mouseCallbacks=43840, suppressed=86, injectionFailures=0, refreshRequested=False, sinceRefreshMs=31000, leftAlt=False/False/False, rightAlt=False/False/False, leftCtrl=False/False/False, rightCtrl=False/False/False, asyncAlt=False/False, asyncCtrl=False/False, capturedKeys=0, capsCaptured=False, otherKeysCount=0, droppedLogs=0.
2026-10-05T21:11:21.3695808+09:00 Hooks registered: generation=83, keyboard=0x231459, mouse=0x36D1515, keyboard callbacks=2870, mouse callbacks=44148.
2026-10-05T21:11:47.3621271+09:00 Hook status (periodic): generation=83, enabled=True, emacsEnabled=True, emacsActive=True, keyboardCallbacks=2870, mouseCallbacks=44959, suppressed=86, injectionFailures=0, refreshRequested=False, sinceRefreshMs=26000, leftAlt=False/False/False, rightAlt=False/False/False, leftCtrl=False/False/False, rightCtrl=False/False/False, asyncAlt=False/False, asyncCtrl=False/False, capturedKeys=0, capsCaptured=False, otherKeysCount=0, droppedLogs=0.
2026-10-05T21:11:59.3634507+09:00 Hooks registered: generation=84, keyboard=0xE120F83, mouse=0x641419, keyboard callbacks=2870, mouse callbacks=45633.
2026-10-05T21:12:17.3821678+09:00 Hook status (periodic): generation=84, enabled=True, emacsEnabled=True, emacsActive=True, keyboardCallbacks=2870, mouseCallbacks=46110, suppressed=86, injectionFailures=0, refreshRequested=False, sinceRefreshMs=18016, leftAlt=False/False/False, rightAlt=False/False/False, leftCtrl=False/False/False, rightCtrl=False/False/False, asyncAlt=False/False, asyncCtrl=False/False, capturedKeys=0, capsCaptured=False, otherKeysCount=0, droppedLogs=0.
2026-10-05T21:12:35.3825347+09:00 Hooks registered: generation=85, keyboard=0xF2A155F, mouse=0x4C1489, keyboard callbacks=2870, mouse callbacks=46665.
2026-10-05T21:12:47.3866968+09:00 Hook status (periodic): generation=85, enabled=True, emacsEnabled=True, emacsActive=True, keyboardCallbacks=2870, mouseCallbacks=46870, suppressed=86, injectionFailures=0, refreshRequested=False, sinceRefreshMs=12000, leftAlt=False/False/False, rightAlt=False/False/False, leftCtrl=False/False/False, rightCtrl=False/False/False, asyncAlt=False/False, asyncCtrl=False/False, capturedKeys=0, capsCaptured=False, otherKeysCount=0, droppedLogs=0.
2026-10-05T21:13:05.3857139+09:00 Hooks registered: generation=86, keyboard=0xFE157F, mouse=0x3A10369, keyboard callbacks=2870, mouse callbacks=47315.
2026-10-05T21:13:17.3908423+09:00 Hook status (periodic): generation=86, enabled=True, emacsEnabled=True, emacsActive=True, keyboardCallbacks=2870, mouseCallbacks=47315, suppressed=86, injectionFailures=0, refreshRequested=False, sinceRefreshMs=12000, leftAlt=False/False/False, rightAlt=False/False/False, leftCtrl=False/False/False, rightCtrl=False/False/False, asyncAlt=False/False, asyncCtrl=False/False, capturedKeys=0, capsCaptured=False, otherKeysCount=0, droppedLogs=0.
2026-10-05T21:13:35.3823537+09:00 Hooks registered: generation=87, keyboard=0x134141B, mouse=0xBB13EB, keyboard callbacks=2870, mouse callbacks=47315.
2026-10-05T21:13:47.3788049+09:00 Hook status (periodic): generation=87, enabled=True, emacsEnabled=True, emacsActive=True, keyboardCallbacks=2870, mouseCallbacks=47315, suppressed=86, injectionFailures=0, refreshRequested=False, sinceRefreshMs=12000, leftAlt=False/False/False, rightAlt=False/False/False, leftCtrl=False/False/False, rightCtrl=False/False/False, asyncAlt=False/False, asyncCtrl=False/False, capturedKeys=0, capsCaptured=False, otherKeysCount=0, droppedLogs=0.
2026-10-05T21:14:06.4110003+09:00 Hooks registered: generation=88, keyboard=0x15810ED, mouse=0x12990EF1, keyboard callbacks=2904, mouse callbacks=47491.
2026-10-05T21:14:17.4030276+09:00 Hook status (periodic): generation=88, enabled=True, emacsEnabled=True, emacsActive=True, keyboardCallbacks=2930, mouseCallbacks=47768, suppressed=88, injectionFailures=0, refreshRequested=False, sinceRefreshMs=10984, leftAlt=False/False/False, rightAlt=False/False/False, leftCtrl=False/False/False, rightCtrl=False/False/False, asyncAlt=False/False, asyncCtrl=False/False, capturedKeys=0, capsCaptured=False, otherKeysCount=0, droppedLogs=0.
2026-10-05T21:14:37.4089301+09:00 Hooks registered: generation=89, keyboard=0xFD11FD, mouse=0x2A1413, keyboard callbacks=2930, mouse callbacks=47851.
2026-10-05T21:14:47.4003048+09:00 Hook status (periodic): generation=89, enabled=True, emacsEnabled=True, emacsActive=True, keyboardCallbacks=2930, mouseCallbacks=47937, suppressed=88, injectionFailures=0, refreshRequested=False, sinceRefreshMs=10000, leftAlt=False/False/False, rightAlt=False/False/False, leftCtrl=False/False/False, rightCtrl=False/False/False, asyncAlt=False/False, asyncCtrl=False/False, capturedKeys=0, capsCaptured=False, otherKeysCount=0, droppedLogs=0.
2026-10-05T21:15:07.4321089+09:00 Hooks registered: generation=90, keyboard=0x5D146F, mouse=0x199141B, keyboard callbacks=2934, mouse callbacks=48276.
2026-10-05T21:15:17.4348779+09:00 Hook status (periodic): generation=90, enabled=True, emacsEnabled=True, emacsActive=True, keyboardCallbacks=2944, mouseCallbacks=48523, suppressed=88, injectionFailures=0, refreshRequested=False, sinceRefreshMs=10000, leftAlt=False/False/False, rightAlt=False/False/False, leftCtrl=False/False/False, rightCtrl=False/False/False, asyncAlt=False/False, asyncCtrl=False/False, capturedKeys=0, capsCaptured=False, otherKeysCount=0, droppedLogs=0.
2026-10-05T21:15:38.4366898+09:00 Hooks registered: generation=91, keyboard=0x2350945, mouse=0x15B10F3B, keyboard callbacks=2974, mouse callbacks=48739.
2026-10-05T21:15:47.4399914+09:00 Hook status (periodic): generation=91, enabled=True, emacsEnabled=True, emacsActive=True, keyboardCallbacks=2974, mouseCallbacks=48742, suppressed=90, injectionFailures=0, refreshRequested=False, sinceRefreshMs=9000, leftAlt=False/False/False, rightAlt=False/False/False, leftCtrl=False/False/False, rightCtrl=False/False/False, asyncAlt=False/False, asyncCtrl=False/False, capturedKeys=0, capsCaptured=False, otherKeysCount=0, droppedLogs=0.
2026-10-05T21:16:12.4396866+09:00 Hooks registered: generation=92, keyboard=0x44814C3, mouse=0x701541, keyboard callbacks=2974, mouse callbacks=48873.
2026-10-05T21:16:17.4320972+09:00 Hook status (periodic): generation=92, enabled=True, emacsEnabled=True, emacsActive=True, keyboardCallbacks=3004, mouseCallbacks=48873, suppressed=94, injectionFailures=0, refreshRequested=False, sinceRefreshMs=5000, leftAlt=False/False/False, rightAlt=False/False/False, leftCtrl=False/False/False, rightCtrl=False/False/False, asyncAlt=False/False, asyncCtrl=False/False, capturedKeys=0, capsCaptured=False, otherKeysCount=0, droppedLogs=0.
2026-10-05T21:16:47.4393977+09:00 Hook status (periodic): generation=92, enabled=True, emacsEnabled=True, emacsActive=True, keyboardCallbacks=3124, mouseCallbacks=49317, suppressed=100, injectionFailures=0, refreshRequested=False, sinceRefreshMs=35000, leftAlt=False/False/False, rightAlt=False/False/False, leftCtrl=False/False/False, rightCtrl=False/False/False, asyncAlt=False/False, asyncCtrl=False/False, capturedKeys=0, capsCaptured=False, otherKeysCount=0, droppedLogs=0.
2026-10-05T21:16:47.4407769+09:00 Hooks registered: generation=93, keyboard=0x1A81413, mouse=0x6B304DF, keyboard callbacks=3124, mouse callbacks=49317.
2026-10-05T21:17:17.4267140+09:00 Hook status (periodic): generation=93, enabled=True, emacsEnabled=True, emacsActive=True, keyboardCallbacks=3124, mouseCallbacks=49636, suppressed=100, injectionFailures=0, refreshRequested=False, sinceRefreshMs=29985, leftAlt=False/False/False, rightAlt=False/False/False, leftCtrl=False/False/False, rightCtrl=False/False/False, asyncAlt=False/False, asyncCtrl=False/False, capturedKeys=0, capsCaptured=False, otherKeysCount=0, droppedLogs=0.
2026-10-05T21:17:42.4343222+09:00 Hooks registered: generation=94, keyboard=0x49513E9, mouse=0x1A9148B, keyboard callbacks=3128, mouse callbacks=50135.
2026-10-05T21:17:47.4269038+09:00 Hook status (periodic): generation=94, enabled=True, emacsEnabled=True, emacsActive=True, keyboardCallbacks=3128, mouseCallbacks=50141, suppressed=100, injectionFailures=0, refreshRequested=False, sinceRefreshMs=5000, leftAlt=False/False/False, rightAlt=False/False/False, leftCtrl=False/False/False, rightCtrl=False/False/False, asyncAlt=False/False, asyncCtrl=False/False, capturedKeys=0, capsCaptured=False, otherKeysCount=0, droppedLogs=0.
2026-10-05T21:18:12.4371661+09:00 Hooks registered: generation=95, keyboard=0x5A31551, mouse=0x2A3156D, keyboard callbacks=3128, mouse callbacks=50191.
2026-10-05T21:18:17.4328264+09:00 Hook status (periodic): generation=95, enabled=True, emacsEnabled=True, emacsActive=True, keyboardCallbacks=3128, mouseCallbacks=50218, suppressed=100, injectionFailures=0, refreshRequested=False, sinceRefreshMs=5000, leftAlt=False/False/False, rightAlt=False/False/False, leftCtrl=False/False/False, rightCtrl=False/False/False, asyncAlt=False/False, asyncCtrl=False/False, capturedKeys=0, capsCaptured=False, otherKeysCount=0, droppedLogs=0.
2026-10-05T21:18:42.4344746+09:00 Hooks registered: generation=96, keyboard=0x857056F, mouse=0x16D157F, keyboard callbacks=3128, mouse callbacks=50325.
2026-10-05T21:18:47.4356018+09:00 Hook status (periodic): generation=96, enabled=True, emacsEnabled=True, emacsActive=True, keyboardCallbacks=3128, mouseCallbacks=50459, suppressed=100, injectionFailures=0, refreshRequested=False, sinceRefreshMs=5000, leftAlt=False/False/False, rightAlt=False/False/False, leftCtrl=False/False/False, rightCtrl=False/False/False, asyncAlt=False/False, asyncCtrl=False/False, capturedKeys=0, capsCaptured=False, otherKeysCount=0, droppedLogs=0.
2026-10-05T21:19:12.4339263+09:00 Hooks registered: generation=97, keyboard=0x79E04DF, mouse=0x2A1144F, keyboard callbacks=3128, mouse callbacks=51153.
2026-10-05T21:19:17.4259494+09:00 Hook status (periodic): generation=97, enabled=True, emacsEnabled=True, emacsActive=True, keyboardCallbacks=3128, mouseCallbacks=51153, suppressed=100, injectionFailures=0, refreshRequested=False, sinceRefreshMs=5000, leftAlt=False/False/False, rightAlt=False/False/False, leftCtrl=False/False/False, rightCtrl=False/False/False, asyncAlt=False/False, asyncCtrl=False/False, capturedKeys=0, capsCaptured=False, otherKeysCount=0, droppedLogs=0.
2026-10-05T21:19:46.4372059+09:00 Hooks registered: generation=98, keyboard=0x2A310F1, mouse=0x1DB13D9, keyboard callbacks=3210, mouse callbacks=51829.
2026-10-05T21:19:47.4359736+09:00 Hook status (periodic): generation=98, enabled=True, emacsEnabled=True, emacsActive=True, keyboardCallbacks=3210, mouseCallbacks=51829, suppressed=108, injectionFailures=0, refreshRequested=False, sinceRefreshMs=1000, leftAlt=False/False/False, rightAlt=False/False/False, leftCtrl=False/False/False, rightCtrl=False/False/False, asyncAlt=False/False, asyncCtrl=False/False, capturedKeys=0, capsCaptured=False, otherKeysCount=0, droppedLogs=0.
2026-10-05T21:20:16.4305540+09:00 Hooks registered: generation=99, keyboard=0x5B113E9, mouse=0x1F41487, keyboard callbacks=3210, mouse callbacks=51829.
2026-10-05T21:20:17.4304652+09:00 Hook status (periodic): generation=99, enabled=True, emacsEnabled=True, emacsActive=True, keyboardCallbacks=3210, mouseCallbacks=51829, suppressed=108, injectionFailures=0, refreshRequested=False, sinceRefreshMs=1000, leftAlt=False/False/False, rightAlt=False/False/False, leftCtrl=False/False/False, rightCtrl=False/False/False, asyncAlt=False/False, asyncCtrl=False/False, capturedKeys=0, capsCaptured=False, otherKeysCount=0, droppedLogs=0.
2026-10-05T21:20:47.4248730+09:00 Hook status (periodic): generation=99, enabled=True, emacsEnabled=True, emacsActive=True, keyboardCallbacks=3214, mouseCallbacks=52217, suppressed=108, injectionFailures=0, refreshRequested=False, sinceRefreshMs=31000, leftAlt=False/False/False, rightAlt=False/False/False, leftCtrl=False/False/False, rightCtrl=False/False/False, asyncAlt=False/False, asyncCtrl=False/False, capturedKeys=0, capsCaptured=False, otherKeysCount=0, droppedLogs=0.
2026-10-05T21:20:53.4394482+09:00 Hooks registered: generation=100, keyboard=0x86213DF, mouse=0x83104DF, keyboard callbacks=3214, mouse callbacks=52403.
2026-10-05T21:21:17.4293699+09:00 Hook status (periodic): generation=100, enabled=True, emacsEnabled=True, emacsActive=True, keyboardCallbacks=3214, mouseCallbacks=52434, suppressed=108, injectionFailures=0, refreshRequested=False, sinceRefreshMs=24000, leftAlt=False/False/False, rightAlt=False/False/False, leftCtrl=False/False/False, rightCtrl=False/False/False, asyncAlt=False/False, asyncCtrl=False/False, capturedKeys=0, capsCaptured=False, otherKeysCount=0, droppedLogs=0.
2026-10-05T21:21:26.4549980+09:00 Hooks registered: generation=101, keyboard=0xF8F10CB, mouse=0x2431523, keyboard callbacks=3218, mouse callbacks=52546.
2026-10-05T21:21:47.4675234+09:00 Hook status (periodic): generation=101, enabled=True, emacsEnabled=True, emacsActive=True, keyboardCallbacks=3218, mouseCallbacks=53019, suppressed=108, injectionFailures=0, refreshRequested=False, sinceRefreshMs=21016, leftAlt=False/False/False, rightAlt=False/False/False, leftCtrl=False/False/False, rightCtrl=False/False/False, asyncAlt=False/False, asyncCtrl=False/False, capturedKeys=0, capsCaptured=False, otherKeysCount=0, droppedLogs=0.
2026-10-05T21:21:58.4564647+09:00 Hooks registered: generation=102, keyboard=0x4981393, mouse=0x1531445, keyboard callbacks=3218, mouse callbacks=53216.
2026-10-05T21:22:17.4955153+09:00 Hook status (periodic): generation=102, enabled=True, emacsEnabled=True, emacsActive=True, keyboardCallbacks=3248, mouseCallbacks=53475, suppressed=108, injectionFailures=0, refreshRequested=False, sinceRefreshMs=19031, leftAlt=False/False/False, rightAlt=False/False/False, leftCtrl=False/False/False, rightCtrl=False/False/False, asyncAlt=False/False, asyncCtrl=False/False, capturedKeys=0, capsCaptured=False, otherKeysCount=0, droppedLogs=0.
2026-10-05T21:22:31.4910864+09:00 Hooks registered: generation=103, keyboard=0x1F81141, mouse=0x1CE094D, keyboard callbacks=3250, mouse callbacks=53983.
2026-10-05T21:22:47.4979868+09:00 Hook status (periodic): generation=103, enabled=True, emacsEnabled=True, emacsActive=True, keyboardCallbacks=3258, mouseCallbacks=54658, suppressed=108, injectionFailures=0, refreshRequested=False, sinceRefreshMs=16000, leftAlt=False/False/False, rightAlt=False/False/False, leftCtrl=False/False/False, rightCtrl=False/False/False, asyncAlt=False/False, asyncCtrl=False/False, capturedKeys=0, capsCaptured=False, otherKeysCount=0, droppedLogs=0.
2026-10-05T21:23:05.5170989+09:00 Hooks registered: generation=104, keyboard=0x1581497, mouse=0x5E9141B, keyboard callbacks=3266, mouse callbacks=55032.
2026-10-05T21:23:17.5093554+09:00 Hook status (periodic): generation=104, enabled=True, emacsEnabled=True, emacsActive=True, keyboardCallbacks=3266, mouseCallbacks=55309, suppressed=108, injectionFailures=0, refreshRequested=False, sinceRefreshMs=12000, leftAlt=False/False/False, rightAlt=False/False/False, leftCtrl=False/False/False, rightCtrl=False/False/False, asyncAlt=False/False, asyncCtrl=False/False, capturedKeys=0, capsCaptured=False, otherKeysCount=0, droppedLogs=0.
2026-10-05T21:23:35.5250436+09:00 Hooks registered: generation=105, keyboard=0x6F61069, mouse=0x2821189, keyboard callbacks=3328, mouse callbacks=55520.
2026-10-05T21:23:47.5190836+09:00 Hook status (periodic): generation=105, enabled=True, emacsEnabled=True, emacsActive=True, keyboardCallbacks=3332, mouseCallbacks=55889, suppressed=108, injectionFailures=0, refreshRequested=False, sinceRefreshMs=12000, leftAlt=False/False/False, rightAlt=False/False/False, leftCtrl=False/False/False, rightCtrl=False/False/False, asyncAlt=False/False, asyncCtrl=False/False, capturedKeys=0, capsCaptured=False, otherKeysCount=0, droppedLogs=0.
2026-10-05T21:24:05.5322881+09:00 Hooks registered: generation=106, keyboard=0x4961141, mouse=0x19E14C5, keyboard callbacks=3332, mouse callbacks=56497.
2026-10-05T21:24:17.5462989+09:00 Hook status (periodic): generation=106, enabled=True, emacsEnabled=True, emacsActive=True, keyboardCallbacks=3336, mouseCallbacks=57007, suppressed=108, injectionFailures=0, refreshRequested=False, sinceRefreshMs=12016, leftAlt=False/False/False, rightAlt=False/False/False, leftCtrl=False/False/False, rightCtrl=False/False/False, asyncAlt=False/False, asyncCtrl=False/False, capturedKeys=0, capsCaptured=False, otherKeysCount=0, droppedLogs=0.
2026-10-05T21:24:47.5573411+09:00 Hook status (periodic): generation=106, enabled=True, emacsEnabled=True, emacsActive=True, keyboardCallbacks=3336, mouseCallbacks=58100, suppressed=108, injectionFailures=0, refreshRequested=False, sinceRefreshMs=42032, leftAlt=False/False/False, rightAlt=False/False/False, leftCtrl=False/False/False, rightCtrl=False/False/False, asyncAlt=False/False, asyncCtrl=False/False, capturedKeys=0, capsCaptured=False, otherKeysCount=0, droppedLogs=0.
2026-10-05T21:24:48.5639755+09:00 Hooks registered: generation=107, keyboard=0x6DA130D, mouse=0x9EC1275, keyboard callbacks=3336, mouse callbacks=58100.
2026-10-05T21:25:17.5649335+09:00 Hook status (periodic): generation=107, enabled=True, emacsEnabled=True, emacsActive=True, keyboardCallbacks=3340, mouseCallbacks=59177, suppressed=108, injectionFailures=0, refreshRequested=False, sinceRefreshMs=29000, leftAlt=False/False/False, rightAlt=False/False/False, leftCtrl=False/False/False, rightCtrl=False/False/False, asyncAlt=False/False, asyncCtrl=False/False, capturedKeys=0, capsCaptured=False, otherKeysCount=0, droppedLogs=0.
2026-10-05T21:25:25.5528539+09:00 Hooks registered: generation=108, keyboard=0xA0713EB, mouse=0x6E5141B, keyboard callbacks=3344, mouse callbacks=59433.
2026-10-05T21:25:47.5556699+09:00 Hook status (periodic): generation=108, enabled=True, emacsEnabled=True, emacsActive=True, keyboardCallbacks=3344, mouseCallbacks=60188, suppressed=108, injectionFailures=0, refreshRequested=False, sinceRefreshMs=22000, leftAlt=False/False/False, rightAlt=False/False/False, leftCtrl=False/False/False, rightCtrl=False/False/False, asyncAlt=False/False, asyncCtrl=False/False, capturedKeys=0, capsCaptured=False, otherKeysCount=0, droppedLogs=0.
2026-10-05T21:26:11.5536877+09:00 Hooks registered: generation=109, keyboard=0x150451, mouse=0x30453, keyboard callbacks=3344, mouse callbacks=61099.
2026-10-05T21:26:17.5650837+09:00 Hook status (periodic): generation=109, enabled=True, emacsEnabled=True, emacsActive=True, keyboardCallbacks=3344, mouseCallbacks=61149, suppressed=108, injectionFailures=0, refreshRequested=False, sinceRefreshMs=6000, leftAlt=False/False/False, rightAlt=False/False/False, leftCtrl=False/False/False, rightCtrl=False/False/False, asyncAlt=False/False, asyncCtrl=False/False, capturedKeys=0, capsCaptured=False, otherKeysCount=0, droppedLogs=0.
2026-10-05T21:26:47.5637781+09:00 Hook status (periodic): generation=109, enabled=True, emacsEnabled=True, emacsActive=True, keyboardCallbacks=3372, mouseCallbacks=62331, suppressed=116, injectionFailures=0, refreshRequested=False, sinceRefreshMs=36000, leftAlt=False/False/False, rightAlt=False/False/False, leftCtrl=False/False/False, rightCtrl=False/False/False, asyncAlt=False/False, asyncCtrl=False/False, capturedKeys=0, capsCaptured=False, otherKeysCount=0, droppedLogs=0.
2026-10-05T21:26:55.5554455+09:00 Hooks registered: generation=110, keyboard=0x7C311FD, mouse=0x63C10A3, keyboard callbacks=3372, mouse callbacks=62743.
2026-10-05T21:27:17.5573712+09:00 Hook status (periodic): generation=110, enabled=True, emacsEnabled=True, emacsActive=True, keyboardCallbacks=3376, mouseCallbacks=63160, suppressed=116, injectionFailures=0, refreshRequested=False, sinceRefreshMs=22000, leftAlt=False/False/False, rightAlt=False/False/False, leftCtrl=False/False/False, rightCtrl=False/False/False, asyncAlt=False/False, asyncCtrl=False/False, capturedKeys=0, capsCaptured=False, otherKeysCount=0, droppedLogs=0.
2026-10-05T21:27:25.5573054+09:00 Hooks registered: generation=111, keyboard=0x1E70A37, mouse=0x4B20E43, keyboard callbacks=3380, mouse callbacks=63347.
2026-10-05T21:27:47.5795079+09:00 Hook status (periodic): generation=111, enabled=True, emacsEnabled=True, emacsActive=True, keyboardCallbacks=3388, mouseCallbacks=64013, suppressed=116, injectionFailures=0, refreshRequested=False, sinceRefreshMs=22015, leftAlt=False/False/False, rightAlt=False/False/False, leftCtrl=False/False/False, rightCtrl=False/False/False, asyncAlt=False/False, asyncCtrl=False/False, capturedKeys=0, capsCaptured=False, otherKeysCount=0, droppedLogs=0.
2026-10-05T21:27:56.5674935+09:00 Hooks registered: generation=112, keyboard=0x3141445, mouse=0x20F1049, keyboard callbacks=3388, mouse callbacks=64209.
2026-10-05T21:28:17.5772717+09:00 Hook status (periodic): generation=112, enabled=True, emacsEnabled=True, emacsActive=True, keyboardCallbacks=3396, mouseCallbacks=64896, suppressed=116, injectionFailures=0, refreshRequested=False, sinceRefreshMs=21000, leftAlt=False/False/False, rightAlt=False/False/False, leftCtrl=False/False/False, rightCtrl=False/False/False, asyncAlt=False/False, asyncCtrl=False/False, capturedKeys=0, capsCaptured=False, otherKeysCount=0, droppedLogs=0.
2026-10-05T21:28:33.6115614+09:00 Hooks registered: generation=113, keyboard=0x572141D, mouse=0x592144F, keyboard callbacks=3404, mouse callbacks=65476.
2026-10-05T21:28:47.5983493+09:00 Hook status (periodic): generation=113, enabled=True, emacsEnabled=True, emacsActive=True, keyboardCallbacks=3416, mouseCallbacks=65831, suppressed=116, injectionFailures=0, refreshRequested=False, sinceRefreshMs=14000, leftAlt=False/False/False, rightAlt=False/False/False, leftCtrl=False/False/False, rightCtrl=False/False/False, asyncAlt=False/False, asyncCtrl=False/False, capturedKeys=0, capsCaptured=False, otherKeysCount=0, droppedLogs=0.
2026-10-05T21:29:03.6086647+09:00 Hooks registered: generation=114, keyboard=0xB2E10ED, mouse=0x26B1137, keyboard callbacks=3434, mouse callbacks=66481.
2026-10-05T21:29:17.6015790+09:00 Hook status (periodic): generation=114, enabled=True, emacsEnabled=True, emacsActive=True, keyboardCallbacks=3517, mouseCallbacks=66481, suppressed=124, injectionFailures=0, refreshRequested=False, sinceRefreshMs=14000, leftAlt=False/False/False, rightAlt=False/False/False, leftCtrl=False/False/False, rightCtrl=False/False/False, asyncAlt=False/False, asyncCtrl=False/False, capturedKeys=0, capsCaptured=False, otherKeysCount=1, droppedLogs=0.
2026-10-05T21:29:44.6258715+09:00 Hooks registered: generation=115, keyboard=0x6BB10A9, mouse=0x7031219, keyboard callbacks=3558, mouse callbacks=67053.
2026-10-05T21:29:47.6150002+09:00 Hook status (periodic): generation=115, enabled=True, emacsEnabled=True, emacsActive=True, keyboardCallbacks=3558, mouseCallbacks=67201, suppressed=126, injectionFailures=0, refreshRequested=False, sinceRefreshMs=3000, leftAlt=False/False/False, rightAlt=False/False/False, leftCtrl=False/False/False, rightCtrl=False/False/False, asyncAlt=False/False, asyncCtrl=False/False, capturedKeys=0, capsCaptured=False, otherKeysCount=0, droppedLogs=0.
2026-10-05T21:30:14.6285407+09:00 Hooks registered: generation=116, keyboard=0x58903E3, mouse=0x8B1427, keyboard callbacks=3576, mouse callbacks=67828.
2026-10-05T21:30:17.6500806+09:00 Hook status (periodic): generation=116, enabled=True, emacsEnabled=True, emacsActive=True, keyboardCallbacks=3576, mouseCallbacks=67828, suppressed=128, injectionFailures=0, refreshRequested=False, sinceRefreshMs=3015, leftAlt=False/False/False, rightAlt=False/False/False, leftCtrl=False/False/False, rightCtrl=False/False/False, asyncAlt=False/False, asyncCtrl=False/False, capturedKeys=0, capsCaptured=False, otherKeysCount=0, droppedLogs=0.
2026-10-05T21:30:44.6601290+09:00 Hooks registered: generation=117, keyboard=0xE0111E9, mouse=0x1E8148B, keyboard callbacks=3578, mouse callbacks=68572.
2026-10-05T21:30:47.6635028+09:00 Hook status (periodic): generation=117, enabled=True, emacsEnabled=True, emacsActive=True, keyboardCallbacks=3578, mouseCallbacks=68572, suppressed=128, injectionFailures=0, refreshRequested=False, sinceRefreshMs=3000, leftAlt=False/False/False, rightAlt=False/False/False, leftCtrl=False/False/False, rightCtrl=False/False/False, asyncAlt=False/False, asyncCtrl=False/False, capturedKeys=0, capsCaptured=False, otherKeysCount=0, droppedLogs=0.
2026-10-05T21:31:14.6835787+09:00 Hooks registered: generation=118, keyboard=0x36C06C1, mouse=0x1A10E0D, keyboard callbacks=3580, mouse callbacks=68674.
2026-10-05T21:31:17.6746066+09:00 Hook status (periodic): generation=118, enabled=True, emacsEnabled=True, emacsActive=True, keyboardCallbacks=3580, mouseCallbacks=68674, suppressed=128, injectionFailures=0, refreshRequested=False, sinceRefreshMs=3000, leftAlt=False/False/False, rightAlt=False/False/False, leftCtrl=False/False/False, rightCtrl=False/False/False, asyncAlt=False/False, asyncCtrl=False/False, capturedKeys=0, capsCaptured=False, otherKeysCount=0, droppedLogs=0.
2026-10-05T21:31:44.6870673+09:00 Hooks registered: generation=119, keyboard=0x13C058B, mouse=0xE1D11E9, keyboard callbacks=3580, mouse callbacks=68674.
2026-10-05T21:31:47.6830250+09:00 Hook status (periodic): generation=119, enabled=True, emacsEnabled=True, emacsActive=True, keyboardCallbacks=3580, mouseCallbacks=68674, suppressed=128, injectionFailures=0, refreshRequested=False, sinceRefreshMs=3000, leftAlt=False/False/False, rightAlt=False/False/False, leftCtrl=False/False/False, rightCtrl=False/False/False, asyncAlt=False/False, asyncCtrl=False/False, capturedKeys=0, capsCaptured=False, otherKeysCount=0, droppedLogs=0.
2026-10-05T21:32:14.6768882+09:00 Hooks registered: generation=120, keyboard=0x73F012D, mouse=0x4000451, keyboard callbacks=3580, mouse callbacks=68674.
2026-10-05T21:32:17.6765190+09:00 Hook status (periodic): generation=120, enabled=True, emacsEnabled=True, emacsActive=True, keyboardCallbacks=3580, mouseCallbacks=68674, suppressed=128, injectionFailures=0, refreshRequested=False, sinceRefreshMs=3000, leftAlt=False/False/False, rightAlt=False/False/False, leftCtrl=False/False/False, rightCtrl=False/False/False, asyncAlt=False/False, asyncCtrl=False/False, capturedKeys=0, capsCaptured=False, otherKeysCount=0, droppedLogs=0.
2026-10-05T21:32:47.6906747+09:00 Hook status (periodic): generation=120, enabled=True, emacsEnabled=True, emacsActive=True, keyboardCallbacks=3739, mouseCallbacks=68777, suppressed=130, injectionFailures=0, refreshRequested=False, sinceRefreshMs=33015, leftAlt=False/False/False, rightAlt=False/False/False, leftCtrl=False/False/False, rightCtrl=False/False/False, asyncAlt=False/False, asyncCtrl=False/False, capturedKeys=0, capsCaptured=False, otherKeysCount=1, droppedLogs=0.
2026-10-05T21:32:54.6987176+09:00 Hooks registered: generation=121, keyboard=0x226058B, mouse=0x103127D, keyboard callbacks=3794, mouse callbacks=68777.
2026-10-05T21:33:17.7049808+09:00 Hook status (periodic): generation=121, enabled=True, emacsEnabled=True, emacsActive=True, keyboardCallbacks=3796, mouseCallbacks=68777, suppressed=132, injectionFailures=0, refreshRequested=False, sinceRefreshMs=23000, leftAlt=False/False/False, rightAlt=False/False/False, leftCtrl=False/False/False, rightCtrl=False/False/False, asyncAlt=False/False, asyncCtrl=False/False, capturedKeys=0, capsCaptured=False, otherKeysCount=0, droppedLogs=0.
2026-10-05T21:33:24.7052546+09:00 Hooks registered: generation=122, keyboard=0x351415, mouse=0x3A806C1, keyboard callbacks=3796, mouse callbacks=68777.
2026-10-05T21:33:47.6976491+09:00 Hook status (periodic): generation=122, enabled=True, emacsEnabled=True, emacsActive=True, keyboardCallbacks=3796, mouseCallbacks=68777, suppressed=132, injectionFailures=0, refreshRequested=False, sinceRefreshMs=23000, leftAlt=False/False/False, rightAlt=False/False/False, leftCtrl=False/False/False, rightCtrl=False/False/False, asyncAlt=False/False, asyncCtrl=False/False, capturedKeys=0, capsCaptured=False, otherKeysCount=0, droppedLogs=0.
2026-10-05T21:33:54.7034713+09:00 Hooks registered: generation=123, keyboard=0x73B06FB, mouse=0x1731279, keyboard callbacks=3796, mouse callbacks=68777.
2026-10-05T21:34:17.7011269+09:00 Hook status (periodic): generation=123, enabled=True, emacsEnabled=True, emacsActive=True, keyboardCallbacks=3878, mouseCallbacks=69075, suppressed=134, injectionFailures=0, refreshRequested=False, sinceRefreshMs=23000, leftAlt=False/False/False, rightAlt=False/False/False, leftCtrl=False/False/False, rightCtrl=False/False/False, asyncAlt=False/False, asyncCtrl=False/False, capturedKeys=0, capsCaptured=False, otherKeysCount=0, droppedLogs=0.
2026-10-05T21:34:28.6907282+09:00 Hooks registered: generation=124, keyboard=0x46A1485, mouse=0x5EC1421, keyboard callbacks=3948, mouse callbacks=69075.
2026-10-05T21:34:47.6924624+09:00 Hook status (periodic): generation=124, enabled=True, emacsEnabled=True, emacsActive=True, keyboardCallbacks=4016, mouseCallbacks=69075, suppressed=138, injectionFailures=0, refreshRequested=False, sinceRefreshMs=19000, leftAlt=False/False/False, rightAlt=False/False/False, leftCtrl=False/False/False, rightCtrl=False/False/False, asyncAlt=False/False, asyncCtrl=False/False, capturedKeys=0, capsCaptured=False, otherKeysCount=0, droppedLogs=0.
2026-10-05T21:34:58.6971561+09:00 Hooks registered: generation=125, keyboard=0x67B14C7, mouse=0x7A81551, keyboard callbacks=4016, mouse callbacks=69075.
2026-10-05T21:35:17.7061194+09:00 Hook status (periodic): generation=125, enabled=True, emacsEnabled=True, emacsActive=True, keyboardCallbacks=4016, mouseCallbacks=69456, suppressed=138, injectionFailures=0, refreshRequested=False, sinceRefreshMs=19016, leftAlt=False/False/False, rightAlt=False/False/False, leftCtrl=False/False/False, rightCtrl=False/False/False, asyncAlt=False/False, asyncCtrl=False/False, capturedKeys=0, capsCaptured=False, otherKeysCount=0, droppedLogs=0.
2026-10-05T21:35:43.7103741+09:00 Hooks registered: generation=126, keyboard=0xCB1541, mouse=0xDA14C1, keyboard callbacks=4060, mouse callbacks=70203.
2026-10-05T21:35:47.7200536+09:00 Hook status (periodic): generation=126, enabled=True, emacsEnabled=True, emacsActive=True, keyboardCallbacks=4060, mouseCallbacks=70215, suppressed=138, injectionFailures=0, refreshRequested=False, sinceRefreshMs=4000, leftAlt=False/False/False, rightAlt=False/False/False, leftCtrl=False/False/False, rightCtrl=False/False/False, asyncAlt=False/False, asyncCtrl=False/False, capturedKeys=0, capsCaptured=False, otherKeysCount=0, droppedLogs=0.
2026-10-05T21:36:13.7118864+09:00 Hooks registered: generation=127, keyboard=0x4FB1485, mouse=0x1D50775, keyboard callbacks=4060, mouse callbacks=70439.
2026-10-05T21:36:17.7098671+09:00 Hook status (periodic): generation=127, enabled=True, emacsEnabled=True, emacsActive=True, keyboardCallbacks=4060, mouseCallbacks=70692, suppressed=138, injectionFailures=0, refreshRequested=False, sinceRefreshMs=4000, leftAlt=False/False/False, rightAlt=False/False/False, leftCtrl=False/False/False, rightCtrl=False/False/False, asyncAlt=False/False, asyncCtrl=False/False, capturedKeys=0, capsCaptured=False, otherKeysCount=0, droppedLogs=0.
2026-10-05T21:36:43.7108619+09:00 Hooks registered: generation=128, keyboard=0x90116D, mouse=0xB0513AB, keyboard callbacks=4060, mouse callbacks=71541.
2026-10-05T21:36:47.7182341+09:00 Hook status (periodic): generation=128, enabled=True, emacsEnabled=True, emacsActive=True, keyboardCallbacks=4060, mouseCallbacks=71541, suppressed=138, injectionFailures=0, refreshRequested=False, sinceRefreshMs=4000, leftAlt=False/False/False, rightAlt=False/False/False, leftCtrl=False/False/False, rightCtrl=False/False/False, asyncAlt=False/False, asyncCtrl=False/False, capturedKeys=0, capsCaptured=False, otherKeysCount=0, droppedLogs=0.
2026-10-05T21:37:13.7273907+09:00 Hooks registered: generation=129, keyboard=0x20A1427, mouse=0x51B1523, keyboard callbacks=4060, mouse callbacks=71754.
2026-10-05T21:37:17.7232802+09:00 Hook status (periodic): generation=129, enabled=True, emacsEnabled=True, emacsActive=True, keyboardCallbacks=4060, mouseCallbacks=72028, suppressed=138, injectionFailures=0, refreshRequested=False, sinceRefreshMs=4000, leftAlt=False/False/False, rightAlt=False/False/False, leftCtrl=False/False/False, rightCtrl=False/False/False, asyncAlt=False/False, asyncCtrl=False/False, capturedKeys=0, capsCaptured=False, otherKeysCount=0, droppedLogs=0.
2026-10-05T21:37:46.7389463+09:00 Hooks registered: generation=130, keyboard=0xB6413EB, mouse=0x510095B, keyboard callbacks=4062, mouse callbacks=72306.
2026-10-05T21:37:47.7402955+09:00 Hook status (periodic): generation=130, enabled=True, emacsEnabled=True, emacsActive=True, keyboardCallbacks=4062, mouseCallbacks=72306, suppressed=138, injectionFailures=0, refreshRequested=False, sinceRefreshMs=1000, leftAlt=False/False/False, rightAlt=False/False/False, leftCtrl=False/False/False, rightCtrl=False/False/False, asyncAlt=False/False, asyncCtrl=False/False, capturedKeys=0, capsCaptured=False, otherKeysCount=0, droppedLogs=0.
2026-10-05T21:38:17.7397342+09:00 Hook status (periodic): generation=130, enabled=True, emacsEnabled=True, emacsActive=True, keyboardCallbacks=4062, mouseCallbacks=72760, suppressed=138, injectionFailures=0, refreshRequested=False, sinceRefreshMs=31000, leftAlt=False/False/False, rightAlt=False/False/False, leftCtrl=False/False/False, rightCtrl=False/False/False, asyncAlt=False/False, asyncCtrl=False/False, capturedKeys=0, capsCaptured=False, otherKeysCount=0, droppedLogs=0.
2026-10-05T21:38:37.7407426+09:00 Hooks registered: generation=131, keyboard=0x8C1475, mouse=0x202116D, keyboard callbacks=4066, mouse callbacks=73419.
2026-10-05T21:38:47.7414930+09:00 Hook status (periodic): generation=131, enabled=True, emacsEnabled=True, emacsActive=True, keyboardCallbacks=4066, mouseCallbacks=73710, suppressed=138, injectionFailures=0, refreshRequested=False, sinceRefreshMs=10000, leftAlt=False/False/False, rightAlt=False/False/False, leftCtrl=False/False/False, rightCtrl=False/False/False, asyncAlt=False/False, asyncCtrl=False/False, capturedKeys=0, capsCaptured=False, otherKeysCount=0, droppedLogs=0.
2026-10-05T21:39:17.7555921+09:00 Hook status (periodic): generation=131, enabled=True, emacsEnabled=True, emacsActive=True, keyboardCallbacks=4066, mouseCallbacks=75220, suppressed=138, injectionFailures=0, refreshRequested=False, sinceRefreshMs=40016, leftAlt=False/False/False, rightAlt=False/False/False, leftCtrl=False/False/False, rightCtrl=False/False/False, asyncAlt=False/False, asyncCtrl=False/False, capturedKeys=0, capsCaptured=False, otherKeysCount=0, droppedLogs=0.
2026-10-05T21:39:47.7665961+09:00 Hook status (periodic): generation=131, enabled=True, emacsEnabled=True, emacsActive=True, keyboardCallbacks=4066, mouseCallbacks=76498, suppressed=138, injectionFailures=0, refreshRequested=False, sinceRefreshMs=70016, leftAlt=False/False/False, rightAlt=False/False/False, leftCtrl=False/False/False, rightCtrl=False/False/False, asyncAlt=False/False, asyncCtrl=False/False, capturedKeys=0, capsCaptured=False, otherKeysCount=0, droppedLogs=0.
2026-10-05T21:39:55.7606625+09:00 Hooks registered: generation=132, keyboard=0x2031175, mouse=0x22D1477, keyboard callbacks=4068, mouse callbacks=76720.
2026-10-05T21:40:17.7731808+09:00 Hook status (periodic): generation=132, enabled=True, emacsEnabled=True, emacsActive=True, keyboardCallbacks=4068, mouseCallbacks=76720, suppressed=138, injectionFailures=0, refreshRequested=False, sinceRefreshMs=22015, leftAlt=False/False/False, rightAlt=False/False/False, leftCtrl=False/False/False, rightCtrl=False/False/False, asyncAlt=False/False, asyncCtrl=False/False, capturedKeys=0, capsCaptured=False, otherKeysCount=0, droppedLogs=0.
2026-10-05T21:40:25.7690397+09:00 Hooks registered: generation=133, keyboard=0xABE10A9, mouse=0x14F1221, keyboard callbacks=4068, mouse callbacks=76720.
2026-10-05T21:40:47.7835840+09:00 Hook status (periodic): generation=133, enabled=True, emacsEnabled=True, emacsActive=True, keyboardCallbacks=4068, mouseCallbacks=76720, suppressed=138, injectionFailures=0, refreshRequested=False, sinceRefreshMs=22000, leftAlt=False/False/False, rightAlt=False/False/False, leftCtrl=False/False/False, rightCtrl=False/False/False, asyncAlt=False/False, asyncCtrl=False/False, capturedKeys=0, capsCaptured=False, otherKeysCount=0, droppedLogs=0.
2026-10-05T21:40:55.7730186+09:00 Hooks registered: generation=134, keyboard=0x6DE1487, mouse=0x4B0965, keyboard callbacks=4068, mouse callbacks=76720.
2026-10-05T21:41:17.7745701+09:00 Hook status (periodic): generation=134, enabled=True, emacsEnabled=True, emacsActive=True, keyboardCallbacks=4068, mouseCallbacks=76720, suppressed=138, injectionFailures=0, refreshRequested=False, sinceRefreshMs=22000, leftAlt=False/False/False, rightAlt=False/False/False, leftCtrl=False/False/False, rightCtrl=False/False/False, asyncAlt=False/False, asyncCtrl=False/False, capturedKeys=0, capsCaptured=False, otherKeysCount=0, droppedLogs=0.
2026-10-05T21:41:25.7776693+09:00 Hooks registered: generation=135, keyboard=0xAE04A7, mouse=0x11809AD, keyboard callbacks=4068, mouse callbacks=76720.
2026-10-05T21:41:47.7696140+09:00 Hook status (periodic): generation=135, enabled=True, emacsEnabled=True, emacsActive=True, keyboardCallbacks=4070, mouseCallbacks=76742, suppressed=138, injectionFailures=0, refreshRequested=False, sinceRefreshMs=22000, leftAlt=False/False/False, rightAlt=False/False/False, leftCtrl=False/False/False, rightCtrl=False/False/False, asyncAlt=False/False, asyncCtrl=False/False, capturedKeys=0, capsCaptured=False, otherKeysCount=0, droppedLogs=0.
2026-10-05T21:41:55.7826697+09:00 Hooks registered: generation=136, keyboard=0x2711333, mouse=0xB1D00D3, keyboard callbacks=4070, mouse callbacks=76742.
2026-10-05T21:42:17.7898004+09:00 Hook status (periodic): generation=136, enabled=True, emacsEnabled=True, emacsActive=True, keyboardCallbacks=4070, mouseCallbacks=76742, suppressed=138, injectionFailures=0, refreshRequested=False, sinceRefreshMs=22016, leftAlt=False/False/False, rightAlt=False/False/False, leftCtrl=False/False/False, rightCtrl=False/False/False, asyncAlt=False/False, asyncCtrl=False/False, capturedKeys=0, capsCaptured=False, otherKeysCount=0, droppedLogs=0.
2026-10-05T21:42:29.7852656+09:00 Hooks registered: generation=137, keyboard=0xD3413AB, mouse=0x9904DD, keyboard callbacks=4078, mouse callbacks=76948.
2026-10-05T21:42:47.7894639+09:00 Hook status (periodic): generation=137, enabled=True, emacsEnabled=True, emacsActive=True, keyboardCallbacks=4094, mouseCallbacks=77504, suppressed=146, injectionFailures=0, refreshRequested=False, sinceRefreshMs=18000, leftAlt=False/False/False, rightAlt=False/False/False, leftCtrl=False/False/False, rightCtrl=False/False/False, asyncAlt=False/False, asyncCtrl=False/False, capturedKeys=0, capsCaptured=False, otherKeysCount=0, droppedLogs=0.
2026-10-05T21:43:07.7871978+09:00 Hooks registered: generation=138, keyboard=0x2130A29, mouse=0x95412FF, keyboard callbacks=4094, mouse callbacks=78301.
2026-10-05T21:43:17.7892380+09:00 Hook status (periodic): generation=138, enabled=True, emacsEnabled=True, emacsActive=True, keyboardCallbacks=4094, mouseCallbacks=78760, suppressed=146, injectionFailures=0, refreshRequested=False, sinceRefreshMs=10000, leftAlt=False/False/False, rightAlt=False/False/False, leftCtrl=False/False/False, rightCtrl=False/False/False, asyncAlt=False/False, asyncCtrl=False/False, capturedKeys=0, capsCaptured=False, otherKeysCount=0, droppedLogs=0.
2026-10-05T21:43:47.7922773+09:00 Hook status (periodic): generation=138, enabled=True, emacsEnabled=True, emacsActive=True, keyboardCallbacks=4094, mouseCallbacks=79313, suppressed=146, injectionFailures=0, refreshRequested=False, sinceRefreshMs=40000, leftAlt=False/False/False, rightAlt=False/False/False, leftCtrl=False/False/False, rightCtrl=False/False/False, asyncAlt=False/False, asyncCtrl=False/False, capturedKeys=0, capsCaptured=False, otherKeysCount=0, droppedLogs=0.
2026-10-05T21:44:08.7869062+09:00 Hooks registered: generation=139, keyboard=0x27F13A1, mouse=0x1EC1153, keyboard callbacks=4094, mouse callbacks=79996.
2026-10-05T21:44:17.7921478+09:00 Hook status (periodic): generation=139, enabled=True, emacsEnabled=True, emacsActive=True, keyboardCallbacks=4094, mouseCallbacks=80110, suppressed=146, injectionFailures=0, refreshRequested=False, sinceRefreshMs=9000, leftAlt=False/False/False, rightAlt=False/False/False, leftCtrl=False/False/False, rightCtrl=False/False/False, asyncAlt=False/False, asyncCtrl=False/False, capturedKeys=0, capsCaptured=False, otherKeysCount=0, droppedLogs=0.
2026-10-05T21:44:41.7904466+09:00 Hooks registered: generation=140, keyboard=0x7601263, mouse=0x24609AD, keyboard callbacks=4094, mouse callbacks=80491.
2026-10-05T21:44:47.7969020+09:00 Hook status (periodic): generation=140, enabled=True, emacsEnabled=True, emacsActive=True, keyboardCallbacks=4094, mouseCallbacks=80562, suppressed=146, injectionFailures=0, refreshRequested=False, sinceRefreshMs=6000, leftAlt=False/False/False, rightAlt=False/False/False, leftCtrl=False/False/False, rightCtrl=False/False/False, asyncAlt=False/False, asyncCtrl=False/False, capturedKeys=0, capsCaptured=False, otherKeysCount=0, droppedLogs=0.
2026-10-05T21:45:17.7980988+09:00 Hook status (periodic): generation=140, enabled=True, emacsEnabled=True, emacsActive=True, keyboardCallbacks=4094, mouseCallbacks=81736, suppressed=146, injectionFailures=0, refreshRequested=False, sinceRefreshMs=36000, leftAlt=False/False/False, rightAlt=False/False/False, leftCtrl=False/False/False, rightCtrl=False/False/False, asyncAlt=False/False, asyncCtrl=False/False, capturedKeys=0, capsCaptured=False, otherKeysCount=0, droppedLogs=0.
2026-10-05T21:45:23.7991269+09:00 Hooks registered: generation=141, keyboard=0x4AB111D, mouse=0x1020D3B, keyboard callbacks=4094, mouse callbacks=81986.
2026-10-05T21:45:47.7947009+09:00 Hook status (periodic): generation=141, enabled=True, emacsEnabled=True, emacsActive=True, keyboardCallbacks=4094, mouseCallbacks=83180, suppressed=146, injectionFailures=0, refreshRequested=False, sinceRefreshMs=24000, leftAlt=False/False/False, rightAlt=False/False/False, leftCtrl=False/False/False, rightCtrl=False/False/False, asyncAlt=False/False, asyncCtrl=False/False, capturedKeys=0, capsCaptured=False, otherKeysCount=0, droppedLogs=0.
2026-10-05T21:45:53.7869148+09:00 Hooks registered: generation=142, keyboard=0x5AC0F55, mouse=0xD9A1067, keyboard callbacks=4094, mouse callbacks=83180.
2026-10-05T21:46:17.7849021+09:00 Hook status (periodic): generation=142, enabled=True, emacsEnabled=True, emacsActive=True, keyboardCallbacks=4094, mouseCallbacks=83180, suppressed=146, injectionFailures=0, refreshRequested=False, sinceRefreshMs=24000, leftAlt=False/False/False, rightAlt=False/False/False, leftCtrl=False/False/False, rightCtrl=False/False/False, asyncAlt=False/False, asyncCtrl=False/False, capturedKeys=0, capsCaptured=False, otherKeysCount=0, droppedLogs=0.
2026-10-05T21:46:23.8003118+09:00 Hooks registered: generation=143, keyboard=0x6D109BB, mouse=0x4F5111D, keyboard callbacks=4094, mouse callbacks=83180.
2026-10-05T21:46:47.7969771+09:00 Hook status (periodic): generation=143, enabled=True, emacsEnabled=True, emacsActive=True, keyboardCallbacks=4094, mouseCallbacks=83180, suppressed=146, injectionFailures=0, refreshRequested=False, sinceRefreshMs=23984, leftAlt=False/False/False, rightAlt=False/False/False, leftCtrl=False/False/False, rightCtrl=False/False/False, asyncAlt=False/False, asyncCtrl=False/False, capturedKeys=0, capsCaptured=False, otherKeysCount=0, droppedLogs=0.
2026-10-06T18:53:20.5795145+09:00 Session started: id=dfcb9557bbdc4eee8909db3f7123a9b6, version=0.3.3.0, pid=25180, verbose=False, OS=10.0.26300.0, 64bit=True.
2026-10-06T18:53:20.6022868+09:00 Windows Forms initialized.
2026-10-06T18:53:20.7066599+09:00 Dedicated hook thread started: managed thread 7.
2026-10-06T18:53:20.7066788+09:00 Initial keyboard mode: Emacs.
2026-10-06T18:53:20.7079494+09:00 Hooks registered: generation=1, keyboard=0x10933, mouse=0x10935, keyboard callbacks=0, mouse callbacks=0.
2026-10-06T18:53:20.7084188+09:00 Hook status (startup): generation=1, enabled=True, emacsEnabled=True, emacsActive=True, keyboardCallbacks=0, mouseCallbacks=0, suppressed=0, injectionFailures=0, refreshRequested=False, sinceRefreshMs=0, leftAlt=False/False/False, rightAlt=False/False/False, leftCtrl=False/False/False, rightCtrl=False/False/False, asyncAlt=False/False, asyncCtrl=False/False, capturedKeys=0, capsCaptured=False, otherKeysCount=0, droppedLogs=0.
2026-10-06T18:53:20.7578720+09:00 Tray application context initialized.
2026-10-06T18:53:50.7448903+09:00 Hook status (periodic): generation=1, enabled=True, emacsEnabled=True, emacsActive=True, keyboardCallbacks=0, mouseCallbacks=42, suppressed=0, injectionFailures=0, refreshRequested=False, sinceRefreshMs=30031, leftAlt=False/False/False, rightAlt=False/False/False, leftCtrl=False/False/False, rightCtrl=False/False/False, asyncAlt=False/False, asyncCtrl=False/False, capturedKeys=0, capsCaptured=False, otherKeysCount=0, droppedLogs=0.
2026-10-06T18:53:50.7464655+09:00 Hooks registered: generation=2, keyboard=0x9C0ACF, mouse=0x90B95, keyboard callbacks=0, mouse callbacks=42.
2026-10-06T18:54:20.7789166+09:00 Hook status (periodic): generation=2, enabled=True, emacsEnabled=True, emacsActive=True, keyboardCallbacks=74, mouseCallbacks=47, suppressed=4, injectionFailures=0, refreshRequested=False, sinceRefreshMs=30031, leftAlt=False/False/False, rightAlt=False/False/False, leftCtrl=False/False/False, rightCtrl=False/False/False, asyncAlt=False/False, asyncCtrl=False/False, capturedKeys=0, capsCaptured=False, otherKeysCount=0, droppedLogs=0.
2026-10-06T18:54:20.7792543+09:00 Hooks registered: generation=3, keyboard=0x1004CD, mouse=0xD09FB, keyboard callbacks=74, mouse callbacks=47.
2026-10-06T18:54:50.8284911+09:00 Hook status (periodic): generation=3, enabled=True, emacsEnabled=True, emacsActive=True, keyboardCallbacks=74, mouseCallbacks=47, suppressed=4, injectionFailures=0, refreshRequested=False, sinceRefreshMs=30047, leftAlt=False/False/False, rightAlt=False/False/False, leftCtrl=False/False/False, rightCtrl=False/False/False, asyncAlt=False/False, asyncCtrl=False/False, capturedKeys=0, capsCaptured=False, otherKeysCount=0, droppedLogs=0.
2026-10-06T18:54:50.8295950+09:00 Hooks registered: generation=4, keyboard=0x1A0C01, mouse=0x30C03, keyboard callbacks=74, mouse callbacks=47.
2026-10-06T18:55:20.8243285+09:00 Hook status (periodic): generation=4, enabled=True, emacsEnabled=True, emacsActive=True, keyboardCallbacks=74, mouseCallbacks=47, suppressed=4, injectionFailures=0, refreshRequested=False, sinceRefreshMs=30000, leftAlt=False/False/False, rightAlt=False/False/False, leftCtrl=False/False/False, rightCtrl=False/False/False, asyncAlt=False/False, asyncCtrl=False/False, capturedKeys=0, capsCaptured=False, otherKeysCount=0, droppedLogs=0.
2026-10-06T18:55:20.8245393+09:00 Hooks registered: generation=5, keyboard=0x1109F1, mouse=0x309CD, keyboard callbacks=74, mouse callbacks=47.
2026-10-06T18:55:50.8303559+09:00 Hook status (periodic): generation=5, enabled=True, emacsEnabled=True, emacsActive=True, keyboardCallbacks=74, mouseCallbacks=47, suppressed=4, injectionFailures=0, refreshRequested=False, sinceRefreshMs=30000, leftAlt=False/False/False, rightAlt=False/False/False, leftCtrl=False/False/False, rightCtrl=False/False/False, asyncAlt=False/False, asyncCtrl=False/False, capturedKeys=0, capsCaptured=False, otherKeysCount=0, droppedLogs=0.
2026-10-06T18:55:50.8308456+09:00 Hooks registered: generation=6, keyboard=0x2060335, mouse=0x28013B, keyboard callbacks=74, mouse callbacks=47.
2026-10-06T18:56:20.8452882+09:00 Hook status (periodic): generation=6, enabled=True, emacsEnabled=True, emacsActive=True, keyboardCallbacks=74, mouseCallbacks=47, suppressed=4, injectionFailures=0, refreshRequested=False, sinceRefreshMs=30000, leftAlt=False/False/False, rightAlt=False/False/False, leftCtrl=False/False/False, rightCtrl=False/False/False, asyncAlt=False/False, asyncCtrl=False/False, capturedKeys=0, capsCaptured=False, otherKeysCount=0, droppedLogs=0.
2026-10-06T18:56:20.8455767+09:00 Hooks registered: generation=7, keyboard=0x50885, mouse=0x20891, keyboard callbacks=74, mouse callbacks=47.
2026-10-06T18:56:50.8550127+09:00 Hook status (periodic): generation=7, enabled=True, emacsEnabled=True, emacsActive=True, keyboardCallbacks=74, mouseCallbacks=47, suppressed=4, injectionFailures=0, refreshRequested=False, sinceRefreshMs=30015, leftAlt=False/False/False, rightAlt=False/False/False, leftCtrl=False/False/False, rightCtrl=False/False/False, asyncAlt=False/False, asyncCtrl=False/False, capturedKeys=0, capsCaptured=False, otherKeysCount=0, droppedLogs=0.
2026-10-06T18:56:50.8552213+09:00 Hooks registered: generation=8, keyboard=0x3C09BB, mouse=0x35092F, keyboard callbacks=74, mouse callbacks=47.
2026-10-06T18:57:20.8655394+09:00 Hook status (periodic): generation=8, enabled=True, emacsEnabled=True, emacsActive=True, keyboardCallbacks=74, mouseCallbacks=47, suppressed=4, injectionFailures=0, refreshRequested=False, sinceRefreshMs=30016, leftAlt=False/False/False, rightAlt=False/False/False, leftCtrl=False/False/False, rightCtrl=False/False/False, asyncAlt=False/False, asyncCtrl=False/False, capturedKeys=0, capsCaptured=False, otherKeysCount=0, droppedLogs=0.
2026-10-06T18:57:20.8658364+09:00 Hooks registered: generation=9, keyboard=0x1109C7, mouse=0xA508F1, keyboard callbacks=74, mouse callbacks=47.
2026-10-06T18:57:50.9189409+09:00 Hook status (periodic): generation=9, enabled=True, emacsEnabled=True, emacsActive=True, keyboardCallbacks=74, mouseCallbacks=47, suppressed=4, injectionFailures=0, refreshRequested=False, sinceRefreshMs=30047, leftAlt=False/False/False, rightAlt=False/False/False, leftCtrl=False/False/False, rightCtrl=False/False/False, asyncAlt=False/False, asyncCtrl=False/False, capturedKeys=0, capsCaptured=False, otherKeysCount=0, droppedLogs=0.
2026-10-06T18:57:50.9194869+09:00 Hooks registered: generation=10, keyboard=0x1F0099, mouse=0x5F0449, keyboard callbacks=74, mouse callbacks=47.
2026-10-06T18:58:20.9464884+09:00 Hook status (periodic): generation=10, enabled=True, emacsEnabled=True, emacsActive=True, keyboardCallbacks=74, mouseCallbacks=47, suppressed=4, injectionFailures=0, refreshRequested=False, sinceRefreshMs=30031, leftAlt=False/False/False, rightAlt=False/False/False, leftCtrl=False/False/False, rightCtrl=False/False/False, asyncAlt=False/False, asyncCtrl=False/False, capturedKeys=0, capsCaptured=False, otherKeysCount=0, droppedLogs=0.
2026-10-06T18:58:20.9467812+09:00 Hooks registered: generation=11, keyboard=0xBC0B7B, mouse=0xE0C25, keyboard callbacks=74, mouse callbacks=47.
2026-10-06T18:58:50.9810661+09:00 Hook status (periodic): generation=11, enabled=True, emacsEnabled=True, emacsActive=True, keyboardCallbacks=74, mouseCallbacks=47, suppressed=4, injectionFailures=0, refreshRequested=False, sinceRefreshMs=30031, leftAlt=False/False/False, rightAlt=False/False/False, leftCtrl=False/False/False, rightCtrl=False/False/False, asyncAlt=False/False, asyncCtrl=False/False, capturedKeys=0, capsCaptured=False, otherKeysCount=0, droppedLogs=0.
2026-10-06T18:58:50.9813512+09:00 Hooks registered: generation=12, keyboard=0x2C028B, mouse=0x60C21, keyboard callbacks=74, mouse callbacks=47.
2026-10-06T18:59:21.0003207+09:00 Hook status (periodic): generation=12, enabled=True, emacsEnabled=True, emacsActive=True, keyboardCallbacks=74, mouseCallbacks=47, suppressed=4, injectionFailures=0, refreshRequested=False, sinceRefreshMs=30016, leftAlt=False/False/False, rightAlt=False/False/False, leftCtrl=False/False/False, rightCtrl=False/False/False, asyncAlt=False/False, asyncCtrl=False/False, capturedKeys=0, capsCaptured=False, otherKeysCount=0, droppedLogs=0.
2026-10-06T18:59:21.0007708+09:00 Hooks registered: generation=13, keyboard=0xA30A1F, mouse=0x360891, keyboard callbacks=74, mouse callbacks=47.
2026-10-06T18:59:51.0184321+09:00 Hook status (periodic): generation=13, enabled=True, emacsEnabled=True, emacsActive=True, keyboardCallbacks=74, mouseCallbacks=47, suppressed=4, injectionFailures=0, refreshRequested=False, sinceRefreshMs=30031, leftAlt=False/False/False, rightAlt=False/False/False, leftCtrl=False/False/False, rightCtrl=False/False/False, asyncAlt=False/False, asyncCtrl=False/False, capturedKeys=0, capsCaptured=False, otherKeysCount=0, droppedLogs=0.
2026-10-06T18:59:51.0188057+09:00 Hooks registered: generation=14, keyboard=0x320523, mouse=0xD09DB, keyboard callbacks=74, mouse callbacks=47.
2026-10-06T19:00:21.0233747+09:00 Hook status (periodic): generation=14, enabled=True, emacsEnabled=True, emacsActive=True, keyboardCallbacks=74, mouseCallbacks=47, suppressed=4, injectionFailures=0, refreshRequested=False, sinceRefreshMs=30000, leftAlt=False/False/False, rightAlt=False/False/False, leftCtrl=False/False/False, rightCtrl=False/False/False, asyncAlt=False/False, asyncCtrl=False/False, capturedKeys=0, capsCaptured=False, otherKeysCount=0, droppedLogs=0.
2026-10-06T19:00:21.0236031+09:00 Hooks registered: generation=15, keyboard=0x9C09CB, mouse=0xC609BB, keyboard callbacks=74, mouse callbacks=47.
2026-10-06T19:00:51.0258258+09:00 Hook status (periodic): generation=15, enabled=True, emacsEnabled=True, emacsActive=True, keyboardCallbacks=74, mouseCallbacks=47, suppressed=4, injectionFailures=0, refreshRequested=False, sinceRefreshMs=30000, leftAlt=False/False/False, rightAlt=False/False/False, leftCtrl=False/False/False, rightCtrl=False/False/False, asyncAlt=False/False, asyncCtrl=False/False, capturedKeys=0, capsCaptured=False, otherKeysCount=0, droppedLogs=0.
2026-10-06T19:00:51.0261156+09:00 Hooks registered: generation=16, keyboard=0x470981, mouse=0x890379, keyboard callbacks=74, mouse callbacks=47.
2026-10-06T19:01:21.0710845+09:00 Hook status (periodic): generation=16, enabled=True, emacsEnabled=True, emacsActive=True, keyboardCallbacks=74, mouseCallbacks=47, suppressed=4, injectionFailures=0, refreshRequested=False, sinceRefreshMs=30047, leftAlt=False/False/False, rightAlt=False/False/False, leftCtrl=False/False/False, rightCtrl=False/False/False, asyncAlt=False/False, asyncCtrl=False/False, capturedKeys=0, capsCaptured=False, otherKeysCount=0, droppedLogs=0.
2026-10-06T19:01:21.0713795+09:00 Hooks registered: generation=17, keyboard=0xEA0885, mouse=0x470B1F, keyboard callbacks=74, mouse callbacks=47.
2026-10-06T19:01:51.1110027+09:00 Hook status (periodic): generation=17, enabled=True, emacsEnabled=True, emacsActive=True, keyboardCallbacks=74, mouseCallbacks=47, suppressed=4, injectionFailures=0, refreshRequested=False, sinceRefreshMs=30031, leftAlt=False/False/False, rightAlt=False/False/False, leftCtrl=False/False/False, rightCtrl=False/False/False, asyncAlt=False/False, asyncCtrl=False/False, capturedKeys=0, capsCaptured=False, otherKeysCount=0, droppedLogs=0.
2026-10-06T19:01:51.1112888+09:00 Hooks registered: generation=18, keyboard=0x760BE9, mouse=0x240679, keyboard callbacks=74, mouse callbacks=47.
2026-10-06T19:02:21.1560777+09:00 Hook status (periodic): generation=18, enabled=True, emacsEnabled=True, emacsActive=True, keyboardCallbacks=74, mouseCallbacks=47, suppressed=4, injectionFailures=0, refreshRequested=False, sinceRefreshMs=30047, leftAlt=False/False/False, rightAlt=False/False/False, leftCtrl=False/False/False, rightCtrl=False/False/False, asyncAlt=False/False, asyncCtrl=False/False, capturedKeys=0, capsCaptured=False, otherKeysCount=0, droppedLogs=0.
2026-10-06T19:02:21.1564612+09:00 Hooks registered: generation=19, keyboard=0x9290101, mouse=0xC00C1F, keyboard callbacks=74, mouse callbacks=47.
2026-10-06T19:02:51.1961238+09:00 Hook status (periodic): generation=19, enabled=True, emacsEnabled=True, emacsActive=True, keyboardCallbacks=74, mouseCallbacks=47, suppressed=4, injectionFailures=0, refreshRequested=False, sinceRefreshMs=30047, leftAlt=False/False/False, rightAlt=False/False/False, leftCtrl=False/False/False, rightCtrl=False/False/False, asyncAlt=False/False, asyncCtrl=False/False, capturedKeys=0, capsCaptured=False, otherKeysCount=0, droppedLogs=0.
2026-10-06T19:02:51.1964828+09:00 Hooks registered: generation=20, keyboard=0x28209CB, mouse=0xA0C89, keyboard callbacks=74, mouse callbacks=47.
2026-10-06T19:03:21.1937336+09:00 Hook status (periodic): generation=20, enabled=True, emacsEnabled=True, emacsActive=True, keyboardCallbacks=74, mouseCallbacks=47, suppressed=4, injectionFailures=0, refreshRequested=False, sinceRefreshMs=30000, leftAlt=False/False/False, rightAlt=False/False/False, leftCtrl=False/False/False, rightCtrl=False/False/False, asyncAlt=False/False, asyncCtrl=False/False, capturedKeys=0, capsCaptured=False, otherKeysCount=0, droppedLogs=0.
2026-10-06T19:03:21.1942221+09:00 Hooks registered: generation=21, keyboard=0x98C0C37, mouse=0x2130C49, keyboard callbacks=74, mouse callbacks=47.
2026-10-06T19:03:51.2034642+09:00 Hook status (periodic): generation=21, enabled=True, emacsEnabled=True, emacsActive=True, keyboardCallbacks=74, mouseCallbacks=47, suppressed=4, injectionFailures=0, refreshRequested=False, sinceRefreshMs=30000, leftAlt=False/False/False, rightAlt=False/False/False, leftCtrl=False/False/False, rightCtrl=False/False/False, asyncAlt=False/False, asyncCtrl=False/False, capturedKeys=0, capsCaptured=False, otherKeysCount=0, droppedLogs=0.
2026-10-06T19:03:51.2037562+09:00 Hooks registered: generation=22, keyboard=0x18E0089, mouse=0x980B93, keyboard callbacks=74, mouse callbacks=47.
2026-10-06T19:04:21.2041481+09:00 Hook status (periodic): generation=22, enabled=True, emacsEnabled=True, emacsActive=True, keyboardCallbacks=74, mouseCallbacks=47, suppressed=4, injectionFailures=0, refreshRequested=False, sinceRefreshMs=30000, leftAlt=False/False/False, rightAlt=False/False/False, leftCtrl=False/False/False, rightCtrl=False/False/False, asyncAlt=False/False, asyncCtrl=False/False, capturedKeys=0, capsCaptured=False, otherKeysCount=0, droppedLogs=0.
2026-10-06T19:04:21.2047797+09:00 Hooks registered: generation=23, keyboard=0x9640101, mouse=0x6E018D, keyboard callbacks=74, mouse callbacks=47.
2026-10-06T19:04:51.1998844+09:00 Hook status (periodic): generation=23, enabled=True, emacsEnabled=True, emacsActive=True, keyboardCallbacks=74, mouseCallbacks=47, suppressed=4, injectionFailures=0, refreshRequested=False, sinceRefreshMs=30000, leftAlt=False/False/False, rightAlt=False/False/False, leftCtrl=False/False/False, rightCtrl=False/False/False, asyncAlt=False/False, asyncCtrl=False/False, capturedKeys=0, capsCaptured=False, otherKeysCount=0, droppedLogs=0.
2026-10-06T19:04:51.2001058+09:00 Hooks registered: generation=24, keyboard=0x12A902D5, mouse=0x26073B, keyboard callbacks=74, mouse callbacks=47.
2026-10-06T19:05:21.2250378+09:00 Hook status (periodic): generation=24, enabled=True, emacsEnabled=True, emacsActive=True, keyboardCallbacks=148, mouseCallbacks=47, suppressed=12, injectionFailures=0, refreshRequested=False, sinceRefreshMs=30031, leftAlt=False/False/False, rightAlt=False/False/False, leftCtrl=False/False/False, rightCtrl=False/False/False, asyncAlt=False/False, asyncCtrl=False/False, capturedKeys=0, capsCaptured=False, otherKeysCount=0, droppedLogs=0.
2026-10-06T19:05:21.2252774+09:00 Hooks registered: generation=25, keyboard=0x6B041D, mouse=0x2F10335, keyboard callbacks=148, mouse callbacks=47.
2026-10-06T19:05:51.2776235+09:00 Hook status (periodic): generation=25, enabled=True, emacsEnabled=True, emacsActive=True, keyboardCallbacks=148, mouseCallbacks=47, suppressed=12, injectionFailures=0, refreshRequested=False, sinceRefreshMs=30047, leftAlt=False/False/False, rightAlt=False/False/False, leftCtrl=False/False/False, rightCtrl=False/False/False, asyncAlt=False/False, asyncCtrl=False/False, capturedKeys=0, capsCaptured=False, otherKeysCount=0, droppedLogs=0.
2026-10-06T19:05:51.2779254+09:00 Hooks registered: generation=26, keyboard=0x19A09DB, mouse=0xAD06AF, keyboard callbacks=148, mouse callbacks=47.
2026-10-06T19:06:21.2730682+09:00 Hook status (periodic): generation=26, enabled=True, emacsEnabled=True, emacsActive=True, keyboardCallbacks=152, mouseCallbacks=47, suppressed=12, injectionFailures=0, refreshRequested=False, sinceRefreshMs=30000, leftAlt=False/False/False, rightAlt=False/False/False, leftCtrl=False/False/False, rightCtrl=False/False/False, asyncAlt=False/False, asyncCtrl=False/False, capturedKeys=0, capsCaptured=False, otherKeysCount=0, droppedLogs=0.
2026-10-06T19:06:21.2733667+09:00 Hooks registered: generation=27, keyboard=0x450C9B, mouse=0xF7D01D3, keyboard callbacks=152, mouse callbacks=47.
2026-10-06T19:06:51.3542542+09:00 Hook status (periodic): generation=27, enabled=True, emacsEnabled=True, emacsActive=True, keyboardCallbacks=154, mouseCallbacks=316, suppressed=12, injectionFailures=0, refreshRequested=False, sinceRefreshMs=30078, leftAlt=False/False/False, rightAlt=False/False/False, leftCtrl=False/False/False, rightCtrl=False/False/False, asyncAlt=False/False, asyncCtrl=False/False, capturedKeys=0, capsCaptured=False, otherKeysCount=0, droppedLogs=0.
2026-10-06T19:06:54.3495743+09:00 Hooks registered: generation=28, keyboard=0x2B0CC7, mouse=0x280CC3, keyboard callbacks=154, mouse callbacks=470.
2026-10-06T19:07:21.3972339+09:00 Hook status (periodic): generation=28, enabled=True, emacsEnabled=True, emacsActive=True, keyboardCallbacks=200, mouseCallbacks=470, suppressed=12, injectionFailures=0, refreshRequested=False, sinceRefreshMs=27047, leftAlt=False/False/False, rightAlt=False/False/False, leftCtrl=False/False/False, rightCtrl=False/False/False, asyncAlt=False/False, asyncCtrl=False/False, capturedKeys=0, capsCaptured=False, otherKeysCount=0, droppedLogs=0.
2026-10-06T19:07:24.3993385+09:00 Hooks registered: generation=29, keyboard=0x3E00AF, mouse=0x120CB5, keyboard callbacks=200, mouse callbacks=470.
2026-10-06T19:07:51.4508087+09:00 Hook status (periodic): generation=29, enabled=True, emacsEnabled=True, emacsActive=True, keyboardCallbacks=200, mouseCallbacks=470, suppressed=12, injectionFailures=0, refreshRequested=False, sinceRefreshMs=27047, leftAlt=False/False/False, rightAlt=False/False/False, leftCtrl=False/False/False, rightCtrl=False/False/False, asyncAlt=False/False, asyncCtrl=False/False, capturedKeys=0, capsCaptured=False, otherKeysCount=0, droppedLogs=0.
2026-10-06T19:07:54.4477350+09:00 Hooks registered: generation=30, keyboard=0x17E0079, mouse=0x2940885, keyboard callbacks=200, mouse callbacks=470.
2026-10-06T19:08:21.4505984+09:00 Hook status (periodic): generation=30, enabled=True, emacsEnabled=True, emacsActive=True, keyboardCallbacks=200, mouseCallbacks=470, suppressed=12, injectionFailures=0, refreshRequested=False, sinceRefreshMs=27000, leftAlt=False/False/False, rightAlt=False/False/False, leftCtrl=False/False/False, rightCtrl=False/False/False, asyncAlt=False/False, asyncCtrl=False/False, capturedKeys=0, capsCaptured=False, otherKeysCount=0, droppedLogs=0.
2026-10-06T19:08:24.4477363+09:00 Hooks registered: generation=31, keyboard=0x4B0CF9, mouse=0x140CF1, keyboard callbacks=200, mouse callbacks=470.
2026-10-06T19:08:51.4553674+09:00 Hook status (periodic): generation=31, enabled=True, emacsEnabled=True, emacsActive=True, keyboardCallbacks=200, mouseCallbacks=470, suppressed=12, injectionFailures=0, refreshRequested=False, sinceRefreshMs=27000, leftAlt=False/False/False, rightAlt=False/False/False, leftCtrl=False/False/False, rightCtrl=False/False/False, asyncAlt=False/False, asyncCtrl=False/False, capturedKeys=0, capsCaptured=False, otherKeysCount=0, droppedLogs=0.
2026-10-06T19:08:54.4460044+09:00 Hooks registered: generation=32, keyboard=0xE4041D, mouse=0x7E0BE5, keyboard callbacks=200, mouse callbacks=470.
2026-10-06T19:09:21.4477895+09:00 Hook status (periodic): generation=32, enabled=True, emacsEnabled=True, emacsActive=True, keyboardCallbacks=200, mouseCallbacks=470, suppressed=12, injectionFailures=0, refreshRequested=False, sinceRefreshMs=27000, leftAlt=False/False/False, rightAlt=False/False/False, leftCtrl=False/False/False, rightCtrl=False/False/False, asyncAlt=False/False, asyncCtrl=False/False, capturedKeys=0, capsCaptured=False, otherKeysCount=0, droppedLogs=0.
2026-10-06T19:09:24.4509399+09:00 Hooks registered: generation=33, keyboard=0x15E0173, mouse=0xCD0C73, keyboard callbacks=200, mouse callbacks=470.
2026-10-06T19:09:51.4522630+09:00 Hook status (periodic): generation=33, enabled=True, emacsEnabled=True, emacsActive=True, keyboardCallbacks=200, mouseCallbacks=470, suppressed=12, injectionFailures=0, refreshRequested=False, sinceRefreshMs=27000, leftAlt=False/False/False, rightAlt=False/False/False, leftCtrl=False/False/False, rightCtrl=False/False/False, asyncAlt=False/False, asyncCtrl=False/False, capturedKeys=0, capsCaptured=False, otherKeysCount=0, droppedLogs=0.
2026-10-06T19:09:54.4492207+09:00 Hooks registered: generation=34, keyboard=0x1330CC1, mouse=0x310C7B, keyboard callbacks=200, mouse callbacks=470.
2026-10-06T19:10:21.4823380+09:00 Hook status (periodic): generation=34, enabled=True, emacsEnabled=True, emacsActive=True, keyboardCallbacks=200, mouseCallbacks=470, suppressed=12, injectionFailures=0, refreshRequested=False, sinceRefreshMs=27031, leftAlt=False/False/False, rightAlt=False/False/False, leftCtrl=False/False/False, rightCtrl=False/False/False, asyncAlt=False/False, asyncCtrl=False/False, capturedKeys=0, capsCaptured=False, otherKeysCount=0, droppedLogs=0.
2026-10-06T19:10:24.4778395+09:00 Hooks registered: generation=35, keyboard=0x12E0C6B, mouse=0x16E0C93, keyboard callbacks=200, mouse callbacks=470.
2026-10-06T19:10:51.4851237+09:00 Hook status (periodic): generation=35, enabled=True, emacsEnabled=True, emacsActive=True, keyboardCallbacks=200, mouseCallbacks=470, suppressed=12, injectionFailures=0, refreshRequested=False, sinceRefreshMs=27000, leftAlt=False/False/False, rightAlt=False/False/False, leftCtrl=False/False/False, rightCtrl=False/False/False, asyncAlt=False/False, asyncCtrl=False/False, capturedKeys=0, capsCaptured=False, otherKeysCount=0, droppedLogs=0.
2026-10-06T19:10:54.4790300+09:00 Hooks registered: generation=36, keyboard=0x710D07, mouse=0x15F0301, keyboard callbacks=200, mouse callbacks=470.
2026-10-06T19:11:21.4958438+09:00 Hook status (periodic): generation=36, enabled=True, emacsEnabled=True, emacsActive=True, keyboardCallbacks=200, mouseCallbacks=470, suppressed=12, injectionFailures=0, refreshRequested=False, sinceRefreshMs=27016, leftAlt=False/False/False, rightAlt=False/False/False, leftCtrl=False/False/False, rightCtrl=False/False/False, asyncAlt=False/False, asyncCtrl=False/False, capturedKeys=0, capsCaptured=False, otherKeysCount=0, droppedLogs=0.
2026-10-06T19:11:24.4983339+09:00 Hooks registered: generation=37, keyboard=0x189018D, mouse=0x3B0C85, keyboard callbacks=200, mouse callbacks=470.
2026-10-06T19:11:51.5267569+09:00 Hook status (periodic): generation=37, enabled=True, emacsEnabled=True, emacsActive=True, keyboardCallbacks=200, mouseCallbacks=470, suppressed=12, injectionFailures=0, refreshRequested=False, sinceRefreshMs=27031, leftAlt=False/False/False, rightAlt=False/False/False, leftCtrl=False/False/False, rightCtrl=False/False/False, asyncAlt=False/False, asyncCtrl=False/False, capturedKeys=0, capsCaptured=False, otherKeysCount=0, droppedLogs=0.
2026-10-06T19:11:54.5281627+09:00 Hooks registered: generation=38, keyboard=0x2A40D07, mouse=0x2290C89, keyboard callbacks=200, mouse callbacks=470.
2026-10-06T19:12:21.5222191+09:00 Hook status (periodic): generation=38, enabled=True, emacsEnabled=True, emacsActive=True, keyboardCallbacks=200, mouseCallbacks=470, suppressed=12, injectionFailures=0, refreshRequested=False, sinceRefreshMs=27000, leftAlt=False/False/False, rightAlt=False/False/False, leftCtrl=False/False/False, rightCtrl=False/False/False, asyncAlt=False/False, asyncCtrl=False/False, capturedKeys=0, capsCaptured=False, otherKeysCount=0, droppedLogs=0.
2026-10-06T19:12:24.5196546+09:00 Hooks registered: generation=39, keyboard=0xB306AF, mouse=0x1AB0CC1, keyboard callbacks=200, mouse callbacks=470.
2026-10-06T19:12:51.5359688+09:00 Hook status (periodic): generation=39, enabled=True, emacsEnabled=True, emacsActive=True, keyboardCallbacks=200, mouseCallbacks=470, suppressed=12, injectionFailures=0, refreshRequested=False, sinceRefreshMs=27016, leftAlt=False/False/False, rightAlt=False/False/False, leftCtrl=False/False/False, rightCtrl=False/False/False, asyncAlt=False/False, asyncCtrl=False/False, capturedKeys=0, capsCaptured=False, otherKeysCount=0, droppedLogs=0.
2026-10-06T19:12:54.5434325+09:00 Hooks registered: generation=40, keyboard=0x10C0ACF, mouse=0xF20CD1, keyboard callbacks=200, mouse callbacks=470.
2026-10-06T19:13:21.6509896+09:00 Hook status (periodic): generation=40, enabled=True, emacsEnabled=True, emacsActive=True, keyboardCallbacks=200, mouseCallbacks=470, suppressed=12, injectionFailures=0, refreshRequested=False, sinceRefreshMs=27109, leftAlt=False/False/False, rightAlt=False/False/False, leftCtrl=False/False/False, rightCtrl=False/False/False, asyncAlt=False/False, asyncCtrl=False/False, capturedKeys=0, capsCaptured=False, otherKeysCount=0, droppedLogs=0.
2026-10-06T19:13:24.6504029+09:00 Hooks registered: generation=41, keyboard=0x1C90CC1, mouse=0x1D809DB, keyboard callbacks=200, mouse callbacks=470.
2026-10-06T19:13:51.6509035+09:00 Hook status (periodic): generation=41, enabled=True, emacsEnabled=True, emacsActive=True, keyboardCallbacks=200, mouseCallbacks=470, suppressed=12, injectionFailures=0, refreshRequested=False, sinceRefreshMs=27000, leftAlt=False/False/False, rightAlt=False/False/False, leftCtrl=False/False/False, rightCtrl=False/False/False, asyncAlt=False/False, asyncCtrl=False/False, capturedKeys=0, capsCaptured=False, otherKeysCount=0, droppedLogs=0.
2026-10-06T19:13:54.6509965+09:00 Hooks registered: generation=42, keyboard=0x18A0ACF, mouse=0x17B0C93, keyboard callbacks=200, mouse callbacks=470.
2026-10-06T19:14:21.7015793+09:00 Hook status (periodic): generation=42, enabled=True, emacsEnabled=True, emacsActive=True, keyboardCallbacks=200, mouseCallbacks=470, suppressed=12, injectionFailures=0, refreshRequested=False, sinceRefreshMs=27047, leftAlt=False/False/False, rightAlt=False/False/False, leftCtrl=False/False/False, rightCtrl=False/False/False, asyncAlt=False/False, asyncCtrl=False/False, capturedKeys=0, capsCaptured=False, otherKeysCount=0, droppedLogs=0.
2026-10-06T19:14:24.6932292+09:00 Hooks registered: generation=43, keyboard=0x13C0B89, mouse=0x48403AF, keyboard callbacks=200, mouse callbacks=470.
2026-10-06T19:14:51.7175608+09:00 Hook status (periodic): generation=43, enabled=True, emacsEnabled=True, emacsActive=True, keyboardCallbacks=200, mouseCallbacks=470, suppressed=12, injectionFailures=0, refreshRequested=False, sinceRefreshMs=27016, leftAlt=False/False/False, rightAlt=False/False/False, leftCtrl=False/False/False, rightCtrl=False/False/False, asyncAlt=False/False, asyncCtrl=False/False, capturedKeys=0, capsCaptured=False, otherKeysCount=0, droppedLogs=0.
2026-10-06T19:14:54.7169230+09:00 Hooks registered: generation=44, keyboard=0x21E03CB, mouse=0x1AE60C9D, keyboard callbacks=200, mouse callbacks=470.
2026-10-06T19:15:21.7244261+09:00 Hook status (periodic): generation=44, enabled=True, emacsEnabled=True, emacsActive=True, keyboardCallbacks=200, mouseCallbacks=470, suppressed=12, injectionFailures=0, refreshRequested=False, sinceRefreshMs=27015, leftAlt=False/False/False, rightAlt=False/False/False, leftCtrl=False/False/False, rightCtrl=False/False/False, asyncAlt=False/False, asyncCtrl=False/False, capturedKeys=0, capsCaptured=False, otherKeysCount=0, droppedLogs=0.
2026-10-06T19:15:24.7309989+09:00 Hooks registered: generation=45, keyboard=0x60203AF, mouse=0xA20B1F, keyboard callbacks=200, mouse callbacks=470.
2026-10-06T19:15:51.7265221+09:00 Hook status (periodic): generation=45, enabled=True, emacsEnabled=True, emacsActive=True, keyboardCallbacks=200, mouseCallbacks=470, suppressed=12, injectionFailures=0, refreshRequested=False, sinceRefreshMs=27000, leftAlt=False/False/False, rightAlt=False/False/False, leftCtrl=False/False/False, rightCtrl=False/False/False, asyncAlt=False/False, asyncCtrl=False/False, capturedKeys=0, capsCaptured=False, otherKeysCount=0, droppedLogs=0.
2026-10-06T19:15:54.7363239+09:00 Hooks registered: generation=46, keyboard=0x5C5018D, mouse=0xDA30B0F, keyboard callbacks=200, mouse callbacks=470.
2026-10-06T19:16:21.7283201+09:00 Hook status (periodic): generation=46, enabled=True, emacsEnabled=True, emacsActive=True, keyboardCallbacks=200, mouseCallbacks=470, suppressed=12, injectionFailures=0, refreshRequested=False, sinceRefreshMs=27000, leftAlt=False/False/False, rightAlt=False/False/False, leftCtrl=False/False/False, rightCtrl=False/False/False, asyncAlt=False/False, asyncCtrl=False/False, capturedKeys=0, capsCaptured=False, otherKeysCount=0, droppedLogs=0.
2026-10-06T19:16:24.7318452+09:00 Hooks registered: generation=47, keyboard=0x85D03AF, mouse=0xA30B1F, keyboard callbacks=200, mouse callbacks=470.
2026-10-06T19:16:51.7813295+09:00 Hook status (periodic): generation=47, enabled=True, emacsEnabled=True, emacsActive=True, keyboardCallbacks=200, mouseCallbacks=470, suppressed=12, injectionFailures=0, refreshRequested=False, sinceRefreshMs=27047, leftAlt=False/False/False, rightAlt=False/False/False, leftCtrl=False/False/False, rightCtrl=False/False/False, asyncAlt=False/False, asyncCtrl=False/False, capturedKeys=0, capsCaptured=False, otherKeysCount=0, droppedLogs=0.
2026-10-06T19:16:54.7800656+09:00 Hooks registered: generation=48, keyboard=0x3F20B89, mouse=0x36A0335, keyboard callbacks=200, mouse callbacks=470.
2026-10-06T19:17:21.7800310+09:00 Hook status (periodic): generation=48, enabled=True, emacsEnabled=True, emacsActive=True, keyboardCallbacks=200, mouseCallbacks=470, suppressed=12, injectionFailures=0, refreshRequested=False, sinceRefreshMs=27000, leftAlt=False/False/False, rightAlt=False/False/False, leftCtrl=False/False/False, rightCtrl=False/False/False, asyncAlt=False/False, asyncCtrl=False/False, capturedKeys=0, capsCaptured=False, otherKeysCount=0, droppedLogs=0.
2026-10-06T19:17:24.7779099+09:00 Hooks registered: generation=49, keyboard=0x1B610C9D, mouse=0xA730C37, keyboard callbacks=200, mouse callbacks=470.
2026-10-06T19:17:51.7940508+09:00 Hook status (periodic): generation=49, enabled=True, emacsEnabled=True, emacsActive=True, keyboardCallbacks=200, mouseCallbacks=470, suppressed=12, injectionFailures=0, refreshRequested=False, sinceRefreshMs=27016, leftAlt=False/False/False, rightAlt=False/False/False, leftCtrl=False/False/False, rightCtrl=False/False/False, asyncAlt=False/False, asyncCtrl=False/False, capturedKeys=0, capsCaptured=False, otherKeysCount=0, droppedLogs=0.
2026-10-06T19:17:54.8033323+09:00 Hooks registered: generation=50, keyboard=0x3210301, mouse=0x4A30B89, keyboard callbacks=200, mouse callbacks=470.
2026-10-06T19:18:21.8279495+09:00 Hook status (periodic): generation=50, enabled=True, emacsEnabled=True, emacsActive=True, keyboardCallbacks=200, mouseCallbacks=470, suppressed=12, injectionFailures=0, refreshRequested=False, sinceRefreshMs=27015, leftAlt=False/False/False, rightAlt=False/False/False, leftCtrl=False/False/False, rightCtrl=False/False/False, asyncAlt=False/False, asyncCtrl=False/False, capturedKeys=0, capsCaptured=False, otherKeysCount=0, droppedLogs=0.
2026-10-06T19:18:24.8379734+09:00 Hooks registered: generation=51, keyboard=0x2590C09, mouse=0x28503CB, keyboard callbacks=200, mouse callbacks=470.
2026-10-06T19:18:51.8561681+09:00 Hook status (periodic): generation=51, enabled=True, emacsEnabled=True, emacsActive=True, keyboardCallbacks=200, mouseCallbacks=470, suppressed=12, injectionFailures=0, refreshRequested=False, sinceRefreshMs=27015, leftAlt=False/False/False, rightAlt=False/False/False, leftCtrl=False/False/False, rightCtrl=False/False/False, asyncAlt=False/False, asyncCtrl=False/False, capturedKeys=0, capsCaptured=False, otherKeysCount=0, droppedLogs=0.
2026-10-06T19:18:54.8481211+09:00 Hooks registered: generation=52, keyboard=0x3660BE5, mouse=0x8690C9F, keyboard callbacks=200, mouse callbacks=470.
2026-10-06T19:19:21.8579068+09:00 Hook status (periodic): generation=52, enabled=True, emacsEnabled=True, emacsActive=True, keyboardCallbacks=200, mouseCallbacks=470, suppressed=12, injectionFailures=0, refreshRequested=False, sinceRefreshMs=27000, leftAlt=False/False/False, rightAlt=False/False/False, leftCtrl=False/False/False, rightCtrl=False/False/False, asyncAlt=False/False, asyncCtrl=False/False, capturedKeys=0, capsCaptured=False, otherKeysCount=0, droppedLogs=0.
2026-10-06T19:19:24.8470203+09:00 Hooks registered: generation=53, keyboard=0x4A90C09, mouse=0x28603CB, keyboard callbacks=200, mouse callbacks=470.
2026-10-06T19:19:51.8934829+09:00 Hook status (periodic): generation=53, enabled=True, emacsEnabled=True, emacsActive=True, keyboardCallbacks=200, mouseCallbacks=470, suppressed=12, injectionFailures=0, refreshRequested=False, sinceRefreshMs=27047, leftAlt=False/False/False, rightAlt=False/False/False, leftCtrl=False/False/False, rightCtrl=False/False/False, asyncAlt=False/False, asyncCtrl=False/False, capturedKeys=0, capsCaptured=False, otherKeysCount=0, droppedLogs=0.
2026-10-06T19:19:54.8982269+09:00 Hooks registered: generation=54, keyboard=0x9650C9F, mouse=0x1A901DB, keyboard callbacks=200, mouse callbacks=470.
2026-10-06T19:20:21.9096932+09:00 Hook status (periodic): generation=54, enabled=True, emacsEnabled=True, emacsActive=True, keyboardCallbacks=200, mouseCallbacks=470, suppressed=12, injectionFailures=0, refreshRequested=False, sinceRefreshMs=27016, leftAlt=False/False/False, rightAlt=False/False/False, leftCtrl=False/False/False, rightCtrl=False/False/False, asyncAlt=False/False, asyncCtrl=False/False, capturedKeys=0, capsCaptured=False, otherKeysCount=0, droppedLogs=0.
2026-10-06T19:20:24.9196257+09:00 Hooks registered: generation=55, keyboard=0x4F40325, mouse=0x2490CD9, keyboard callbacks=200, mouse callbacks=470.
2026-10-06T19:20:51.9770884+09:00 Hook status (periodic): generation=55, enabled=True, emacsEnabled=True, emacsActive=True, keyboardCallbacks=200, mouseCallbacks=470, suppressed=12, injectionFailures=0, refreshRequested=False, sinceRefreshMs=27062, leftAlt=False/False/False, rightAlt=False/False/False, leftCtrl=False/False/False, rightCtrl=False/False/False, asyncAlt=False/False, asyncCtrl=False/False, capturedKeys=0, capsCaptured=False, otherKeysCount=0, droppedLogs=0.
2026-10-06T19:20:54.9759630+09:00 Hooks registered: generation=56, keyboard=0xBB50C9F, mouse=0x5620C09, keyboard callbacks=200, mouse callbacks=470.
2026-10-06T19:21:22.0207075+09:00 Hook status (periodic): generation=56, enabled=True, emacsEnabled=True, emacsActive=True, keyboardCallbacks=200, mouseCallbacks=470, suppressed=12, injectionFailures=0, refreshRequested=False, sinceRefreshMs=27047, leftAlt=False/False/False, rightAlt=False/False/False, leftCtrl=False/False/False, rightCtrl=False/False/False, asyncAlt=False/False, asyncCtrl=False/False, capturedKeys=0, capsCaptured=False, otherKeysCount=0, droppedLogs=0.
2026-10-06T19:21:25.0334994+09:00 Hooks registered: generation=57, keyboard=0x6BB0BE5, mouse=0x5370325, keyboard callbacks=200, mouse callbacks=470.
2026-10-06T19:21:52.0652149+09:00 Hook status (periodic): generation=57, enabled=True, emacsEnabled=True, emacsActive=True, keyboardCallbacks=200, mouseCallbacks=470, suppressed=12, injectionFailures=0, refreshRequested=False, sinceRefreshMs=27047, leftAlt=False/False/False, rightAlt=False/False/False, leftCtrl=False/False/False, rightCtrl=False/False/False, asyncAlt=False/False, asyncCtrl=False/False, capturedKeys=0, capsCaptured=False, otherKeysCount=0, droppedLogs=0.
2026-10-06T19:21:55.0682983+09:00 Hooks registered: generation=58, keyboard=0x5C70C09, mouse=0x24A0CD9, keyboard callbacks=200, mouse callbacks=470.
2026-10-06T19:22:22.0827282+09:00 Hook status (periodic): generation=58, enabled=True, emacsEnabled=True, emacsActive=True, keyboardCallbacks=200, mouseCallbacks=470, suppressed=12, injectionFailures=0, refreshRequested=False, sinceRefreshMs=27016, leftAlt=False/False/False, rightAlt=False/False/False, leftCtrl=False/False/False, rightCtrl=False/False/False, asyncAlt=False/False, asyncCtrl=False/False, capturedKeys=0, capsCaptured=False, otherKeysCount=0, droppedLogs=0.
2026-10-06T19:22:25.1090366+09:00 Hooks registered: generation=59, keyboard=0xDE0C85, mouse=0x8D30BE5, keyboard callbacks=200, mouse callbacks=470.
2026-10-06T19:22:52.0969943+09:00 Hook status (periodic): generation=59, enabled=True, emacsEnabled=True, emacsActive=True, keyboardCallbacks=200, mouseCallbacks=470, suppressed=12, injectionFailures=0, refreshRequested=False, sinceRefreshMs=27000, leftAlt=False/False/False, rightAlt=False/False/False, leftCtrl=False/False/False, rightCtrl=False/False/False, asyncAlt=False/False, asyncCtrl=False/False, capturedKeys=0, capsCaptured=False, otherKeysCount=0, droppedLogs=0.
2026-10-06T19:22:55.1117571+09:00 Hooks registered: generation=60, keyboard=0x41903CB, mouse=0x17F0C93, keyboard callbacks=200, mouse callbacks=470.
2026-10-06T19:23:22.1394828+09:00 Hook status (periodic): generation=60, enabled=True, emacsEnabled=True, emacsActive=True, keyboardCallbacks=200, mouseCallbacks=470, suppressed=12, injectionFailures=0, refreshRequested=False, sinceRefreshMs=27032, leftAlt=False/False/False, rightAlt=False/False/False, leftCtrl=False/False/False, rightCtrl=False/False/False, asyncAlt=False/False, asyncCtrl=False/False, capturedKeys=0, capsCaptured=False, otherKeysCount=0, droppedLogs=0.
2026-10-06T19:23:25.1373604+09:00 Hooks registered: generation=61, keyboard=0xABF0BE5, mouse=0x1940ACF, keyboard callbacks=200, mouse callbacks=470.
2026-10-06T19:23:52.1576873+09:00 Hook status (periodic): generation=61, enabled=True, emacsEnabled=True, emacsActive=True, keyboardCallbacks=200, mouseCallbacks=470, suppressed=12, injectionFailures=0, refreshRequested=False, sinceRefreshMs=27015, leftAlt=False/False/False, rightAlt=False/False/False, leftCtrl=False/False/False, rightCtrl=False/False/False, asyncAlt=False/False, asyncCtrl=False/False, capturedKeys=0, capsCaptured=False, otherKeysCount=0, droppedLogs=0.
2026-10-06T19:23:55.1532732+09:00 Hooks registered: generation=62, keyboard=0x2090C93, mouse=0xA70B1F, keyboard callbacks=200, mouse callbacks=470.
2026-10-06T19:24:22.1438040+09:00 Hook status (periodic): generation=62, enabled=True, emacsEnabled=True, emacsActive=True, keyboardCallbacks=200, mouseCallbacks=470, suppressed=12, injectionFailures=0, refreshRequested=False, sinceRefreshMs=27000, leftAlt=False/False/False, rightAlt=False/False/False, leftCtrl=False/False/False, rightCtrl=False/False/False, asyncAlt=False/False, asyncCtrl=False/False, capturedKeys=0, capsCaptured=False, otherKeysCount=0, droppedLogs=0.
2026-10-06T19:24:25.1468102+09:00 Hooks registered: generation=63, keyboard=0x186E0981, mouse=0x5DE03CB, keyboard callbacks=200, mouse callbacks=470.
2026-10-06T19:24:52.2113164+09:00 Hook status (periodic): generation=63, enabled=True, emacsEnabled=True, emacsActive=True, keyboardCallbacks=200, mouseCallbacks=470, suppressed=12, injectionFailures=0, refreshRequested=False, sinceRefreshMs=27063, leftAlt=False/False/False, rightAlt=False/False/False, leftCtrl=False/False/False, rightCtrl=False/False/False, asyncAlt=False/False, asyncCtrl=False/False, capturedKeys=0, capsCaptured=False, otherKeysCount=0, droppedLogs=0.
2026-10-06T19:24:55.2128289+09:00 Hooks registered: generation=64, keyboard=0x29801DB, mouse=0xDCA0C9F, keyboard callbacks=200, mouse callbacks=470.
2026-10-06T19:25:22.3350958+09:00 Hook status (periodic): generation=64, enabled=True, emacsEnabled=True, emacsActive=True, keyboardCallbacks=200, mouseCallbacks=470, suppressed=12, injectionFailures=0, refreshRequested=False, sinceRefreshMs=27125, leftAlt=False/False/False, rightAlt=False/False/False, leftCtrl=False/False/False, rightCtrl=False/False/False, asyncAlt=False/False, asyncCtrl=False/False, capturedKeys=0, capsCaptured=False, otherKeysCount=0, droppedLogs=0.
2026-10-06T19:25:25.3557431+09:00 Hooks registered: generation=65, keyboard=0x1ABD0981, mouse=0x5DF03CB, keyboard callbacks=200, mouse callbacks=470.
2026-10-06T19:25:52.4029002+09:00 Hook status (periodic): generation=65, enabled=True, emacsEnabled=True, emacsActive=True, keyboardCallbacks=200, mouseCallbacks=470, suppressed=12, injectionFailures=0, refreshRequested=False, sinceRefreshMs=27047, leftAlt=False/False/False, rightAlt=False/False/False, leftCtrl=False/False/False, rightCtrl=False/False/False, asyncAlt=False/False, asyncCtrl=False/False, capturedKeys=0, capsCaptured=False, otherKeysCount=0, droppedLogs=0.
2026-10-06T19:25:55.4002440+09:00 Hooks registered: generation=66, keyboard=0xC670BE5, mouse=0x3A101DB, keyboard callbacks=200, mouse callbacks=470.
2026-10-06T19:26:22.4507912+09:00 Hook status (periodic): generation=66, enabled=True, emacsEnabled=True, emacsActive=True, keyboardCallbacks=200, mouseCallbacks=470, suppressed=12, injectionFailures=0, refreshRequested=False, sinceRefreshMs=27047, leftAlt=False/False/False, rightAlt=False/False/False, leftCtrl=False/False/False, rightCtrl=False/False/False, asyncAlt=False/False, asyncCtrl=False/False, capturedKeys=0, capsCaptured=False, otherKeysCount=0, droppedLogs=0.
2026-10-06T19:26:25.4492070+09:00 Hooks registered: generation=67, keyboard=0x1D0D0981, mouse=0x5E003CB, keyboard callbacks=200, mouse callbacks=470.
2026-10-06T19:26:52.4453848+09:00 Hook status (periodic): generation=67, enabled=True, emacsEnabled=True, emacsActive=True, keyboardCallbacks=200, mouseCallbacks=470, suppressed=12, injectionFailures=0, refreshRequested=False, sinceRefreshMs=27000, leftAlt=False/False/False, rightAlt=False/False/False, leftCtrl=False/False/False, rightCtrl=False/False/False, asyncAlt=False/False, asyncCtrl=False/False, capturedKeys=0, capsCaptured=False, otherKeysCount=0, droppedLogs=0.
2026-10-06T19:26:55.4476371+09:00 Hooks registered: generation=68, keyboard=0x5450B89, mouse=0xDAC0BE5, keyboard callbacks=200, mouse callbacks=470.
2026-10-06T19:27:22.4548101+09:00 Hook status (periodic): generation=68, enabled=True, emacsEnabled=True, emacsActive=True, keyboardCallbacks=200, mouseCallbacks=470, suppressed=12, injectionFailures=0, refreshRequested=False, sinceRefreshMs=27000, leftAlt=False/False/False, rightAlt=False/False/False, leftCtrl=False/False/False, rightCtrl=False/False/False, asyncAlt=False/False, asyncCtrl=False/False, capturedKeys=0, capsCaptured=False, otherKeysCount=0, droppedLogs=0.
2026-10-06T19:27:25.4438481+09:00 Hooks registered: generation=69, keyboard=0x3580ACF, mouse=0x9590BFD, keyboard callbacks=200, mouse callbacks=470.
2026-10-06T19:27:52.4456862+09:00 Hook status (periodic): generation=69, enabled=True, emacsEnabled=True, emacsActive=True, keyboardCallbacks=200, mouseCallbacks=470, suppressed=12, injectionFailures=0, refreshRequested=False, sinceRefreshMs=27000, leftAlt=False/False/False, rightAlt=False/False/False, leftCtrl=False/False/False, rightCtrl=False/False/False, asyncAlt=False/False, asyncCtrl=False/False, capturedKeys=0, capsCaptured=False, otherKeysCount=0, droppedLogs=0.
2026-10-06T19:27:55.4489473+09:00 Hooks registered: generation=70, keyboard=0x676018D, mouse=0xB609FD, keyboard callbacks=200, mouse callbacks=470.
2026-10-06T19:28:22.4433852+09:00 Hook status (periodic): generation=70, enabled=True, emacsEnabled=True, emacsActive=True, keyboardCallbacks=200, mouseCallbacks=470, suppressed=12, injectionFailures=0, refreshRequested=False, sinceRefreshMs=27000, leftAlt=False/False/False, rightAlt=False/False/False, leftCtrl=False/False/False, rightCtrl=False/False/False, asyncAlt=False/False, asyncCtrl=False/False, capturedKeys=0, capsCaptured=False, otherKeysCount=0, droppedLogs=0.
2026-10-06T19:28:25.4451135+09:00 Hooks registered: generation=71, keyboard=0x1F070981, mouse=0x5E303CB, keyboard callbacks=200, mouse callbacks=470.
2026-10-06T19:28:52.4744464+09:00 Hook status (periodic): generation=71, enabled=True, emacsEnabled=True, emacsActive=True, keyboardCallbacks=200, mouseCallbacks=470, suppressed=12, injectionFailures=0, refreshRequested=False, sinceRefreshMs=27031, leftAlt=False/False/False, rightAlt=False/False/False, leftCtrl=False/False/False, rightCtrl=False/False/False, asyncAlt=False/False, asyncCtrl=False/False, capturedKeys=0, capsCaptured=False, otherKeysCount=0, droppedLogs=0.
2026-10-06T19:28:55.4807840+09:00 Hooks registered: generation=72, keyboard=0x4D701DB, mouse=0x820018D, keyboard callbacks=200, mouse callbacks=470.
2026-10-06T19:29:22.4812637+09:00 Hook status (periodic): generation=72, enabled=True, emacsEnabled=True, emacsActive=True, keyboardCallbacks=200, mouseCallbacks=470, suppressed=12, injectionFailures=0, refreshRequested=False, sinceRefreshMs=27000, leftAlt=False/False/False, rightAlt=False/False/False, leftCtrl=False/False/False, rightCtrl=False/False/False, asyncAlt=False/False, asyncCtrl=False/False, capturedKeys=0, capsCaptured=False, otherKeysCount=0, droppedLogs=0.
2026-10-06T19:29:25.4856375+09:00 Hooks registered: generation=73, keyboard=0x1DB0B1F, mouse=0xE30C75, keyboard callbacks=200, mouse callbacks=470.
2026-10-06T19:29:52.5417388+09:00 Hook status (periodic): generation=73, enabled=True, emacsEnabled=True, emacsActive=True, keyboardCallbacks=200, mouseCallbacks=470, suppressed=12, injectionFailures=0, refreshRequested=False, sinceRefreshMs=27063, leftAlt=False/False/False, rightAlt=False/False/False, leftCtrl=False/False/False, rightCtrl=False/False/False, asyncAlt=False/False, asyncCtrl=False/False, capturedKeys=0, capsCaptured=False, otherKeysCount=0, droppedLogs=0.
2026-10-06T19:29:55.5402658+09:00 Hooks registered: generation=74, keyboard=0x72B01DB, mouse=0x62303CB, keyboard callbacks=200, mouse callbacks=470.
2026-10-06T19:30:22.5692308+09:00 Hook status (periodic): generation=74, enabled=True, emacsEnabled=True, emacsActive=True, keyboardCallbacks=200, mouseCallbacks=470, suppressed=12, injectionFailures=0, refreshRequested=False, sinceRefreshMs=27031, leftAlt=False/False/False, rightAlt=False/False/False, leftCtrl=False/False/False, rightCtrl=False/False/False, asyncAlt=False/False, asyncCtrl=False/False, capturedKeys=0, capsCaptured=False, otherKeysCount=0, droppedLogs=0.
2026-10-06T19:30:25.5781451+09:00 Hooks registered: generation=75, keyboard=0x1FBF0981, mouse=0x23A09FD, keyboard callbacks=200, mouse callbacks=470.
2026-10-06T19:30:52.5810165+09:00 Hook status (periodic): generation=75, enabled=True, emacsEnabled=True, emacsActive=True, keyboardCallbacks=200, mouseCallbacks=470, suppressed=12, injectionFailures=0, refreshRequested=False, sinceRefreshMs=27016, leftAlt=False/False/False, rightAlt=False/False/False, leftCtrl=False/False/False, rightCtrl=False/False/False, asyncAlt=False/False, asyncCtrl=False/False, capturedKeys=0, capsCaptured=False, otherKeysCount=0, droppedLogs=0.
2026-10-06T19:30:55.6105943+09:00 Hooks registered: generation=76, keyboard=0x68903CB, mouse=0x3DF0ACF, keyboard callbacks=200, mouse callbacks=470.
2026-10-06T19:31:22.6598579+09:00 Hook status (periodic): generation=76, enabled=True, emacsEnabled=True, emacsActive=True, keyboardCallbacks=200, mouseCallbacks=470, suppressed=12, injectionFailures=0, refreshRequested=False, sinceRefreshMs=27063, leftAlt=False/False/False, rightAlt=False/False/False, leftCtrl=False/False/False, rightCtrl=False/False/False, asyncAlt=False/False, asyncCtrl=False/False, capturedKeys=0, capsCaptured=False, otherKeysCount=0, droppedLogs=0.
2026-10-06T19:31:25.6761872+09:00 Hooks registered: generation=77, keyboard=0x5D60B89, mouse=0x3180B1F, keyboard callbacks=200, mouse callbacks=470.
2026-10-06T19:31:52.6932157+09:00 Hook status (periodic): generation=77, enabled=True, emacsEnabled=True, emacsActive=True, keyboardCallbacks=200, mouseCallbacks=470, suppressed=12, injectionFailures=0, refreshRequested=False, sinceRefreshMs=27015, leftAlt=False/False/False, rightAlt=False/False/False, leftCtrl=False/False/False, rightCtrl=False/False/False, asyncAlt=False/False, asyncCtrl=False/False, capturedKeys=0, capsCaptured=False, otherKeysCount=0, droppedLogs=0.
2026-10-06T19:31:55.6907470+09:00 Hooks registered: generation=78, keyboard=0x33204FB, mouse=0x39E0CD9, keyboard callbacks=200, mouse callbacks=470.
2026-10-06T19:32:22.7257408+09:00 Hook status (periodic): generation=78, enabled=True, emacsEnabled=True, emacsActive=True, keyboardCallbacks=200, mouseCallbacks=470, suppressed=12, injectionFailures=0, refreshRequested=False, sinceRefreshMs=27031, leftAlt=False/False/False, rightAlt=False/False/False, leftCtrl=False/False/False, rightCtrl=False/False/False, asyncAlt=False/False, asyncCtrl=False/False, capturedKeys=0, capsCaptured=False, otherKeysCount=0, droppedLogs=0.
2026-10-06T19:32:25.7360231+09:00 Hooks registered: generation=79, keyboard=0x4F00C93, mouse=0x68F0B89, keyboard callbacks=200, mouse callbacks=470.
2026-10-06T19:32:52.7274996+09:00 Hook status (periodic): generation=79, enabled=True, emacsEnabled=True, emacsActive=True, keyboardCallbacks=200, mouseCallbacks=470, suppressed=12, injectionFailures=0, refreshRequested=False, sinceRefreshMs=27000, leftAlt=False/False/False, rightAlt=False/False/False, leftCtrl=False/False/False, rightCtrl=False/False/False, asyncAlt=False/False, asyncCtrl=False/False, capturedKeys=0, capsCaptured=False, otherKeysCount=0, droppedLogs=0.
2026-10-06T19:32:55.7264163+09:00 Hooks registered: generation=80, keyboard=0x1FF309BB, mouse=0x23C09FD, keyboard callbacks=200, mouse callbacks=470.
2026-10-06T19:33:22.7469771+09:00 Hook status (periodic): generation=80, enabled=True, emacsEnabled=True, emacsActive=True, keyboardCallbacks=200, mouseCallbacks=470, suppressed=12, injectionFailures=0, refreshRequested=False, sinceRefreshMs=27016, leftAlt=False/False/False, rightAlt=False/False/False, leftCtrl=False/False/False, rightCtrl=False/False/False, asyncAlt=False/False, asyncCtrl=False/False, capturedKeys=0, capsCaptured=False, otherKeysCount=0, droppedLogs=0.
2026-10-06T19:33:25.7381858+09:00 Hooks registered: generation=81, keyboard=0x1C00C75, mouse=0x95101DB, keyboard callbacks=200, mouse callbacks=470.
2026-10-06T19:33:52.7818697+09:00 Hook status (periodic): generation=81, enabled=True, emacsEnabled=True, emacsActive=True, keyboardCallbacks=200, mouseCallbacks=470, suppressed=12, injectionFailures=0, refreshRequested=False, sinceRefreshMs=27031, leftAlt=False/False/False, rightAlt=False/False/False, leftCtrl=False/False/False, rightCtrl=False/False/False, asyncAlt=False/False, asyncCtrl=False/False, capturedKeys=0, capsCaptured=False, otherKeysCount=0, droppedLogs=0.
2026-10-06T19:33:55.7729595+09:00 Hooks registered: generation=82, keyboard=0xE6F0C9F, mouse=0x24709FD, keyboard callbacks=200, mouse callbacks=470.
2026-10-06T19:34:22.8062576+09:00 Hook status (periodic): generation=82, enabled=True, emacsEnabled=True, emacsActive=True, keyboardCallbacks=200, mouseCallbacks=617, suppressed=12, injectionFailures=0, refreshRequested=False, sinceRefreshMs=27032, leftAlt=False/False/False, rightAlt=False/False/False, leftCtrl=False/False/False, rightCtrl=False/False/False, asyncAlt=False/False, asyncCtrl=False/False, capturedKeys=0, capsCaptured=False, otherKeysCount=0, droppedLogs=0.
2026-10-06T19:34:29.8304930+09:00 Hooks registered: generation=83, keyboard=0x1360CA3, mouse=0x244008D, keyboard callbacks=200, mouse callbacks=689.
2026-10-06T19:34:52.8621058+09:00 Hook status (periodic): generation=83, enabled=True, emacsEnabled=True, emacsActive=True, keyboardCallbacks=200, mouseCallbacks=1051, suppressed=12, injectionFailures=0, refreshRequested=False, sinceRefreshMs=23047, leftAlt=False/False/False, rightAlt=False/False/False, leftCtrl=False/False/False, rightCtrl=False/False/False, asyncAlt=False/False, asyncCtrl=False/False, capturedKeys=0, capsCaptured=False, otherKeysCount=0, droppedLogs=0.
2026-10-06T19:35:08.8911733+09:00 Hooks registered: generation=84, keyboard=0xCF0CE9, mouse=0xF10891, keyboard callbacks=200, mouse callbacks=1833.
2026-10-06T19:35:22.8915547+09:00 Hook status (periodic): generation=84, enabled=True, emacsEnabled=True, emacsActive=True, keyboardCallbacks=200, mouseCallbacks=1973, suppressed=12, injectionFailures=0, refreshRequested=False, sinceRefreshMs=14000, leftAlt=False/False/False, rightAlt=False/False/False, leftCtrl=False/False/False, rightCtrl=False/False/False, asyncAlt=False/False, asyncCtrl=False/False, capturedKeys=0, capsCaptured=False, otherKeysCount=0, droppedLogs=0.
2026-10-06T19:35:42.9555393+09:00 Hooks registered: generation=85, keyboard=0xA160BFD, mouse=0x20A0CC1, keyboard callbacks=200, mouse callbacks=2246.
2026-10-06T19:35:52.9434229+09:00 Hook status (periodic): generation=85, enabled=True, emacsEnabled=True, emacsActive=True, keyboardCallbacks=200, mouseCallbacks=2252, suppressed=12, injectionFailures=0, refreshRequested=False, sinceRefreshMs=10000, leftAlt=False/False/False, rightAlt=False/False/False, leftCtrl=False/False/False, rightCtrl=False/False/False, asyncAlt=False/False, asyncCtrl=False/False, capturedKeys=0, capsCaptured=False, otherKeysCount=0, droppedLogs=0.
2026-10-06T19:36:12.9453780+09:00 Hooks registered: generation=86, keyboard=0xDD0CF9, mouse=0x36303C9, keyboard callbacks=200, mouse callbacks=2353.
2026-10-06T19:36:22.9536808+09:00 Hook status (periodic): generation=86, enabled=True, emacsEnabled=True, emacsActive=True, keyboardCallbacks=200, mouseCallbacks=2486, suppressed=12, injectionFailures=0, refreshRequested=False, sinceRefreshMs=10000, leftAlt=False/False/False, rightAlt=False/False/False, leftCtrl=False/False/False, rightCtrl=False/False/False, asyncAlt=False/False, asyncCtrl=False/False, capturedKeys=0, capsCaptured=False, otherKeysCount=0, droppedLogs=0.
2026-10-06T19:36:45.9421665+09:00 Hooks registered: generation=87, keyboard=0x7604C9, mouse=0x360073B, keyboard callbacks=200, mouse callbacks=2706.
2026-10-06T19:36:52.9538029+09:00 Hook status (periodic): generation=87, enabled=True, emacsEnabled=True, emacsActive=True, keyboardCallbacks=200, mouseCallbacks=2824, suppressed=12, injectionFailures=0, refreshRequested=False, sinceRefreshMs=7000, leftAlt=False/False/False, rightAlt=False/False/False, leftCtrl=False/False/False, rightCtrl=False/False/False, asyncAlt=False/False, asyncCtrl=False/False, capturedKeys=0, capsCaptured=False, otherKeysCount=0, droppedLogs=0.
2026-10-06T19:37:15.9495795+09:00 Hooks registered: generation=88, keyboard=0x51C0601, mouse=0x650D4B, keyboard callbacks=202, mouse callbacks=3236.
2026-10-06T19:37:22.9465268+09:00 Hook status (periodic): generation=88, enabled=True, emacsEnabled=True, emacsActive=True, keyboardCallbacks=202, mouseCallbacks=3236, suppressed=12, injectionFailures=0, refreshRequested=False, sinceRefreshMs=7000, leftAlt=False/False/False, rightAlt=False/False/False, leftCtrl=False/False/False, rightCtrl=False/False/False, asyncAlt=False/False, asyncCtrl=False/False, capturedKeys=0, capsCaptured=False, otherKeysCount=0, droppedLogs=0.
2026-10-06T19:37:45.9631851+09:00 Hooks registered: generation=89, keyboard=0x1B0D71, mouse=0x30D77, keyboard callbacks=202, mouse callbacks=3236.
2026-10-06T19:37:52.9835439+09:00 Hook status (periodic): generation=89, enabled=True, emacsEnabled=True, emacsActive=True, keyboardCallbacks=202, mouseCallbacks=3236, suppressed=12, injectionFailures=0, refreshRequested=False, sinceRefreshMs=7015, leftAlt=False/False/False, rightAlt=False/False/False, leftCtrl=False/False/False, rightCtrl=False/False/False, asyncAlt=False/False, asyncCtrl=False/False, capturedKeys=0, capsCaptured=False, otherKeysCount=0, droppedLogs=0.
2026-10-06T19:38:16.0263939+09:00 Hooks registered: generation=90, keyboard=0xE0D0B0F, mouse=0xFC30C9F, keyboard callbacks=202, mouse callbacks=3236.
2026-10-06T19:38:23.0263706+09:00 Hook status (periodic): generation=90, enabled=True, emacsEnabled=True, emacsActive=True, keyboardCallbacks=202, mouseCallbacks=3236, suppressed=12, injectionFailures=0, refreshRequested=False, sinceRefreshMs=7000, leftAlt=False/False/False, rightAlt=False/False/False, leftCtrl=False/False/False, rightCtrl=False/False/False, asyncAlt=False/False, asyncCtrl=False/False, capturedKeys=0, capsCaptured=False, otherKeysCount=0, droppedLogs=0.
2026-10-06T19:38:46.0228006+09:00 Hooks registered: generation=91, keyboard=0x2940C85, mouse=0xA90D37, keyboard callbacks=202, mouse callbacks=3236.
2026-10-06T19:38:53.0259923+09:00 Hook status (periodic): generation=91, enabled=True, emacsEnabled=True, emacsActive=True, keyboardCallbacks=202, mouseCallbacks=3236, suppressed=12, injectionFailures=0, refreshRequested=False, sinceRefreshMs=7000, leftAlt=False/False/False, rightAlt=False/False/False, leftCtrl=False/False/False, rightCtrl=False/False/False, asyncAlt=False/False, asyncCtrl=False/False, capturedKeys=0, capsCaptured=False, otherKeysCount=0, droppedLogs=0.
2026-10-06T19:39:16.0704436+09:00 Hooks registered: generation=92, keyboard=0x3B103C9, mouse=0x22840C37, keyboard callbacks=202, mouse callbacks=3236.
2026-10-06T19:39:23.0844870+09:00 Hook status (periodic): generation=92, enabled=True, emacsEnabled=True, emacsActive=True, keyboardCallbacks=202, mouseCallbacks=3236, suppressed=12, injectionFailures=0, refreshRequested=False, sinceRefreshMs=7016, leftAlt=False/False/False, rightAlt=False/False/False, leftCtrl=False/False/False, rightCtrl=False/False/False, asyncAlt=False/False, asyncCtrl=False/False, capturedKeys=0, capsCaptured=False, otherKeysCount=0, droppedLogs=0.
2026-10-06T19:39:46.0996284+09:00 Hooks registered: generation=93, keyboard=0x10EC0C9F, mouse=0xAD0D37, keyboard callbacks=202, mouse callbacks=3236.
2026-10-06T19:39:53.1108757+09:00 Hook status (periodic): generation=93, enabled=True, emacsEnabled=True, emacsActive=True, keyboardCallbacks=202, mouseCallbacks=3362, suppressed=12, injectionFailures=0, refreshRequested=False, sinceRefreshMs=7000, leftAlt=False/False/False, rightAlt=False/False/False, leftCtrl=False/False/False, rightCtrl=False/False/False, asyncAlt=False/False, asyncCtrl=False/False, capturedKeys=0, capsCaptured=False, otherKeysCount=0, droppedLogs=0.
2026-10-06T19:40:19.1045324+09:00 Hooks registered: generation=94, keyboard=0xB900BFD, mouse=0x100D79, keyboard callbacks=286, mouse callbacks=3819.
2026-10-06T19:40:23.1067365+09:00 Hook status (periodic): generation=94, enabled=True, emacsEnabled=True, emacsActive=True, keyboardCallbacks=286, mouseCallbacks=3819, suppressed=16, injectionFailures=0, refreshRequested=False, sinceRefreshMs=4000, leftAlt=False/False/False, rightAlt=False/False/False, leftCtrl=False/False/False, rightCtrl=False/False/False, asyncAlt=False/False, asyncCtrl=False/False, capturedKeys=0, capsCaptured=False, otherKeysCount=0, droppedLogs=0.
2026-10-06T19:40:49.1455081+09:00 Hooks registered: generation=95, keyboard=0x15900F3, mouse=0x12E0CD3, keyboard callbacks=286, mouse callbacks=3819.
2026-10-06T19:40:53.1560239+09:00 Hook status (periodic): generation=95, enabled=True, emacsEnabled=True, emacsActive=True, keyboardCallbacks=286, mouseCallbacks=3819, suppressed=16, injectionFailures=0, refreshRequested=False, sinceRefreshMs=4000, leftAlt=False/False/False, rightAlt=False/False/False, leftCtrl=False/False/False, rightCtrl=False/False/False, asyncAlt=False/False, asyncCtrl=False/False, capturedKeys=0, capsCaptured=False, otherKeysCount=0, droppedLogs=0.
2026-10-06T19:41:23.1570224+09:00 Hook status (periodic): generation=95, enabled=True, emacsEnabled=True, emacsActive=True, keyboardCallbacks=286, mouseCallbacks=4125, suppressed=16, injectionFailures=0, refreshRequested=False, sinceRefreshMs=34000, leftAlt=False/False/False, rightAlt=False/False/False, leftCtrl=False/False/False, rightCtrl=False/False/False, asyncAlt=False/False, asyncCtrl=False/False, capturedKeys=0, capsCaptured=False, otherKeysCount=0, droppedLogs=0.
2026-10-06T19:41:28.1459157+09:00 Hooks registered: generation=96, keyboard=0x7AA0B89, mouse=0xFC0D6D, keyboard callbacks=290, mouse callbacks=4174.
2026-10-06T19:41:53.1714177+09:00 Hook status (periodic): generation=96, enabled=True, emacsEnabled=True, emacsActive=True, keyboardCallbacks=290, mouseCallbacks=4174, suppressed=16, injectionFailures=0, refreshRequested=False, sinceRefreshMs=25016, leftAlt=False/False/False, rightAlt=False/False/False, leftCtrl=False/False/False, rightCtrl=False/False/False, asyncAlt=False/False, asyncCtrl=False/False, capturedKeys=0, capsCaptured=False, otherKeysCount=0, droppedLogs=0.
2026-10-06T19:41:58.1635776+09:00 Hooks registered: generation=97, keyboard=0x4000CC1, mouse=0x3C0D79, keyboard callbacks=290, mouse callbacks=4174.
2026-10-06T19:42:23.2477151+09:00 Hook status (periodic): generation=97, enabled=True, emacsEnabled=True, emacsActive=True, keyboardCallbacks=290, mouseCallbacks=4174, suppressed=16, injectionFailures=0, refreshRequested=False, sinceRefreshMs=25078, leftAlt=False/False/False, rightAlt=False/False/False, leftCtrl=False/False/False, rightCtrl=False/False/False, asyncAlt=False/False, asyncCtrl=False/False, capturedKeys=0, capsCaptured=False, otherKeysCount=0, droppedLogs=0.
2026-10-06T19:42:28.2390775+09:00 Hooks registered: generation=98, keyboard=0x150D6F, mouse=0xFC0C6F, keyboard callbacks=290, mouse callbacks=4174.
2026-10-06T19:42:53.3082515+09:00 Hook status (periodic): generation=98, enabled=True, emacsEnabled=True, emacsActive=True, keyboardCallbacks=290, mouseCallbacks=4174, suppressed=16, injectionFailures=0, refreshRequested=False, sinceRefreshMs=25063, leftAlt=False/False/False, rightAlt=False/False/False, leftCtrl=False/False/False, rightCtrl=False/False/False, asyncAlt=False/False, asyncCtrl=False/False, capturedKeys=0, capsCaptured=False, otherKeysCount=0, droppedLogs=0.
2026-10-06T19:42:58.3272749+09:00 Hooks registered: generation=99, keyboard=0x1EF30C9D, mouse=0x6FD0C09, keyboard callbacks=290, mouse callbacks=4174.
2026-10-06T19:43:23.3418952+09:00 Hook status (periodic): generation=99, enabled=True, emacsEnabled=True, emacsActive=True, keyboardCallbacks=290, mouseCallbacks=4271, suppressed=16, injectionFailures=0, refreshRequested=False, sinceRefreshMs=25016, leftAlt=False/False/False, rightAlt=False/False/False, leftCtrl=False/False/False, rightCtrl=False/False/False, asyncAlt=False/False, asyncCtrl=False/False, capturedKeys=0, capsCaptured=False, otherKeysCount=0, droppedLogs=0.
2026-10-06T19:43:35.3503092+09:00 Hooks registered: generation=100, keyboard=0xEA0D37, mouse=0xA0901DB, keyboard callbacks=366, mouse callbacks=4271.
2026-10-06T19:43:53.3540982+09:00 Hook status (periodic): generation=100, enabled=True, emacsEnabled=True, emacsActive=True, keyboardCallbacks=366, mouseCallbacks=4271, suppressed=18, injectionFailures=0, refreshRequested=False, sinceRefreshMs=18000, leftAlt=False/False/False, rightAlt=False/False/False, leftCtrl=False/False/False, rightCtrl=False/False/False, asyncAlt=False/False, asyncCtrl=False/False, capturedKeys=0, capsCaptured=False, otherKeysCount=0, droppedLogs=0.
2026-10-06T19:44:05.3494194+09:00 Hooks registered: generation=101, keyboard=0x1AF00F3, mouse=0x3560D25, keyboard callbacks=366, mouse callbacks=4271.
2026-10-06T19:44:23.3591808+09:00 Hook status (periodic): generation=101, enabled=True, emacsEnabled=True, emacsActive=True, keyboardCallbacks=366, mouseCallbacks=4393, suppressed=18, injectionFailures=0, refreshRequested=False, sinceRefreshMs=18000, leftAlt=False/False/False, rightAlt=False/False/False, leftCtrl=False/False/False, rightCtrl=False/False/False, asyncAlt=False/False, asyncCtrl=False/False, capturedKeys=0, capsCaptured=False, otherKeysCount=0, droppedLogs=0.
2026-10-06T19:44:37.3881835+09:00 Hooks registered: generation=102, keyboard=0x2140C2D, mouse=0xE00D57, keyboard callbacks=366, mouse callbacks=4794.
2026-10-06T19:44:53.4292760+09:00 Hook status (periodic): generation=102, enabled=True, emacsEnabled=True, emacsActive=True, keyboardCallbacks=366, mouseCallbacks=5125, suppressed=18, injectionFailures=0, refreshRequested=False, sinceRefreshMs=16047, leftAlt=False/False/False, rightAlt=False/False/False, leftCtrl=False/False/False, rightCtrl=False/False/False, asyncAlt=False/False, asyncCtrl=False/False, capturedKeys=0, capsCaptured=False, otherKeysCount=0, droppedLogs=0.
2026-10-06T19:45:07.4495454+09:00 Hooks registered: generation=103, keyboard=0x7470D33, mouse=0x2710D79, keyboard callbacks=366, mouse callbacks=5173.
2026-10-06T19:45:23.4521841+09:00 Hook status (periodic): generation=103, enabled=True, emacsEnabled=True, emacsActive=True, keyboardCallbacks=366, mouseCallbacks=5481, suppressed=18, injectionFailures=0, refreshRequested=False, sinceRefreshMs=16000, leftAlt=False/False/False, rightAlt=False/False/False, leftCtrl=False/False/False, rightCtrl=False/False/False, asyncAlt=False/False, asyncCtrl=False/False, capturedKeys=0, capsCaptured=False, otherKeysCount=0, droppedLogs=0.
2026-10-06T19:45:37.4474975+09:00 Hooks registered: generation=104, keyboard=0x1880C97, mouse=0x32E0D15, keyboard callbacks=372, mouse callbacks=5546.
2026-10-06T19:45:53.4453495+09:00 Hook status (periodic): generation=104, enabled=True, emacsEnabled=True, emacsActive=True, keyboardCallbacks=372, mouseCallbacks=5546, suppressed=20, injectionFailures=0, refreshRequested=False, sinceRefreshMs=16000, leftAlt=False/False/False, rightAlt=False/False/False, leftCtrl=False/False/False, rightCtrl=False/False/False, asyncAlt=False/False, asyncCtrl=False/False, capturedKeys=0, capsCaptured=False, otherKeysCount=0, droppedLogs=0.
2026-10-06T19:46:07.4511028+09:00 Hooks registered: generation=105, keyboard=0x550D11, mouse=0x34100335, keyboard callbacks=372, mouse callbacks=5546.
2026-10-06T19:46:23.4738698+09:00 Hook status (periodic): generation=105, enabled=True, emacsEnabled=True, emacsActive=True, keyboardCallbacks=372, mouseCallbacks=5546, suppressed=20, injectionFailures=0, refreshRequested=False, sinceRefreshMs=16031, leftAlt=False/False/False, rightAlt=False/False/False, leftCtrl=False/False/False, rightCtrl=False/False/False, asyncAlt=False/False, asyncCtrl=False/False, capturedKeys=0, capsCaptured=False, otherKeysCount=0, droppedLogs=0.
2026-10-06T19:46:37.4871446+09:00 Hooks registered: generation=106, keyboard=0x15D0D51, mouse=0x2370C97, keyboard callbacks=372, mouse callbacks=5546.
2026-10-06T19:46:53.4894007+09:00 Hook status (periodic): generation=106, enabled=True, emacsEnabled=True, emacsActive=True, keyboardCallbacks=372, mouseCallbacks=5546, suppressed=20, injectionFailures=0, refreshRequested=False, sinceRefreshMs=16000, leftAlt=False/False/False, rightAlt=False/False/False, leftCtrl=False/False/False, rightCtrl=False/False/False, asyncAlt=False/False, asyncCtrl=False/False, capturedKeys=0, capsCaptured=False, otherKeysCount=0, droppedLogs=0.
2026-10-06T19:47:07.4936953+09:00 Hooks registered: generation=107, keyboard=0x24BB09BB, mouse=0x1370D31, keyboard callbacks=372, mouse callbacks=5546.
2026-10-06T19:47:23.5236860+09:00 Hook status (periodic): generation=107, enabled=True, emacsEnabled=True, emacsActive=True, keyboardCallbacks=372, mouseCallbacks=5546, suppressed=20, injectionFailures=0, refreshRequested=False, sinceRefreshMs=16031, leftAlt=False/False/False, rightAlt=False/False/False, leftCtrl=False/False/False, rightCtrl=False/False/False, asyncAlt=False/False, asyncCtrl=False/False, capturedKeys=0, capsCaptured=False, otherKeysCount=0, droppedLogs=0.
2026-10-06T19:47:37.5462370+09:00 Hooks registered: generation=108, keyboard=0xAD0D5D, mouse=0x2920D11, keyboard callbacks=372, mouse callbacks=5546.
2026-10-06T19:47:53.5658150+09:00 Hook status (periodic): generation=108, enabled=True, emacsEnabled=True, emacsActive=True, keyboardCallbacks=372, mouseCallbacks=5546, suppressed=20, injectionFailures=0, refreshRequested=False, sinceRefreshMs=16031, leftAlt=False/False/False, rightAlt=False/False/False, leftCtrl=False/False/False, rightCtrl=False/False/False, asyncAlt=False/False, asyncCtrl=False/False, capturedKeys=0, capsCaptured=False, otherKeysCount=0, droppedLogs=0.
2026-10-06T19:48:07.5876309+09:00 Hooks registered: generation=109, keyboard=0x2BC0D05, mouse=0x256709BB, keyboard callbacks=372, mouse callbacks=5546.
2026-10-06T19:48:23.6102115+09:00 Hook status (periodic): generation=109, enabled=True, emacsEnabled=True, emacsActive=True, keyboardCallbacks=372, mouseCallbacks=5546, suppressed=20, injectionFailures=0, refreshRequested=False, sinceRefreshMs=16015, leftAlt=False/False/False, rightAlt=False/False/False, leftCtrl=False/False/False, rightCtrl=False/False/False, asyncAlt=False/False, asyncCtrl=False/False, capturedKeys=0, capsCaptured=False, otherKeysCount=0, droppedLogs=0.
2026-10-06T19:48:37.6022830+09:00 Hooks registered: generation=110, keyboard=0xE9C0B0F, mouse=0x3310D15, keyboard callbacks=372, mouse callbacks=5546.
2026-10-06T19:48:53.6058097+09:00 Hook status (periodic): generation=110, enabled=True, emacsEnabled=True, emacsActive=True, keyboardCallbacks=372, mouseCallbacks=5546, suppressed=20, injectionFailures=0, refreshRequested=False, sinceRefreshMs=16000, leftAlt=False/False/False, rightAlt=False/False/False, leftCtrl=False/False/False, rightCtrl=False/False/False, asyncAlt=False/False, asyncCtrl=False/False, capturedKeys=0, capsCaptured=False, otherKeysCount=0, droppedLogs=0.
2026-10-06T19:49:07.5993595+09:00 Hooks registered: generation=111, keyboard=0x5C10D6B, mouse=0x34140335, keyboard callbacks=372, mouse callbacks=5546.
2026-10-06T19:49:23.6053167+09:00 Hook status (periodic): generation=111, enabled=True, emacsEnabled=True, emacsActive=True, keyboardCallbacks=374, mouseCallbacks=6003, suppressed=20, injectionFailures=0, refreshRequested=False, sinceRefreshMs=16000, leftAlt=False/False/False, rightAlt=False/False/False, leftCtrl=False/False/False, rightCtrl=False/False/False, asyncAlt=False/False, asyncCtrl=False/False, capturedKeys=0, capsCaptured=False, otherKeysCount=0, droppedLogs=0.
2026-10-06T19:49:37.6182277+09:00 Hooks registered: generation=112, keyboard=0xB0201DB, mouse=0x1E10D21, keyboard callbacks=376, mouse callbacks=6003.
2026-10-06T19:49:53.6595198+09:00 Hook status (periodic): generation=112, enabled=True, emacsEnabled=True, emacsActive=True, keyboardCallbacks=380, mouseCallbacks=6402, suppressed=20, injectionFailures=0, refreshRequested=False, sinceRefreshMs=16047, leftAlt=False/False/False, rightAlt=False/False/False, leftCtrl=False/False/False, rightCtrl=False/False/False, asyncAlt=False/False, asyncCtrl=False/False, capturedKeys=0, capsCaptured=False, otherKeysCount=0, droppedLogs=0.
2026-10-06T19:50:17.6933748+09:00 Hooks registered: generation=113, keyboard=0x3B0D09, mouse=0xFDC01D3, keyboard callbacks=396, mouse callbacks=7245.
2026-10-06T19:50:23.7057257+09:00 Hook status (periodic): generation=113, enabled=True, emacsEnabled=True, emacsActive=True, keyboardCallbacks=396, mouseCallbacks=7315, suppressed=22, injectionFailures=0, refreshRequested=False, sinceRefreshMs=6000, leftAlt=False/False/False, rightAlt=False/False/False, leftCtrl=False/False/False, rightCtrl=False/False/False, asyncAlt=False/False, asyncCtrl=False/False, capturedKeys=0, capsCaptured=False, otherKeysCount=0, droppedLogs=0.
2026-10-06T19:50:47.7434426+09:00 Hooks registered: generation=114, keyboard=0xBD201DB, mouse=0x1690D65, keyboard callbacks=396, mouse callbacks=8010.
2026-10-06T19:50:53.7538673+09:00 Hook status (periodic): generation=114, enabled=True, emacsEnabled=True, emacsActive=True, keyboardCallbacks=396, mouseCallbacks=8046, suppressed=22, injectionFailures=0, refreshRequested=False, sinceRefreshMs=6016, leftAlt=False/False/False, rightAlt=False/False/False, leftCtrl=False/False/False, rightCtrl=False/False/False, asyncAlt=False/False, asyncCtrl=False/False, capturedKeys=0, capsCaptured=False, otherKeysCount=0, droppedLogs=0.
2026-10-06T19:51:20.7896959+09:00 Hooks registered: generation=115, keyboard=0xA30D7B, mouse=0x10FA01D3, keyboard callbacks=424, mouse callbacks=8725.
2026-10-06T19:51:23.7858000+09:00 Hook status (periodic): generation=115, enabled=True, emacsEnabled=True, emacsActive=True, keyboardCallbacks=432, mouseCallbacks=8725, suppressed=24, injectionFailures=0, refreshRequested=False, sinceRefreshMs=3000, leftAlt=False/False/False, rightAlt=False/False/False, leftCtrl=False/False/False, rightCtrl=False/False/False, asyncAlt=False/False, asyncCtrl=False/False, capturedKeys=0, capsCaptured=False, otherKeysCount=0, droppedLogs=0.
2026-10-06T19:51:50.8303159+09:00 Hooks registered: generation=116, keyboard=0x4E0CFB, mouse=0xC80D09, keyboard callbacks=446, mouse callbacks=8725.
2026-10-06T19:51:53.8300865+09:00 Hook status (periodic): generation=116, enabled=True, emacsEnabled=True, emacsActive=True, keyboardCallbacks=446, mouseCallbacks=8725, suppressed=24, injectionFailures=0, refreshRequested=False, sinceRefreshMs=3000, leftAlt=False/False/False, rightAlt=False/False/False, leftCtrl=False/False/False, rightCtrl=False/False/False, asyncAlt=False/False, asyncCtrl=False/False, capturedKeys=0, capsCaptured=False, otherKeysCount=0, droppedLogs=0.
2026-10-06T19:52:23.8166567+09:00 Hook status (periodic): generation=116, enabled=True, emacsEnabled=True, emacsActive=True, keyboardCallbacks=446, mouseCallbacks=9598, suppressed=24, injectionFailures=0, refreshRequested=False, sinceRefreshMs=33000, leftAlt=False/False/False, rightAlt=False/False/False, leftCtrl=False/False/False, rightCtrl=False/False/False, asyncAlt=False/False, asyncCtrl=False/False, capturedKeys=0, capsCaptured=False, otherKeysCount=0, droppedLogs=0.
2026-10-06T19:52:53.8985112+09:00 Hook status (periodic): generation=116, enabled=True, emacsEnabled=True, emacsActive=True, keyboardCallbacks=450, mouseCallbacks=11066, suppressed=24, injectionFailures=0, refreshRequested=False, sinceRefreshMs=63078, leftAlt=False/False/False, rightAlt=False/False/False, leftCtrl=False/False/False, rightCtrl=False/False/False, asyncAlt=False/False, asyncCtrl=False/False, capturedKeys=0, capsCaptured=False, otherKeysCount=0, droppedLogs=0.
2026-10-06T19:52:58.9033107+09:00 Hooks registered: generation=117, keyboard=0x800D95, mouse=0x19E0D8B, keyboard callbacks=450, mouse callbacks=11240.
2026-10-06T19:53:23.9433401+09:00 Hook status (periodic): generation=117, enabled=True, emacsEnabled=True, emacsActive=True, keyboardCallbacks=450, mouseCallbacks=12330, suppressed=24, injectionFailures=0, refreshRequested=False, sinceRefreshMs=25047, leftAlt=False/False/False, rightAlt=False/False/False, leftCtrl=False/False/False, rightCtrl=False/False/False, asyncAlt=False/False, asyncCtrl=False/False, capturedKeys=0, capsCaptured=False, otherKeysCount=0, droppedLogs=0.
2026-10-06T19:53:40.9511143+09:00 Hooks registered: generation=118, keyboard=0x133B01D3, mouse=0x3B50CCD, keyboard callbacks=450, mouse callbacks=12950.
2026-10-06T19:53:53.9704060+09:00 Hook status (periodic): generation=118, enabled=True, emacsEnabled=True, emacsActive=True, keyboardCallbacks=450, mouseCallbacks=13357, suppressed=24, injectionFailures=0, refreshRequested=False, sinceRefreshMs=13016, leftAlt=False/False/False, rightAlt=False/False/False, leftCtrl=False/False/False, rightCtrl=False/False/False, asyncAlt=False/False, asyncCtrl=False/False, capturedKeys=0, capsCaptured=False, otherKeysCount=0, droppedLogs=0.
2026-10-06T19:54:11.0266352+09:00 Hooks registered: generation=119, keyboard=0x580901, mouse=0x11098F, keyboard callbacks=468, mouse callbacks=13499.
2026-10-06T19:54:24.0379491+09:00 Hook status (periodic): generation=119, enabled=True, emacsEnabled=True, emacsActive=True, keyboardCallbacks=571, mouseCallbacks=13499, suppressed=26, injectionFailures=0, refreshRequested=False, sinceRefreshMs=13016, leftAlt=False/False/False, rightAlt=False/False/False, leftCtrl=False/False/False, rightCtrl=False/False/False, asyncAlt=False/False, asyncCtrl=False/False, capturedKeys=0, capsCaptured=False, otherKeysCount=1, droppedLogs=0.
2026-10-06T19:54:46.0740894+09:00 Hooks registered: generation=120, keyboard=0x13FB01D3, mouse=0x3A20089, keyboard callbacks=734, mouse callbacks=13499.
2026-10-06T19:54:54.0712399+09:00 Hook status (periodic): generation=120, enabled=True, emacsEnabled=True, emacsActive=True, keyboardCallbacks=742, mouseCallbacks=13499, suppressed=26, injectionFailures=0, refreshRequested=False, sinceRefreshMs=8000, leftAlt=False/False/False, rightAlt=False/False/False, leftCtrl=False/False/False, rightCtrl=False/False/False, asyncAlt=False/False, asyncCtrl=False/False, capturedKeys=0, capsCaptured=False, otherKeysCount=0, droppedLogs=0.
2026-10-06T19:55:16.0663389+09:00 Hooks registered: generation=121, keyboard=0xA010C33, mouse=0x4C090B, keyboard callbacks=742, mouse callbacks=13904.
2026-10-06T19:55:24.0735550+09:00 Hook status (periodic): generation=121, enabled=True, emacsEnabled=True, emacsActive=True, keyboardCallbacks=742, mouseCallbacks=13904, suppressed=26, injectionFailures=0, refreshRequested=False, sinceRefreshMs=8000, leftAlt=False/False/False, rightAlt=False/False/False, leftCtrl=False/False/False, rightCtrl=False/False/False, asyncAlt=False/False, asyncCtrl=False/False, capturedKeys=0, capsCaptured=False, otherKeysCount=0, droppedLogs=0.
2026-10-06T19:55:54.0700666+09:00 Hook status (periodic): generation=121, enabled=True, emacsEnabled=True, emacsActive=True, keyboardCallbacks=824, mouseCallbacks=14366, suppressed=38, injectionFailures=0, refreshRequested=False, sinceRefreshMs=38000, leftAlt=False/False/False, rightAlt=False/False/False, leftCtrl=False/False/False, rightCtrl=False/False/False, asyncAlt=False/False, asyncCtrl=False/False, capturedKeys=0, capsCaptured=False, otherKeysCount=0, droppedLogs=0.
2026-10-06T19:56:16.0784959+09:00 Hooks registered: generation=122, keyboard=0xDB20D5B, mouse=0xBA0976, keyboard callbacks=860, mouse callbacks=14995.
2026-10-06T19:56:24.0793137+09:00 Hook status (periodic): generation=122, enabled=True, emacsEnabled=True, emacsActive=True, keyboardCallbacks=904, mouseCallbacks=14995, suppressed=46, injectionFailures=0, refreshRequested=False, sinceRefreshMs=8000, leftAlt=False/False/False, rightAlt=False/False/False, leftCtrl=False/False/False, rightCtrl=False/False/False, asyncAlt=False/False, asyncCtrl=False/False, capturedKeys=0, capsCaptured=False, otherKeysCount=0, droppedLogs=0.
2026-10-06T19:56:46.0748059+09:00 Hooks registered: generation=123, keyboard=0x8D0D1D, mouse=0x4F503C9, keyboard callbacks=982, mouse callbacks=14995.
2026-10-06T19:56:54.0765060+09:00 Hook status (periodic): generation=123, enabled=True, emacsEnabled=True, emacsActive=True, keyboardCallbacks=982, mouseCallbacks=14995, suppressed=46, injectionFailures=0, refreshRequested=False, sinceRefreshMs=8000, leftAlt=False/False/False, rightAlt=False/False/False, leftCtrl=False/False/False, rightCtrl=False/False/False, asyncAlt=False/False, asyncCtrl=False/False, capturedKeys=0, capsCaptured=False, otherKeysCount=0, droppedLogs=0.
2026-10-06T19:57:16.1018744+09:00 Hooks registered: generation=124, keyboard=0x12A0D2B, mouse=0x31040A1F, keyboard callbacks=982, mouse callbacks=14995.
2026-10-06T19:57:24.1013845+09:00 Hook status (periodic): generation=124, enabled=True, emacsEnabled=True, emacsActive=True, keyboardCallbacks=982, mouseCallbacks=14995, suppressed=46, injectionFailures=0, refreshRequested=False, sinceRefreshMs=8000, leftAlt=False/False/False, rightAlt=False/False/False, leftCtrl=False/False/False, rightCtrl=False/False/False, asyncAlt=False/False, asyncCtrl=False/False, capturedKeys=0, capsCaptured=False, otherKeysCount=0, droppedLogs=0.
2026-10-06T19:57:50.1687409+09:00 Hooks registered: generation=125, keyboard=0x2A0D36, mouse=0x2E0D76, keyboard callbacks=982, mouse callbacks=15451.
2026-10-06T19:57:54.1666349+09:00 Hook status (periodic): generation=125, enabled=True, emacsEnabled=True, emacsActive=True, keyboardCallbacks=982, mouseCallbacks=15578, suppressed=46, injectionFailures=0, refreshRequested=False, sinceRefreshMs=4000, leftAlt=False/False/False, rightAlt=False/False/False, leftCtrl=False/False/False, rightCtrl=False/False/False, asyncAlt=False/False, asyncCtrl=False/False, capturedKeys=0, capsCaptured=False, otherKeysCount=0, droppedLogs=0.
2026-10-06T19:58:20.2052299+09:00 Hooks registered: generation=126, keyboard=0xBD051F, mouse=0xDC0D1D, keyboard callbacks=982, mouse callbacks=15886.
2026-10-06T19:58:24.1913993+09:00 Hook status (periodic): generation=126, enabled=True, emacsEnabled=True, emacsActive=True, keyboardCallbacks=982, mouseCallbacks=15886, suppressed=46, injectionFailures=0, refreshRequested=False, sinceRefreshMs=4000, leftAlt=False/False/False, rightAlt=False/False/False, leftCtrl=False/False/False, rightCtrl=False/False/False, asyncAlt=False/False, asyncCtrl=False/False, capturedKeys=0, capsCaptured=False, otherKeysCount=0, droppedLogs=0.
2026-10-06T19:58:50.1995700+09:00 Hooks registered: generation=127, keyboard=0xCAA0D59, mouse=0x33980A1F, keyboard callbacks=982, mouse callbacks=16175.
2026-10-06T19:58:54.2033434+09:00 Hook status (periodic): generation=127, enabled=True, emacsEnabled=True, emacsActive=True, keyboardCallbacks=982, mouseCallbacks=16175, suppressed=46, injectionFailures=0, refreshRequested=False, sinceRefreshMs=4000, leftAlt=False/False/False, rightAlt=False/False/False, leftCtrl=False/False/False, rightCtrl=False/False/False, asyncAlt=False/False, asyncCtrl=False/False, capturedKeys=0, capsCaptured=False, otherKeysCount=0, droppedLogs=0.
2026-10-06T19:59:20.2224968+09:00 Hooks registered: generation=128, keyboard=0x2BC0D51, mouse=0x6E90D73, keyboard callbacks=1069, mouse callbacks=16175.
2026-10-06T19:59:24.2331188+09:00 Hook status (periodic): generation=128, enabled=True, emacsEnabled=True, emacsActive=True, keyboardCallbacks=1069, mouseCallbacks=16175, suppressed=48, injectionFailures=0, refreshRequested=False, sinceRefreshMs=4000, leftAlt=False/False/False, rightAlt=False/False/False, leftCtrl=False/False/False, rightCtrl=False/False/False, asyncAlt=False/False, asyncCtrl=False/False, capturedKeys=0, capsCaptured=False, otherKeysCount=0, droppedLogs=0.
2026-10-06T19:59:50.2292922+09:00 Hooks registered: generation=129, keyboard=0x1FD0D1D, mouse=0x1CA0989, keyboard callbacks=1069, mouse callbacks=16175.
2026-10-06T19:59:54.2361039+09:00 Hook status (periodic): generation=129, enabled=True, emacsEnabled=True, emacsActive=True, keyboardCallbacks=1069, mouseCallbacks=16175, suppressed=48, injectionFailures=0, refreshRequested=False, sinceRefreshMs=4000, leftAlt=False/False/False, rightAlt=False/False/False, leftCtrl=False/False/False, rightCtrl=False/False/False, asyncAlt=False/False, asyncCtrl=False/False, capturedKeys=0, capsCaptured=False, otherKeysCount=0, droppedLogs=0.
2026-10-06T20:00:20.2259739+09:00 Hooks registered: generation=130, keyboard=0x6030B93, mouse=0xDE801DB, keyboard callbacks=1151, mouse callbacks=16175.
2026-10-06T20:00:24.2277387+09:00 Hook status (periodic): generation=130, enabled=True, emacsEnabled=True, emacsActive=True, keyboardCallbacks=1151, mouseCallbacks=16175, suppressed=48, injectionFailures=0, refreshRequested=False, sinceRefreshMs=4000, leftAlt=False/False/False, rightAlt=False/False/False, leftCtrl=False/False/False, rightCtrl=False/False/False, asyncAlt=False/False, asyncCtrl=False/False, capturedKeys=0, capsCaptured=False, otherKeysCount=0, droppedLogs=0.
2026-10-06T20:00:50.2642397+09:00 Hooks registered: generation=131, keyboard=0xB140C33, mouse=0xE20389, keyboard callbacks=1173, mouse callbacks=16175.
2026-10-06T20:00:54.2814536+09:00 Hook status (periodic): generation=131, enabled=True, emacsEnabled=True, emacsActive=True, keyboardCallbacks=1195, mouseCallbacks=16175, suppressed=52, injectionFailures=0, refreshRequested=False, sinceRefreshMs=4015, leftAlt=False/False/False, rightAlt=False/False/False, leftCtrl=False/False/False, rightCtrl=False/False/False, asyncAlt=False/False, asyncCtrl=False/False, capturedKeys=0, capsCaptured=False, otherKeysCount=0, droppedLogs=0.
2026-10-06T20:01:20.3237103+09:00 Hooks registered: generation=132, keyboard=0x8E608FF, mouse=0x75E090F, keyboard callbacks=1249, mouse callbacks=16175.
2026-10-06T20:01:24.3190600+09:00 Hook status (periodic): generation=132, enabled=True, emacsEnabled=True, emacsActive=True, keyboardCallbacks=1249, mouseCallbacks=16175, suppressed=52, injectionFailures=0, refreshRequested=False, sinceRefreshMs=4000, leftAlt=False/False/False, rightAlt=False/False/False, leftCtrl=False/False/False, rightCtrl=False/False/False, asyncAlt=False/False, asyncCtrl=False/False, capturedKeys=0, capsCaptured=False, otherKeysCount=0, droppedLogs=0.
2026-10-06T20:01:50.3566656+09:00 Hooks registered: generation=133, keyboard=0x15FA01D3, mouse=0x1DA0989, keyboard callbacks=1249, mouse callbacks=16175.
2026-10-06T20:01:54.3551978+09:00 Hook status (periodic): generation=133, enabled=True, emacsEnabled=True, emacsActive=True, keyboardCallbacks=1249, mouseCallbacks=16175, suppressed=52, injectionFailures=0, refreshRequested=False, sinceRefreshMs=4000, leftAlt=False/False/False, rightAlt=False/False/False, leftCtrl=False/False/False, rightCtrl=False/False/False, asyncAlt=False/False, asyncCtrl=False/False, capturedKeys=0, capsCaptured=False, otherKeysCount=0, droppedLogs=0.
2026-10-06T20:02:20.3469320+09:00 Hooks registered: generation=134, keyboard=0xA80098F, mouse=0xA36090D, keyboard callbacks=1353, mouse callbacks=16175.
2026-10-06T20:02:24.3644860+09:00 Hook status (periodic): generation=134, enabled=True, emacsEnabled=True, emacsActive=True, keyboardCallbacks=1371, mouseCallbacks=16175, suppressed=56, injectionFailures=0, refreshRequested=False, sinceRefreshMs=4016, leftAlt=False/False/False, rightAlt=False/False/False, leftCtrl=False/False/False, rightCtrl=False/False/False, asyncAlt=False/False, asyncCtrl=False/False, capturedKeys=0, capsCaptured=False, otherKeysCount=0, droppedLogs=0.
2026-10-06T20:02:50.3982835+09:00 Hooks registered: generation=135, keyboard=0x4350CC5, mouse=0x943090F, keyboard callbacks=1387, mouse callbacks=16175.
2026-10-06T20:02:54.4085167+09:00 Hook status (periodic): generation=135, enabled=True, emacsEnabled=True, emacsActive=True, keyboardCallbacks=1387, mouseCallbacks=16175, suppressed=56, injectionFailures=0, refreshRequested=False, sinceRefreshMs=4000, leftAlt=False/False/False, rightAlt=False/False/False, leftCtrl=False/False/False, rightCtrl=False/False/False, asyncAlt=False/False, asyncCtrl=False/False, capturedKeys=0, capsCaptured=False, otherKeysCount=0, droppedLogs=0.
2026-10-06T20:03:20.3950389+09:00 Hooks registered: generation=136, keyboard=0x2D20CB7, mouse=0x5880CE9, keyboard callbacks=1387, mouse callbacks=16175.
2026-10-06T20:03:24.4307634+09:00 Hook status (periodic): generation=136, enabled=True, emacsEnabled=True, emacsActive=True, keyboardCallbacks=1387, mouseCallbacks=16175, suppressed=56, injectionFailures=0, refreshRequested=False, sinceRefreshMs=4032, leftAlt=False/False/False, rightAlt=False/False/False, leftCtrl=False/False/False, rightCtrl=False/False/False, asyncAlt=False/False, asyncCtrl=False/False, capturedKeys=0, capsCaptured=False, otherKeysCount=0, droppedLogs=0.
2026-10-06T20:03:50.4457571+09:00 Hooks registered: generation=137, keyboard=0x4CF0CC5, mouse=0x6090CCD, keyboard callbacks=1387, mouse callbacks=16175.
2026-10-06T20:03:54.4495236+09:00 Hook status (periodic): generation=137, enabled=True, emacsEnabled=True, emacsActive=True, keyboardCallbacks=1387, mouseCallbacks=16175, suppressed=56, injectionFailures=0, refreshRequested=False, sinceRefreshMs=4000, leftAlt=False/False/False, rightAlt=False/False/False, leftCtrl=False/False/False, rightCtrl=False/False/False, asyncAlt=False/False, asyncCtrl=False/False, capturedKeys=0, capsCaptured=False, otherKeysCount=0, droppedLogs=0.
2026-10-06T20:04:20.4416049+09:00 Hooks registered: generation=138, keyboard=0x16E0993, mouse=0xC9C08FF, keyboard callbacks=1387, mouse callbacks=16175.
2026-10-06T20:04:24.4435503+09:00 Hook status (periodic): generation=138, enabled=True, emacsEnabled=True, emacsActive=True, keyboardCallbacks=1387, mouseCallbacks=16175, suppressed=56, injectionFailures=0, refreshRequested=False, sinceRefreshMs=4000, leftAlt=False/False/False, rightAlt=False/False/False, leftCtrl=False/False/False, rightCtrl=False/False/False, asyncAlt=False/False, asyncCtrl=False/False, capturedKeys=0, capsCaptured=False, otherKeysCount=0, droppedLogs=0.
2026-10-06T20:04:50.4519580+09:00 Hooks registered: generation=139, keyboard=0x5FB0CC5, mouse=0x60A0CCD, keyboard callbacks=1387, mouse callbacks=16175.
2026-10-06T20:04:54.4544038+09:00 Hook status (periodic): generation=139, enabled=True, emacsEnabled=True, emacsActive=True, keyboardCallbacks=1387, mouseCallbacks=16175, suppressed=56, injectionFailures=0, refreshRequested=False, sinceRefreshMs=4000, leftAlt=False/False/False, rightAlt=False/False/False, leftCtrl=False/False/False, rightCtrl=False/False/False, asyncAlt=False/False, asyncCtrl=False/False, capturedKeys=0, capsCaptured=False, otherKeysCount=0, droppedLogs=0.
2026-10-06T20:05:20.4511750+09:00 Hooks registered: generation=140, keyboard=0x5CE0089, mouse=0x24D0D63, keyboard callbacks=1387, mouse callbacks=16175.
2026-10-06T20:05:24.4468242+09:00 Hook status (periodic): generation=140, enabled=True, emacsEnabled=True, emacsActive=True, keyboardCallbacks=1387, mouseCallbacks=16175, suppressed=56, injectionFailures=0, refreshRequested=False, sinceRefreshMs=4000, leftAlt=False/False/False, rightAlt=False/False/False, leftCtrl=False/False/False, rightCtrl=False/False/False, asyncAlt=False/False, asyncCtrl=False/False, capturedKeys=0, capsCaptured=False, otherKeysCount=0, droppedLogs=0.
2026-10-06T20:05:50.4708736+09:00 Hooks registered: generation=141, keyboard=0x7840C85, mouse=0x9CB0CF9, keyboard callbacks=1387, mouse callbacks=16175.
2026-10-06T20:05:54.4619811+09:00 Hook status (periodic): generation=141, enabled=True, emacsEnabled=True, emacsActive=True, keyboardCallbacks=1387, mouseCallbacks=16175, suppressed=56, injectionFailures=0, refreshRequested=False, sinceRefreshMs=4000, leftAlt=False/False/False, rightAlt=False/False/False, leftCtrl=False/False/False, rightCtrl=False/False/False, asyncAlt=False/False, asyncCtrl=False/False, capturedKeys=0, capsCaptured=False, otherKeysCount=0, droppedLogs=0.
2026-10-06T20:06:20.4794651+09:00 Hooks registered: generation=142, keyboard=0x6350CCD, mouse=0x4310CB7, keyboard callbacks=1387, mouse callbacks=16175.
2026-10-06T20:06:24.4871081+09:00 Hook status (periodic): generation=142, enabled=True, emacsEnabled=True, emacsActive=True, keyboardCallbacks=1387, mouseCallbacks=16175, suppressed=56, injectionFailures=0, refreshRequested=False, sinceRefreshMs=4016, leftAlt=False/False/False, rightAlt=False/False/False, leftCtrl=False/False/False, rightCtrl=False/False/False, asyncAlt=False/False, asyncCtrl=False/False, capturedKeys=0, capsCaptured=False, otherKeysCount=0, droppedLogs=0.
2026-10-06T20:06:50.5783548+09:00 Hooks registered: generation=143, keyboard=0x25D0D95, mouse=0x174051F, keyboard callbacks=1387, mouse callbacks=16175.
2026-10-06T20:06:54.5712095+09:00 Hook status (periodic): generation=143, enabled=True, emacsEnabled=True, emacsActive=True, keyboardCallbacks=1387, mouseCallbacks=16175, suppressed=56, injectionFailures=0, refreshRequested=False, sinceRefreshMs=4000, leftAlt=False/False/False, rightAlt=False/False/False, leftCtrl=False/False/False, rightCtrl=False/False/False, asyncAlt=False/False, asyncCtrl=False/False, capturedKeys=0, capsCaptured=False, otherKeysCount=0, droppedLogs=0.
2026-10-06T20:07:20.5992678+09:00 Hooks registered: generation=144, keyboard=0x1C40389, mouse=0x6100D69, keyboard callbacks=1387, mouse callbacks=16175.
2026-10-06T20:07:24.6024114+09:00 Hook status (periodic): generation=144, enabled=True, emacsEnabled=True, emacsActive=True, keyboardCallbacks=1387, mouseCallbacks=16175, suppressed=56, injectionFailures=0, refreshRequested=False, sinceRefreshMs=4000, leftAlt=False/False/False, rightAlt=False/False/False, leftCtrl=False/False/False, rightCtrl=False/False/False, asyncAlt=False/False, asyncCtrl=False/False, capturedKeys=0, capsCaptured=False, otherKeysCount=0, droppedLogs=0.
2026-10-06T20:07:54.6476708+09:00 Hook status (periodic): generation=144, enabled=True, emacsEnabled=True, emacsActive=True, keyboardCallbacks=1435, mouseCallbacks=16254, suppressed=58, injectionFailures=0, refreshRequested=False, sinceRefreshMs=34047, leftAlt=False/False/False, rightAlt=False/False/False, leftCtrl=False/False/False, rightCtrl=False/False/False, asyncAlt=False/False, asyncCtrl=False/False, capturedKeys=0, capsCaptured=False, otherKeysCount=0, droppedLogs=0.
2026-10-06T20:08:00.6715062+09:00 Hooks registered: generation=145, keyboard=0x890911, mouse=0x93D0D39, keyboard callbacks=1471, mouse callbacks=16254.
2026-10-06T20:08:24.6962449+09:00 Hook status (periodic): generation=145, enabled=True, emacsEnabled=True, emacsActive=True, keyboardCallbacks=1531, mouseCallbacks=16254, suppressed=58, injectionFailures=0, refreshRequested=False, sinceRefreshMs=24031, leftAlt=False/False/False, rightAlt=False/False/False, leftCtrl=False/False/False, rightCtrl=False/False/False, asyncAlt=False/False, asyncCtrl=False/False, capturedKeys=0, capsCaptured=False, otherKeysCount=0, droppedLogs=0.
2026-10-06T20:08:30.6985289+09:00 Hooks registered: generation=146, keyboard=0x8350CCD, mouse=0xEBB0D6B, keyboard callbacks=1531, mouse callbacks=16254.
2026-10-06T20:08:54.7347361+09:00 Hook status (periodic): generation=146, enabled=True, emacsEnabled=True, emacsActive=True, keyboardCallbacks=1531, mouseCallbacks=16254, suppressed=58, injectionFailures=0, refreshRequested=False, sinceRefreshMs=24031, leftAlt=False/False/False, rightAlt=False/False/False, leftCtrl=False/False/False, rightCtrl=False/False/False, asyncAlt=False/False, asyncCtrl=False/False, capturedKeys=0, capsCaptured=False, otherKeysCount=0, droppedLogs=0.
2026-10-06T20:09:00.7325190+09:00 Hooks registered: generation=147, keyboard=0xB9C0D33, mouse=0x3F90D67, keyboard callbacks=1531, mouse callbacks=16254.
2026-10-06T20:09:24.7745263+09:00 Hook status (periodic): generation=147, enabled=True, emacsEnabled=True, emacsActive=True, keyboardCallbacks=1597, mouseCallbacks=16254, suppressed=58, injectionFailures=0, refreshRequested=False, sinceRefreshMs=24047, leftAlt=False/False/False, rightAlt=False/False/False, leftCtrl=False/False/False, rightCtrl=False/False/False, asyncAlt=False/False, asyncCtrl=False/False, capturedKeys=0, capsCaptured=False, otherKeysCount=0, droppedLogs=0.
2026-10-06T20:09:31.7792293+09:00 Hooks registered: generation=148, keyboard=0x2CE0993, mouse=0x78C0D73, keyboard callbacks=1665, mouse callbacks=16254.
2026-10-06T20:09:54.7754625+09:00 Hook status (periodic): generation=148, enabled=True, emacsEnabled=True, emacsActive=True, keyboardCallbacks=1710, mouseCallbacks=16254, suppressed=58, injectionFailures=0, refreshRequested=False, sinceRefreshMs=23000, leftAlt=False/False/False, rightAlt=False/False/False, leftCtrl=False/False/False, rightCtrl=False/False/False, asyncAlt=False/False, asyncCtrl=False/False, capturedKeys=0, capsCaptured=False, otherKeysCount=1, droppedLogs=0.
2026-10-06T20:10:01.7727518+09:00 Hooks registered: generation=149, keyboard=0x4730D51, mouse=0x101D0D6B, keyboard callbacks=1719, mouse callbacks=16254.
2026-10-06T20:10:24.8126031+09:00 Hook status (periodic): generation=149, enabled=True, emacsEnabled=True, emacsActive=True, keyboardCallbacks=1787, mouseCallbacks=16254, suppressed=62, injectionFailures=0, refreshRequested=False, sinceRefreshMs=23032, leftAlt=False/False/False, rightAlt=False/False/False, leftCtrl=False/False/False, rightCtrl=False/False/False, asyncAlt=False/False, asyncCtrl=False/False, capturedKeys=0, capsCaptured=False, otherKeysCount=0, droppedLogs=0.
2026-10-06T20:10:31.8250338+09:00 Hooks registered: generation=150, keyboard=0x2C80D95, mouse=0xD630D33, keyboard callbacks=1787, mouse callbacks=16254.
2026-10-06T20:10:54.8201742+09:00 Hook status (periodic): generation=150, enabled=True, emacsEnabled=True, emacsActive=True, keyboardCallbacks=1905, mouseCallbacks=16254, suppressed=62, injectionFailures=0, refreshRequested=False, sinceRefreshMs=23000, leftAlt=False/False/False, rightAlt=False/False/False, leftCtrl=False/False/False, rightCtrl=False/False/False, asyncAlt=False/False, asyncCtrl=False/False, capturedKeys=0, capsCaptured=False, otherKeysCount=0, droppedLogs=0.
2026-10-06T20:11:04.8196768+09:00 Hooks registered: generation=151, keyboard=0x2F90389, mouse=0x1C200CD9, keyboard callbacks=1919, mouse callbacks=16705.
2026-10-06T20:11:24.8292288+09:00 Hook status (periodic): generation=151, enabled=True, emacsEnabled=True, emacsActive=True, keyboardCallbacks=1948, mouseCallbacks=16855, suppressed=62, injectionFailures=0, refreshRequested=False, sinceRefreshMs=20000, leftAlt=False/False/False, rightAlt=False/False/False, leftCtrl=False/False/False, rightCtrl=False/False/False, asyncAlt=False/False, asyncCtrl=False/False, capturedKeys=0, capsCaptured=False, otherKeysCount=1, droppedLogs=0.
2026-10-06T20:11:47.8237508+09:00 Hooks registered: generation=152, keyboard=0x87B0D7D, mouse=0x10E10D6B, keyboard callbacks=2147, mouse callbacks=16855.
2026-10-06T20:11:54.8266392+09:00 Hook status (periodic): generation=152, enabled=True, emacsEnabled=True, emacsActive=True, keyboardCallbacks=2147, mouseCallbacks=16855, suppressed=64, injectionFailures=0, refreshRequested=False, sinceRefreshMs=7000, leftAlt=False/False/False, rightAlt=False/False/False, leftCtrl=False/False/False, rightCtrl=False/False/False, asyncAlt=False/False, asyncCtrl=False/False, capturedKeys=0, capsCaptured=False, otherKeysCount=0, droppedLogs=0.
2026-10-06T20:12:17.8227156+09:00 Hooks registered: generation=153, keyboard=0x1F10D7F, mouse=0x2240909, keyboard callbacks=2151, mouse callbacks=16855.
2026-10-06T20:12:24.8185357+09:00 Hook status (periodic): generation=153, enabled=True, emacsEnabled=True, emacsActive=True, keyboardCallbacks=2157, mouseCallbacks=16855, suppressed=68, injectionFailures=0, refreshRequested=False, sinceRefreshMs=7000, leftAlt=False/False/False, rightAlt=False/False/False, leftCtrl=False/False/False, rightCtrl=False/False/False, asyncAlt=False/False, asyncCtrl=False/False, capturedKeys=0, capsCaptured=False, otherKeysCount=0, droppedLogs=0.
2026-10-06T20:12:47.8422135+09:00 Hooks registered: generation=154, keyboard=0x5FD0CB7, mouse=0x28B0995, keyboard callbacks=2323, mouse callbacks=16855.
2026-10-06T20:12:54.8365105+09:00 Hook status (periodic): generation=154, enabled=True, emacsEnabled=True, emacsActive=True, keyboardCallbacks=2389, mouseCallbacks=16855, suppressed=78, injectionFailures=0, refreshRequested=False, sinceRefreshMs=7000, leftAlt=False/False/False, rightAlt=False/False/False, leftCtrl=False/False/False, rightCtrl=False/False/False, asyncAlt=False/False, asyncCtrl=False/False, capturedKeys=0, capsCaptured=False, otherKeysCount=0, droppedLogs=0.
2026-10-06T20:13:17.8471145+09:00 Hooks registered: generation=155, keyboard=0x3D5083F, mouse=0x17F00CEB, keyboard callbacks=2423, mouse callbacks=16855.
2026-10-06T20:13:24.8610778+09:00 Hook status (periodic): generation=155, enabled=True, emacsEnabled=True, emacsActive=True, keyboardCallbacks=2423, mouseCallbacks=16855, suppressed=80, injectionFailures=0, refreshRequested=False, sinceRefreshMs=7000, leftAlt=False/False/False, rightAlt=False/False/False, leftCtrl=False/False/False, rightCtrl=False/False/False, asyncAlt=False/False, asyncCtrl=False/False, capturedKeys=0, capsCaptured=False, otherKeysCount=0, droppedLogs=0.
2026-10-06T20:13:47.8551092+09:00 Hooks registered: generation=156, keyboard=0x4ED0D1D, mouse=0x650621, keyboard callbacks=2423, mouse callbacks=16855.
2026-10-06T20:13:54.8550616+09:00 Hook status (periodic): generation=156, enabled=True, emacsEnabled=True, emacsActive=True, keyboardCallbacks=2423, mouseCallbacks=16855, suppressed=80, injectionFailures=0, refreshRequested=False, sinceRefreshMs=7000, leftAlt=False/False/False, rightAlt=False/False/False, leftCtrl=False/False/False, rightCtrl=False/False/False, asyncAlt=False/False, asyncCtrl=False/False, capturedKeys=0, capsCaptured=False, otherKeysCount=0, droppedLogs=0.
2026-10-06T20:14:24.8989901+09:00 Hook status (periodic): generation=156, enabled=True, emacsEnabled=True, emacsActive=True, keyboardCallbacks=2519, mouseCallbacks=17181, suppressed=88, injectionFailures=0, refreshRequested=False, sinceRefreshMs=37047, leftAlt=False/False/False, rightAlt=False/False/False, leftCtrl=False/False/False, rightCtrl=False/False/False, asyncAlt=False/False, asyncCtrl=False/False, capturedKeys=0, capsCaptured=False, otherKeysCount=0, droppedLogs=0.
2026-10-06T20:14:36.8992436+09:00 Hooks registered: generation=157, keyboard=0x79A0989, mouse=0x9C4018D, keyboard callbacks=2627, mouse callbacks=17181.
2026-10-06T20:14:54.8951999+09:00 Hook status (periodic): generation=157, enabled=True, emacsEnabled=True, emacsActive=True, keyboardCallbacks=2675, mouseCallbacks=17181, suppressed=94, injectionFailures=0, refreshRequested=False, sinceRefreshMs=18000, leftAlt=False/False/False, rightAlt=False/False/False, leftCtrl=False/False/False, rightCtrl=False/False/False, asyncAlt=False/False, asyncCtrl=False/False, capturedKeys=0, capsCaptured=False, otherKeysCount=0, droppedLogs=0.
2026-10-06T20:15:06.9016770+09:00 Hooks registered: generation=158, keyboard=0xBA0D61, mouse=0x22A063F, keyboard callbacks=2675, mouse callbacks=17181.
2026-10-06T20:15:24.9094194+09:00 Hook status (periodic): generation=158, enabled=True, emacsEnabled=True, emacsActive=True, keyboardCallbacks=2675, mouseCallbacks=17181, suppressed=94, injectionFailures=0, refreshRequested=False, sinceRefreshMs=18016, leftAlt=False/False/False, rightAlt=False/False/False, leftCtrl=False/False/False, rightCtrl=False/False/False, asyncAlt=False/False, asyncCtrl=False/False, capturedKeys=0, capsCaptured=False, otherKeysCount=0, droppedLogs=0.
2026-10-06T20:15:36.9392523+09:00 Hooks registered: generation=159, keyboard=0x5830D1D, mouse=0x35092D, keyboard callbacks=2713, mouse callbacks=17181.
2026-10-06T20:15:54.9401974+09:00 Hook status (periodic): generation=159, enabled=True, emacsEnabled=True, emacsActive=True, keyboardCallbacks=2797, mouseCallbacks=17181, suppressed=100, injectionFailures=0, refreshRequested=False, sinceRefreshMs=18015, leftAlt=False/False/False, rightAlt=False/False/False, leftCtrl=False/False/False, rightCtrl=False/False/False, asyncAlt=False/False, asyncCtrl=False/False, capturedKeys=0, capsCaptured=False, otherKeysCount=0, droppedLogs=0.
2026-10-06T20:16:06.9530599+09:00 Hooks registered: generation=160, keyboard=0x282063F, mouse=0x4DB0D67, keyboard callbacks=2819, mouse callbacks=17181.
2026-10-06T20:16:24.9452702+09:00 Hook status (periodic): generation=160, enabled=True, emacsEnabled=True, emacsActive=True, keyboardCallbacks=2819, mouseCallbacks=17277, suppressed=102, injectionFailures=0, refreshRequested=False, sinceRefreshMs=18000, leftAlt=False/False/False, rightAlt=False/False/False, leftCtrl=False/False/False, rightCtrl=False/False/False, asyncAlt=False/False, asyncCtrl=False/False, capturedKeys=0, capsCaptured=False, otherKeysCount=0, droppedLogs=0.
2026-10-06T20:16:40.9494099+09:00 Hooks registered: generation=161, keyboard=0x7070D1D, mouse=0xB7A03C9, keyboard callbacks=2823, mouse callbacks=17439.
2026-10-06T20:16:54.9434306+09:00 Hook status (periodic): generation=161, enabled=True, emacsEnabled=True, emacsActive=True, keyboardCallbacks=2897, mouseCallbacks=17439, suppressed=104, injectionFailures=0, refreshRequested=False, sinceRefreshMs=14000, leftAlt=False/False/False, rightAlt=False/False/False, leftCtrl=False/False/False, rightCtrl=False/False/False, asyncAlt=False/False, asyncCtrl=False/False, capturedKeys=0, capsCaptured=False, otherKeysCount=0, droppedLogs=0.
2026-10-06T20:17:10.9511099+09:00 Hooks registered: generation=162, keyboard=0x3770D95, mouse=0x96804C9, keyboard callbacks=2917, mouse callbacks=17549.
2026-10-06T20:17:24.9736259+09:00 Hook status (periodic): generation=162, enabled=True, emacsEnabled=True, emacsActive=True, keyboardCallbacks=2917, mouseCallbacks=17576, suppressed=104, injectionFailures=0, refreshRequested=False, sinceRefreshMs=14031, leftAlt=False/False/False, rightAlt=False/False/False, leftCtrl=False/False/False, rightCtrl=False/False/False, asyncAlt=False/False, asyncCtrl=False/False, capturedKeys=0, capsCaptured=False, otherKeysCount=0, droppedLogs=0.
2026-10-06T20:17:51.9922669+09:00 Hooks registered: generation=163, keyboard=0x84D0B93, mouse=0x2FE0909, keyboard callbacks=3123, mouse callbacks=17576.
2026-10-06T20:17:54.9946539+09:00 Hook status (periodic): generation=163, enabled=True, emacsEnabled=True, emacsActive=True, keyboardCallbacks=3123, mouseCallbacks=17576, suppressed=112, injectionFailures=0, refreshRequested=False, sinceRefreshMs=3000, leftAlt=False/False/False, rightAlt=False/False/False, leftCtrl=False/False/False, rightCtrl=False/False/False, asyncAlt=False/False, asyncCtrl=False/False, capturedKeys=0, capsCaptured=False, otherKeysCount=0, droppedLogs=0.
2026-10-06T20:18:22.0230493+09:00 Hooks registered: generation=164, keyboard=0xCA70993, mouse=0x79B0D69, keyboard callbacks=3123, mouse callbacks=17576.
2026-10-06T20:18:25.0193564+09:00 Hook status (periodic): generation=164, enabled=True, emacsEnabled=True, emacsActive=True, keyboardCallbacks=3123, mouseCallbacks=17675, suppressed=112, injectionFailures=0, refreshRequested=False, sinceRefreshMs=3000, leftAlt=False/False/False, rightAlt=False/False/False, leftCtrl=False/False/False, rightCtrl=False/False/False, asyncAlt=False/False, asyncCtrl=False/False, capturedKeys=0, capsCaptured=False, otherKeysCount=0, droppedLogs=0.
2026-10-06T20:18:55.0838609+09:00 Hook status (periodic): generation=164, enabled=True, emacsEnabled=True, emacsActive=True, keyboardCallbacks=3149, mouseCallbacks=18043, suppressed=114, injectionFailures=0, refreshRequested=False, sinceRefreshMs=33063, leftAlt=False/False/False, rightAlt=False/False/False, leftCtrl=False/False/False, rightCtrl=False/False/False, asyncAlt=False/False, asyncCtrl=False/False, capturedKeys=0, capsCaptured=False, otherKeysCount=0, droppedLogs=0.
2026-10-06T20:18:55.0842057+09:00 Hooks registered: generation=165, keyboard=0x2FA0CE1, mouse=0x4B60C97, keyboard callbacks=3149, mouse callbacks=18043.
2026-10-06T20:19:25.1368873+09:00 Hook status (periodic): generation=165, enabled=True, emacsEnabled=True, emacsActive=True, keyboardCallbacks=3149, mouseCallbacks=18043, suppressed=114, injectionFailures=0, refreshRequested=False, sinceRefreshMs=30047, leftAlt=False/False/False, rightAlt=False/False/False, leftCtrl=False/False/False, rightCtrl=False/False/False, asyncAlt=False/False, asyncCtrl=False/False, capturedKeys=0, capsCaptured=False, otherKeysCount=0, droppedLogs=0.
2026-10-06T20:19:25.1375516+09:00 Hooks registered: generation=166, keyboard=0x1A8A0D59, mouse=0x12C0D61, keyboard callbacks=3149, mouse callbacks=18043.
2026-10-06T20:19:55.1866307+09:00 Hook status (periodic): generation=166, enabled=True, emacsEnabled=True, emacsActive=True, keyboardCallbacks=3200, mouseCallbacks=18043, suppressed=116, injectionFailures=0, refreshRequested=False, sinceRefreshMs=30047, leftAlt=False/False/False, rightAlt=False/False/False, leftCtrl=False/False/False, rightCtrl=False/False/False, asyncAlt=False/False, asyncCtrl=False/False, capturedKeys=0, capsCaptured=False, otherKeysCount=1, droppedLogs=0.
2026-10-06T20:20:14.2247171+09:00 Hooks registered: generation=167, keyboard=0x720E01, mouse=0xA70E31, keyboard callbacks=3325, mouse callbacks=18309.
2026-10-06T20:20:25.2361042+09:00 Hook status (periodic): generation=167, enabled=True, emacsEnabled=True, emacsActive=True, keyboardCallbacks=3337, mouseCallbacks=18484, suppressed=120, injectionFailures=0, refreshRequested=False, sinceRefreshMs=11000, leftAlt=False/False/False, rightAlt=False/False/False, leftCtrl=False/False/False, rightCtrl=False/False/False, asyncAlt=False/False, asyncCtrl=False/False, capturedKeys=0, capsCaptured=False, otherKeysCount=0, droppedLogs=0.
2026-10-06T20:20:44.2283932+09:00 Hooks registered: generation=168, keyboard=0x5A20D91, mouse=0xDD0E1D, keyboard callbacks=3337, mouse callbacks=18484.
2026-10-06T20:20:55.2226507+09:00 Hook status (periodic): generation=168, enabled=True, emacsEnabled=True, emacsActive=True, keyboardCallbacks=3360, mouseCallbacks=18484, suppressed=122, injectionFailures=0, refreshRequested=False, sinceRefreshMs=11000, leftAlt=False/False/False, rightAlt=False/False/False, leftCtrl=False/False/False, rightCtrl=False/False/False, asyncAlt=False/False, asyncCtrl=False/False, capturedKeys=0, capsCaptured=False, otherKeysCount=1, droppedLogs=0.
2026-10-06T20:21:25.2830701+09:00 Hook status (periodic): generation=168, enabled=True, emacsEnabled=True, emacsActive=True, keyboardCallbacks=3391, mouseCallbacks=19917, suppressed=124, injectionFailures=0, refreshRequested=False, sinceRefreshMs=41047, leftAlt=False/False/False, rightAlt=False/False/False, leftCtrl=False/False/False, rightCtrl=False/False/False, asyncAlt=False/False, asyncCtrl=False/False, capturedKeys=0, capsCaptured=False, otherKeysCount=0, droppedLogs=0.
2026-10-06T20:21:26.2790989+09:00 Hooks registered: generation=169, keyboard=0x160505, mouse=0x362092D, keyboard callbacks=3391, mouse callbacks=19917.
2026-10-06T20:21:55.2800668+09:00 Hook status (periodic): generation=169, enabled=True, emacsEnabled=True, emacsActive=True, keyboardCallbacks=3497, mouseCallbacks=19964, suppressed=132, injectionFailures=0, refreshRequested=False, sinceRefreshMs=29000, leftAlt=False/False/False, rightAlt=False/False/False, leftCtrl=False/False/False, rightCtrl=False/False/False, asyncAlt=False/False, asyncCtrl=False/False, capturedKeys=0, capsCaptured=False, otherKeysCount=0, droppedLogs=0.
2026-10-06T20:21:56.2695887+09:00 Hooks registered: generation=170, keyboard=0x5A03FB, mouse=0x7630089, keyboard callbacks=3497, mouse callbacks=19964.
2026-10-06T20:22:25.3402075+09:00 Hook status (periodic): generation=170, enabled=True, emacsEnabled=True, emacsActive=True, keyboardCallbacks=3513, mouseCallbacks=19964, suppressed=136, injectionFailures=0, refreshRequested=False, sinceRefreshMs=29063, leftAlt=False/False/False, rightAlt=False/False/False, leftCtrl=False/False/False, rightCtrl=False/False/False, asyncAlt=False/False, asyncCtrl=False/False, capturedKeys=0, capsCaptured=False, otherKeysCount=0, droppedLogs=0.
2026-10-06T20:22:26.3464942+09:00 Hooks registered: generation=171, keyboard=0x2760CED, mouse=0xD40E31, keyboard callbacks=3513, mouse callbacks=19964.
2026-10-06T20:22:55.3794710+09:00 Hook status (periodic): generation=171, enabled=True, emacsEnabled=True, emacsActive=True, keyboardCallbacks=3513, mouseCallbacks=19964, suppressed=136, injectionFailures=0, refreshRequested=False, sinceRefreshMs=29032, leftAlt=False/False/False, rightAlt=False/False/False, leftCtrl=False/False/False, rightCtrl=False/False/False, asyncAlt=False/False, asyncCtrl=False/False, capturedKeys=0, capsCaptured=False, otherKeysCount=0, droppedLogs=0.
2026-10-06T20:22:56.4024256+09:00 Hooks registered: generation=172, keyboard=0x1B240913, mouse=0x27E08FD, keyboard callbacks=3513, mouse callbacks=19964.
2026-10-06T20:23:25.4176521+09:00 Hook status (periodic): generation=172, enabled=True, emacsEnabled=True, emacsActive=True, keyboardCallbacks=3665, mouseCallbacks=19964, suppressed=142, injectionFailures=0, refreshRequested=False, sinceRefreshMs=29016, leftAlt=False/False/False, rightAlt=False/False/False, leftCtrl=False/False/False, rightCtrl=False/False/False, asyncAlt=False/False, asyncCtrl=False/False, capturedKeys=0, capsCaptured=False, otherKeysCount=2, droppedLogs=0.
2026-10-06T20:23:28.4365840+09:00 Hooks registered: generation=173, keyboard=0x340E19, mouse=0x33C0D65, keyboard callbacks=3681, mouse callbacks=19964.
2026-10-06T20:23:55.4832130+09:00 Hook status (periodic): generation=173, enabled=True, emacsEnabled=True, emacsActive=True, keyboardCallbacks=3681, mouseCallbacks=19964, suppressed=142, injectionFailures=0, refreshRequested=False, sinceRefreshMs=27046, leftAlt=False/False/False, rightAlt=False/False/False, leftCtrl=False/False/False, rightCtrl=False/False/False, asyncAlt=False/False, asyncCtrl=False/False, capturedKeys=0, capsCaptured=False, otherKeysCount=0, droppedLogs=0.
2026-10-06T20:23:58.4766084+09:00 Hooks registered: generation=174, keyboard=0xA103F9, mouse=0xDB0E31, keyboard callbacks=3681, mouse callbacks=19964.
2026-10-06T20:24:25.4774018+09:00 Hook status (periodic): generation=174, enabled=True, emacsEnabled=True, emacsActive=True, keyboardCallbacks=3691, mouseCallbacks=19964, suppressed=144, injectionFailures=0, refreshRequested=False, sinceRefreshMs=27000, leftAlt=False/False/False, rightAlt=False/False/False, leftCtrl=False/False/False, rightCtrl=False/False/False, asyncAlt=False/False, asyncCtrl=False/False, capturedKeys=0, capsCaptured=False, otherKeysCount=0, droppedLogs=0.
2026-10-06T20:24:30.4835760+09:00 Hooks registered: generation=175, keyboard=0x185D01D3, mouse=0x9920D95, keyboard callbacks=3723, mouse callbacks=19964.
2026-10-06T20:24:55.4744883+09:00 Hook status (periodic): generation=175, enabled=True, emacsEnabled=True, emacsActive=True, keyboardCallbacks=3723, mouseCallbacks=19964, suppressed=144, injectionFailures=0, refreshRequested=False, sinceRefreshMs=25000, leftAlt=False/False/False, rightAlt=False/False/False, leftCtrl=False/False/False, rightCtrl=False/False/False, asyncAlt=False/False, asyncCtrl=False/False, capturedKeys=0, capsCaptured=False, otherKeysCount=0, droppedLogs=0.
2026-10-06T20:25:00.4759023+09:00 Hooks registered: generation=176, keyboard=0x78007F, mouse=0x3590CED, keyboard callbacks=3723, mouse callbacks=19964.
2026-10-06T20:25:25.5010904+09:00 Hook status (periodic): generation=176, enabled=True, emacsEnabled=True, emacsActive=True, keyboardCallbacks=3723, mouseCallbacks=19964, suppressed=144, injectionFailures=0, refreshRequested=False, sinceRefreshMs=25016, leftAlt=False/False/False, rightAlt=False/False/False, leftCtrl=False/False/False, rightCtrl=False/False/False, asyncAlt=False/False, asyncCtrl=False/False, capturedKeys=0, capsCaptured=False, otherKeysCount=0, droppedLogs=0.
2026-10-06T20:25:30.5013072+09:00 Hooks registered: generation=177, keyboard=0x44C0C89, mouse=0x187201D3, keyboard callbacks=3723, mouse callbacks=19964.
2026-10-06T20:25:55.5278801+09:00 Hook status (periodic): generation=177, enabled=True, emacsEnabled=True, emacsActive=True, keyboardCallbacks=3745, mouseCallbacks=20137, suppressed=144, injectionFailures=0, refreshRequested=False, sinceRefreshMs=25031, leftAlt=False/False/False, rightAlt=False/False/False, leftCtrl=False/False/False, rightCtrl=False/False/False, asyncAlt=False/False, asyncCtrl=False/False, capturedKeys=0, capsCaptured=False, otherKeysCount=0, droppedLogs=0.
2026-10-06T20:26:00.5473197+09:00 Hooks registered: generation=178, keyboard=0x4C0DFB, mouse=0x360097D, keyboard callbacks=3745, mouse callbacks=20137.
2026-10-06T20:26:25.5778010+09:00 Hook status (periodic): generation=178, enabled=True, emacsEnabled=True, emacsActive=True, keyboardCallbacks=3745, mouseCallbacks=20137, suppressed=144, injectionFailures=0, refreshRequested=False, sinceRefreshMs=25031, leftAlt=False/False/False, rightAlt=False/False/False, leftCtrl=False/False/False, rightCtrl=False/False/False, asyncAlt=False/False, asyncCtrl=False/False, capturedKeys=0, capsCaptured=False, otherKeysCount=0, droppedLogs=0.
2026-10-06T20:26:30.5767204+09:00 Hooks registered: generation=179, keyboard=0x2CF024D, mouse=0x3303F3, keyboard callbacks=3745, mouse callbacks=20137.
2026-10-06T20:26:55.5791030+09:00 Hook status (periodic): generation=179, enabled=True, emacsEnabled=True, emacsActive=True, keyboardCallbacks=3767, mouseCallbacks=20137, suppressed=146, injectionFailures=0, refreshRequested=False, sinceRefreshMs=25000, leftAlt=False/False/False, rightAlt=False/False/False, leftCtrl=False/False/False, rightCtrl=False/False/False, asyncAlt=False/False, asyncCtrl=False/False, capturedKeys=0, capsCaptured=False, otherKeysCount=0, droppedLogs=0.
2026-10-06T20:27:00.5714617+09:00 Hooks registered: generation=180, keyboard=0x1680E2D, mouse=0x19E0249, keyboard callbacks=3767, mouse callbacks=20137.
2026-10-06T20:27:25.5824156+09:00 Hook status (periodic): generation=180, enabled=True, emacsEnabled=True, emacsActive=True, keyboardCallbacks=3767, mouseCallbacks=20322, suppressed=146, injectionFailures=0, refreshRequested=False, sinceRefreshMs=25016, leftAlt=False/False/False, rightAlt=False/False/False, leftCtrl=False/False/False, rightCtrl=False/False/False, asyncAlt=False/False, asyncCtrl=False/False, capturedKeys=0, capsCaptured=False, otherKeysCount=0, droppedLogs=0.
2026-10-06T20:27:30.5932284+09:00 Hooks registered: generation=181, keyboard=0x2580285, mouse=0x1B860913, keyboard callbacks=3767, mouse callbacks=20322.
2026-10-06T20:27:55.5984162+09:00 Hook status (periodic): generation=181, enabled=True, emacsEnabled=True, emacsActive=True, keyboardCallbacks=3767, mouseCallbacks=20322, suppressed=146, injectionFailures=0, refreshRequested=False, sinceRefreshMs=25015, leftAlt=False/False/False, rightAlt=False/False/False, leftCtrl=False/False/False, rightCtrl=False/False/False, asyncAlt=False/False, asyncCtrl=False/False, capturedKeys=0, capsCaptured=False, otherKeysCount=0, droppedLogs=0.
2026-10-06T20:28:00.6044685+09:00 Hooks registered: generation=182, keyboard=0x40D063F, mouse=0x1FD007F, keyboard callbacks=3767, mouse callbacks=20322.
2026-10-06T20:28:25.6383636+09:00 Hook status (periodic): generation=182, enabled=True, emacsEnabled=True, emacsActive=True, keyboardCallbacks=3767, mouseCallbacks=20322, suppressed=146, injectionFailures=0, refreshRequested=False, sinceRefreshMs=25032, leftAlt=False/False/False, rightAlt=False/False/False, leftCtrl=False/False/False, rightCtrl=False/False/False, asyncAlt=False/False, asyncCtrl=False/False, capturedKeys=0, capsCaptured=False, otherKeysCount=0, droppedLogs=0.
2026-10-06T20:28:39.6460946+09:00 Hooks registered: generation=183, keyboard=0x9B0A4F, mouse=0x2AE08FD, keyboard callbacks=3806, mouse callbacks=20517.
2026-10-06T20:28:55.6652690+09:00 Hook status (periodic): generation=183, enabled=True, emacsEnabled=True, emacsActive=True, keyboardCallbacks=3806, mouseCallbacks=20652, suppressed=148, injectionFailures=0, refreshRequested=False, sinceRefreshMs=16016, leftAlt=False/False/False, rightAlt=False/False/False, leftCtrl=False/False/False, rightCtrl=False/False/False, asyncAlt=False/False, asyncCtrl=False/False, capturedKeys=0, capsCaptured=False, otherKeysCount=0, droppedLogs=0.
2026-10-06T20:29:09.7089440+09:00 Hooks registered: generation=184, keyboard=0x4250D65, mouse=0x150D99, keyboard callbacks=3806, mouse callbacks=20694.
2026-10-06T20:29:25.7805675+09:00 Hook status (periodic): generation=184, enabled=True, emacsEnabled=True, emacsActive=True, keyboardCallbacks=3806, mouseCallbacks=20804, suppressed=148, injectionFailures=0, refreshRequested=False, sinceRefreshMs=16062, leftAlt=False/False/False, rightAlt=False/False/False, leftCtrl=False/False/False, rightCtrl=False/False/False, asyncAlt=False/False, asyncCtrl=False/False, capturedKeys=0, capsCaptured=False, otherKeysCount=0, droppedLogs=0.
2026-10-06T20:29:39.8023088+09:00 Hooks registered: generation=185, keyboard=0x61E03F9, mouse=0x19C0E19, keyboard callbacks=3806, mouse callbacks=20804.
2026-10-06T20:29:55.8395045+09:00 Hook status (periodic): generation=185, enabled=True, emacsEnabled=True, emacsActive=True, keyboardCallbacks=3806, mouseCallbacks=20804, suppressed=148, injectionFailures=0, refreshRequested=False, sinceRefreshMs=16031, leftAlt=False/False/False, rightAlt=False/False/False, leftCtrl=False/False/False, rightCtrl=False/False/False, asyncAlt=False/False, asyncCtrl=False/False, capturedKeys=0, capsCaptured=False, otherKeysCount=0, droppedLogs=0.
2026-10-06T20:30:09.8494888+09:00 Hooks registered: generation=186, keyboard=0x1880E31, mouse=0x1BD0E2B, keyboard callbacks=3806, mouse callbacks=20804.
2026-10-06T20:30:25.9090209+09:00 Hook status (periodic): generation=186, enabled=True, emacsEnabled=True, emacsActive=True, keyboardCallbacks=3806, mouseCallbacks=20804, suppressed=148, injectionFailures=0, refreshRequested=False, sinceRefreshMs=16063, leftAlt=False/False/False, rightAlt=False/False/False, leftCtrl=False/False/False, rightCtrl=False/False/False, asyncAlt=False/False, asyncCtrl=False/False, capturedKeys=0, capsCaptured=False, otherKeysCount=0, droppedLogs=0.
2026-10-06T20:30:39.9465569+09:00 Hooks registered: generation=187, keyboard=0x3860E11, mouse=0x1A60E0B, keyboard callbacks=3806, mouse callbacks=20804.
2026-10-06T20:30:55.9869611+09:00 Hook status (periodic): generation=187, enabled=True, emacsEnabled=True, emacsActive=True, keyboardCallbacks=3806, mouseCallbacks=21317, suppressed=148, injectionFailures=0, refreshRequested=False, sinceRefreshMs=16031, leftAlt=False/False/False, rightAlt=False/False/False, leftCtrl=False/False/False, rightCtrl=False/False/False, asyncAlt=False/False, asyncCtrl=False/False, capturedKeys=0, capsCaptured=False, otherKeysCount=0, droppedLogs=0.
2026-10-06T20:31:09.9859727+09:00 Hooks registered: generation=188, keyboard=0x116B0CB7, mouse=0x4DD0A4F, keyboard callbacks=3852, mouse callbacks=21537.
2026-10-06T20:31:26.0017042+09:00 Hook status (periodic): generation=188, enabled=True, emacsEnabled=True, emacsActive=True, keyboardCallbacks=3852, mouseCallbacks=21537, suppressed=150, injectionFailures=0, refreshRequested=False, sinceRefreshMs=16016, leftAlt=False/False/False, rightAlt=False/False/False, leftCtrl=False/False/False, rightCtrl=False/False/False, asyncAlt=False/False, asyncCtrl=False/False, capturedKeys=0, capsCaptured=False, otherKeysCount=0, droppedLogs=0.
2026-10-06T20:31:40.0225897+09:00 Hooks registered: generation=189, keyboard=0x7BD0089, mouse=0x1DB00F5, keyboard callbacks=3852, mouse callbacks=21537.
2026-10-06T20:31:56.0266886+09:00 Hook status (periodic): generation=189, enabled=True, emacsEnabled=True, emacsActive=True, keyboardCallbacks=3865, mouseCallbacks=21537, suppressed=150, injectionFailures=0, refreshRequested=False, sinceRefreshMs=16000, leftAlt=False/False/False, rightAlt=False/False/False, leftCtrl=False/False/False, rightCtrl=False/False/False, asyncAlt=False/False, asyncCtrl=False/False, capturedKeys=0, capsCaptured=False, otherKeysCount=1, droppedLogs=0.
2026-10-06T20:32:10.0347408+09:00 Hooks registered: generation=190, keyboard=0x40B0DFF, mouse=0x3A60E11, keyboard callbacks=3912, mouse callbacks=21537.
2026-10-06T20:32:26.0693362+09:00 Hook status (periodic): generation=190, enabled=True, emacsEnabled=True, emacsActive=True, keyboardCallbacks=3912, mouseCallbacks=21789, suppressed=150, injectionFailures=0, refreshRequested=False, sinceRefreshMs=16031, leftAlt=False/False/False, rightAlt=False/False/False, leftCtrl=False/False/False, rightCtrl=False/False/False, asyncAlt=False/False, asyncCtrl=False/False, capturedKeys=0, capsCaptured=False, otherKeysCount=0, droppedLogs=0.
2026-10-06T20:32:41.0803856+09:00 Hooks registered: generation=191, keyboard=0x1BA40D59, mouse=0x181C0E35, keyboard callbacks=3912, mouse callbacks=22281.
2026-10-06T20:32:56.0821273+09:00 Hook status (periodic): generation=191, enabled=True, emacsEnabled=True, emacsActive=True, keyboardCallbacks=3912, mouseCallbacks=22402, suppressed=150, injectionFailures=0, refreshRequested=False, sinceRefreshMs=15016, leftAlt=False/False/False, rightAlt=False/False/False, leftCtrl=False/False/False, rightCtrl=False/False/False, asyncAlt=False/False, asyncCtrl=False/False, capturedKeys=0, capsCaptured=False, otherKeysCount=0, droppedLogs=0.
2026-10-06T20:33:11.1023784+09:00 Hooks registered: generation=192, keyboard=0x15F80CE9, mouse=0xFC20D39, keyboard callbacks=3912, mouse callbacks=22754.
2026-10-06T20:33:26.1023410+09:00 Hook status (periodic): generation=192, enabled=True, emacsEnabled=True, emacsActive=True, keyboardCallbacks=3912, mouseCallbacks=22778, suppressed=150, injectionFailures=0, refreshRequested=False, sinceRefreshMs=15000, leftAlt=False/False/False, rightAlt=False/False/False, leftCtrl=False/False/False, rightCtrl=False/False/False, asyncAlt=False/False, asyncCtrl=False/False, capturedKeys=0, capsCaptured=False, otherKeysCount=0, droppedLogs=0.
2026-10-06T20:33:41.1038866+09:00 Hooks registered: generation=193, keyboard=0xDDE08FF, mouse=0x12020CB7, keyboard callbacks=3912, mouse callbacks=22796.
2026-10-06T20:33:56.1181290+09:00 Hook status (periodic): generation=193, enabled=True, emacsEnabled=True, emacsActive=True, keyboardCallbacks=3912, mouseCallbacks=22918, suppressed=150, injectionFailures=0, refreshRequested=False, sinceRefreshMs=15016, leftAlt=False/False/False, rightAlt=False/False/False, leftCtrl=False/False/False, rightCtrl=False/False/False, asyncAlt=False/False, asyncCtrl=False/False, capturedKeys=0, capsCaptured=False, otherKeysCount=0, droppedLogs=0.
2026-10-06T20:34:14.1901452+09:00 Hooks registered: generation=194, keyboard=0x5BF0A4F, mouse=0x22D0E33, keyboard callbacks=3964, mouse callbacks=23419.
2026-10-06T20:34:26.1931181+09:00 Hook status (periodic): generation=194, enabled=True, emacsEnabled=True, emacsActive=True, keyboardCallbacks=3964, mouseCallbacks=23419, suppressed=152, injectionFailures=0, refreshRequested=False, sinceRefreshMs=12015, leftAlt=False/False/False, rightAlt=False/False/False, leftCtrl=False/False/False, rightCtrl=False/False/False, asyncAlt=False/False, asyncCtrl=False/False, capturedKeys=0, capsCaptured=False, otherKeysCount=0, droppedLogs=0.
2026-10-06T20:34:46.1971469+09:00 Hooks registered: generation=195, keyboard=0x8430D8D, mouse=0x8290901, keyboard callbacks=3970, mouse callbacks=23878.
2026-10-06T20:34:56.2643334+09:00 Hook status (periodic): generation=195, enabled=True, emacsEnabled=True, emacsActive=True, keyboardCallbacks=3970, mouseCallbacks=24212, suppressed=154, injectionFailures=0, refreshRequested=False, sinceRefreshMs=10063, leftAlt=False/False/False, rightAlt=False/False/False, leftCtrl=False/False/False, rightCtrl=False/False/False, asyncAlt=False/False, asyncCtrl=False/False, capturedKeys=0, capsCaptured=False, otherKeysCount=0, droppedLogs=0.
2026-10-06T20:35:26.3219613+09:00 Hook status (periodic): generation=195, enabled=True, emacsEnabled=True, emacsActive=True, keyboardCallbacks=3970, mouseCallbacks=24404, suppressed=154, injectionFailures=0, refreshRequested=False, sinceRefreshMs=40125, leftAlt=False/False/False, rightAlt=False/False/False, leftCtrl=False/False/False, rightCtrl=False/False/False, asyncAlt=False/False, asyncCtrl=False/False, capturedKeys=0, capsCaptured=False, otherKeysCount=0, droppedLogs=0.
2026-10-06T20:35:44.3487204+09:00 Hooks registered: generation=196, keyboard=0xCA800F5, mouse=0xE10E0F, keyboard callbacks=3970, mouse callbacks=25186.
2026-10-06T20:35:56.3534119+09:00 Hook status (periodic): generation=196, enabled=True, emacsEnabled=True, emacsActive=True, keyboardCallbacks=3984, mouseCallbacks=25479, suppressed=156, injectionFailures=0, refreshRequested=False, sinceRefreshMs=12000, leftAlt=False/False/False, rightAlt=False/False/False, leftCtrl=False/False/False, rightCtrl=False/False/False, asyncAlt=False/False, asyncCtrl=False/False, capturedKeys=0, capsCaptured=False, otherKeysCount=0, droppedLogs=0.
2026-10-06T20:36:15.3820997+09:00 Hooks registered: generation=197, keyboard=0x11A0CF1, mouse=0x10404B9, keyboard callbacks=3984, mouse callbacks=26355.
2026-10-06T20:36:26.3991822+09:00 Hook status (periodic): generation=197, enabled=True, emacsEnabled=True, emacsActive=True, keyboardCallbacks=3984, mouseCallbacks=26486, suppressed=156, injectionFailures=0, refreshRequested=False, sinceRefreshMs=11015, leftAlt=False/False/False, rightAlt=False/False/False, leftCtrl=False/False/False, rightCtrl=False/False/False, asyncAlt=False/False, asyncCtrl=False/False, capturedKeys=0, capsCaptured=False, otherKeysCount=0, droppedLogs=0.
2026-10-06T20:36:51.4445006+09:00 Hooks registered: generation=198, keyboard=0x4720389, mouse=0x4080995, keyboard callbacks=3984, mouse callbacks=26883.
2026-10-06T20:36:56.4592604+09:00 Hook status (periodic): generation=198, enabled=True, emacsEnabled=True, emacsActive=True, keyboardCallbacks=3984, mouseCallbacks=26926, suppressed=156, injectionFailures=0, refreshRequested=False, sinceRefreshMs=5016, leftAlt=False/False/False, rightAlt=False/False/False, leftCtrl=False/False/False, rightCtrl=False/False/False, asyncAlt=False/False, asyncCtrl=False/False, capturedKeys=0, capsCaptured=False, otherKeysCount=0, droppedLogs=0.
2026-10-06T20:37:22.4750366+09:00 Hooks registered: generation=199, keyboard=0x1B00D99, mouse=0x70D0505, keyboard callbacks=3984, mouse callbacks=27691.
2026-10-06T20:37:26.4754022+09:00 Hook status (periodic): generation=199, enabled=True, emacsEnabled=True, emacsActive=True, keyboardCallbacks=3984, mouseCallbacks=27832, suppressed=156, injectionFailures=0, refreshRequested=False, sinceRefreshMs=4000, leftAlt=False/False/False, rightAlt=False/False/False, leftCtrl=False/False/False, rightCtrl=False/False/False, asyncAlt=False/False, asyncCtrl=False/False, capturedKeys=0, capsCaptured=False, otherKeysCount=0, droppedLogs=0.
2026-10-06T20:37:52.5196372+09:00 Hooks registered: generation=200, keyboard=0x1E402C3, mouse=0x75B0E37, keyboard callbacks=4046, mouse callbacks=27971.
2026-10-06T20:37:56.5246234+09:00 Hook status (periodic): generation=200, enabled=True, emacsEnabled=True, emacsActive=True, keyboardCallbacks=4046, mouseCallbacks=27971, suppressed=158, injectionFailures=0, refreshRequested=False, sinceRefreshMs=4000, leftAlt=False/False/False, rightAlt=False/False/False, leftCtrl=False/False/False, rightCtrl=False/False/False, asyncAlt=False/False, asyncCtrl=False/False, capturedKeys=0, capsCaptured=False, otherKeysCount=0, droppedLogs=0.
2026-10-06T20:38:22.5305247+09:00 Hooks registered: generation=201, keyboard=0x3B10E3F, mouse=0x23E0D99, keyboard callbacks=4046, mouse callbacks=27971.
2026-10-06T20:38:26.5268234+09:00 Hook status (periodic): generation=201, enabled=True, emacsEnabled=True, emacsActive=True, keyboardCallbacks=4046, mouseCallbacks=27971, suppressed=158, injectionFailures=0, refreshRequested=False, sinceRefreshMs=4000, leftAlt=False/False/False, rightAlt=False/False/False, leftCtrl=False/False/False, rightCtrl=False/False/False, asyncAlt=False/False, asyncCtrl=False/False, capturedKeys=0, capsCaptured=False, otherKeysCount=0, droppedLogs=0.
2026-10-06T20:38:52.5901558+09:00 Hooks registered: generation=202, keyboard=0x254063B, mouse=0x78703FD, keyboard callbacks=4046, mouse callbacks=27971.
2026-10-06T20:38:56.6213032+09:00 Hook status (periodic): generation=202, enabled=True, emacsEnabled=True, emacsActive=True, keyboardCallbacks=4046, mouseCallbacks=27971, suppressed=158, injectionFailures=0, refreshRequested=False, sinceRefreshMs=4031, leftAlt=False/False/False, rightAlt=False/False/False, leftCtrl=False/False/False, rightCtrl=False/False/False, asyncAlt=False/False, asyncCtrl=False/False, capturedKeys=0, capsCaptured=False, otherKeysCount=0, droppedLogs=0.
2026-10-06T20:39:22.6579365+09:00 Hooks registered: generation=203, keyboard=0x16250D33, mouse=0x34304B9, keyboard callbacks=4046, mouse callbacks=27971.
2026-10-06T20:39:26.6489997+09:00 Hook status (periodic): generation=203, enabled=True, emacsEnabled=True, emacsActive=True, keyboardCallbacks=4046, mouseCallbacks=27971, suppressed=158, injectionFailures=0, refreshRequested=False, sinceRefreshMs=4000, leftAlt=False/False/False, rightAlt=False/False/False, leftCtrl=False/False/False, rightCtrl=False/False/False, asyncAlt=False/False, asyncCtrl=False/False, capturedKeys=0, capsCaptured=False, otherKeysCount=0, droppedLogs=0.
2026-10-06T20:39:52.6475366+09:00 Hooks registered: generation=204, keyboard=0x4A10E3F, mouse=0x8CF0901, keyboard callbacks=4046, mouse callbacks=27971.
2026-10-06T20:39:56.6520917+09:00 Hook status (periodic): generation=204, enabled=True, emacsEnabled=True, emacsActive=True, keyboardCallbacks=4046, mouseCallbacks=27971, suppressed=158, injectionFailures=0, refreshRequested=False, sinceRefreshMs=4000, leftAlt=False/False/False, rightAlt=False/False/False, leftCtrl=False/False/False, rightCtrl=False/False/False, asyncAlt=False/False, asyncCtrl=False/False, capturedKeys=0, capsCaptured=False, otherKeysCount=0, droppedLogs=0.
2026-10-06T20:40:22.7136656+09:00 Hooks registered: generation=205, keyboard=0x40704B9, mouse=0x2990D99, keyboard callbacks=4046, mouse callbacks=27971.
2026-10-06T20:40:26.7159880+09:00 Hook status (periodic): generation=205, enabled=True, emacsEnabled=True, emacsActive=True, keyboardCallbacks=4046, mouseCallbacks=27971, suppressed=158, injectionFailures=0, refreshRequested=False, sinceRefreshMs=4000, leftAlt=False/False/False, rightAlt=False/False/False, leftCtrl=False/False/False, rightCtrl=False/False/False, asyncAlt=False/False, asyncCtrl=False/False, capturedKeys=0, capsCaptured=False, otherKeysCount=0, droppedLogs=0.
2026-10-06T20:40:52.7227909+09:00 Hooks registered: generation=206, keyboard=0x3BA063B, mouse=0x9A20089, keyboard callbacks=4046, mouse callbacks=27971.
2026-10-06T20:40:56.7221479+09:00 Hook status (periodic): generation=206, enabled=True, emacsEnabled=True, emacsActive=True, keyboardCallbacks=4046, mouseCallbacks=27971, suppressed=158, injectionFailures=0, refreshRequested=False, sinceRefreshMs=4000, leftAlt=False/False/False, rightAlt=False/False/False, leftCtrl=False/False/False, rightCtrl=False/False/False, asyncAlt=False/False, asyncCtrl=False/False, capturedKeys=0, capsCaptured=False, otherKeysCount=0, droppedLogs=0.
2026-10-06T20:41:22.7470536+09:00 Hooks registered: generation=207, keyboard=0x63404B9, mouse=0x2CC0D99, keyboard callbacks=4046, mouse callbacks=27971.
2026-10-06T20:41:26.7511947+09:00 Hook status (periodic): generation=207, enabled=True, emacsEnabled=True, emacsActive=True, keyboardCallbacks=4046, mouseCallbacks=27971, suppressed=158, injectionFailures=0, refreshRequested=False, sinceRefreshMs=4000, leftAlt=False/False/False, rightAlt=False/False/False, leftCtrl=False/False/False, rightCtrl=False/False/False, asyncAlt=False/False, asyncCtrl=False/False, capturedKeys=0, capsCaptured=False, otherKeysCount=0, droppedLogs=0.
2026-10-06T20:41:52.7614408+09:00 Hooks registered: generation=208, keyboard=0x3510CD3, mouse=0x9A30089, keyboard callbacks=4046, mouse callbacks=27971.
2026-10-06T20:41:56.7791918+09:00 Hook status (periodic): generation=208, enabled=True, emacsEnabled=True, emacsActive=True, keyboardCallbacks=4046, mouseCallbacks=27971, suppressed=158, injectionFailures=0, refreshRequested=False, sinceRefreshMs=4015, leftAlt=False/False/False, rightAlt=False/False/False, leftCtrl=False/False/False, rightCtrl=False/False/False, asyncAlt=False/False, asyncCtrl=False/False, capturedKeys=0, capsCaptured=False, otherKeysCount=0, droppedLogs=0.
2026-10-06T20:42:22.7711447+09:00 Hooks registered: generation=209, keyboard=0x39002C3, mouse=0x15770D6B, keyboard callbacks=4046, mouse callbacks=27971.
2026-10-06T20:42:26.7791904+09:00 Hook status (periodic): generation=209, enabled=True, emacsEnabled=True, emacsActive=True, keyboardCallbacks=4046, mouseCallbacks=27971, suppressed=158, injectionFailures=0, refreshRequested=False, sinceRefreshMs=4000, leftAlt=False/False/False, rightAlt=False/False/False, leftCtrl=False/False/False, rightCtrl=False/False/False, asyncAlt=False/False, asyncCtrl=False/False, capturedKeys=0, capsCaptured=False, otherKeysCount=0, droppedLogs=0.
2026-10-06T20:42:52.7699397+09:00 Hooks registered: generation=210, keyboard=0x179901DB, mouse=0x1DD40C33, keyboard callbacks=4046, mouse callbacks=27971.
2026-10-06T20:42:56.7789895+09:00 Hook status (periodic): generation=210, enabled=True, emacsEnabled=True, emacsActive=True, keyboardCallbacks=4046, mouseCallbacks=27971, suppressed=158, injectionFailures=0, refreshRequested=False, sinceRefreshMs=4000, leftAlt=False/False/False, rightAlt=False/False/False, leftCtrl=False/False/False, rightCtrl=False/False/False, asyncAlt=False/False, asyncCtrl=False/False, capturedKeys=0, capsCaptured=False, otherKeysCount=0, droppedLogs=0.
2026-10-06T20:43:22.8269678+09:00 Hooks registered: generation=211, keyboard=0x8F10E37, mouse=0x2BD0079, keyboard callbacks=4046, mouse callbacks=27971.
2026-10-06T20:43:26.8249130+09:00 Hook status (periodic): generation=211, enabled=True, emacsEnabled=True, emacsActive=True, keyboardCallbacks=4046, mouseCallbacks=27971, suppressed=158, injectionFailures=0, refreshRequested=False, sinceRefreshMs=4000, leftAlt=False/False/False, rightAlt=False/False/False, leftCtrl=False/False/False, rightCtrl=False/False/False, asyncAlt=False/False, asyncCtrl=False/False, capturedKeys=0, capsCaptured=False, otherKeysCount=0, droppedLogs=0.
2026-10-06T20:43:52.8320438+09:00 Hooks registered: generation=212, keyboard=0x4910D63, mouse=0x123044B, keyboard callbacks=4046, mouse callbacks=27971.
2026-10-06T20:43:56.8341922+09:00 Hook status (periodic): generation=212, enabled=True, emacsEnabled=True, emacsActive=True, keyboardCallbacks=4046, mouseCallbacks=27971, suppressed=158, injectionFailures=0, refreshRequested=False, sinceRefreshMs=4000, leftAlt=False/False/False, rightAlt=False/False/False, leftCtrl=False/False/False, rightCtrl=False/False/False, asyncAlt=False/False, asyncCtrl=False/False, capturedKeys=0, capsCaptured=False, otherKeysCount=0, droppedLogs=0.
2026-10-06T20:44:22.8545055+09:00 Hooks registered: generation=213, keyboard=0x17C20D33, mouse=0x2D00079, keyboard callbacks=4046, mouse callbacks=27971.
2026-10-06T20:44:26.8469062+09:00 Hook status (periodic): generation=213, enabled=True, emacsEnabled=True, emacsActive=True, keyboardCallbacks=4046, mouseCallbacks=27971, suppressed=158, injectionFailures=0, refreshRequested=False, sinceRefreshMs=4000, leftAlt=False/False/False, rightAlt=False/False/False, leftCtrl=False/False/False, rightCtrl=False/False/False, asyncAlt=False/False, asyncCtrl=False/False, capturedKeys=0, capsCaptured=False, otherKeysCount=0, droppedLogs=0.
2026-10-06T20:44:52.8492583+09:00 Hooks registered: generation=214, keyboard=0x8D50901, mouse=0x64D0D63, keyboard callbacks=4046, mouse callbacks=27971.
2026-10-06T20:44:56.8476402+09:00 Hook status (periodic): generation=214, enabled=True, emacsEnabled=True, emacsActive=True, keyboardCallbacks=4046, mouseCallbacks=27971, suppressed=158, injectionFailures=0, refreshRequested=False, sinceRefreshMs=4000, leftAlt=False/False/False, rightAlt=False/False/False, leftCtrl=False/False/False, rightCtrl=False/False/False, asyncAlt=False/False, asyncCtrl=False/False, capturedKeys=0, capsCaptured=False, otherKeysCount=0, droppedLogs=0.
2026-10-06T20:45:22.8546657+09:00 Hooks registered: generation=215, keyboard=0x1189090B, mouse=0x13290D73, keyboard callbacks=4046, mouse callbacks=27971.
2026-10-06T20:45:26.8545858+09:00 Hook status (periodic): generation=215, enabled=True, emacsEnabled=True, emacsActive=True, keyboardCallbacks=4046, mouseCallbacks=27971, suppressed=158, injectionFailures=0, refreshRequested=False, sinceRefreshMs=4000, leftAlt=False/False/False, rightAlt=False/False/False, leftCtrl=False/False/False, rightCtrl=False/False/False, asyncAlt=False/False, asyncCtrl=False/False, capturedKeys=0, capsCaptured=False, otherKeysCount=0, droppedLogs=0.
2026-10-06T20:45:52.8887419+09:00 Hooks registered: generation=216, keyboard=0x3E202C3, mouse=0x18160D33, keyboard callbacks=4046, mouse callbacks=27971.
2026-10-06T20:45:56.8919881+09:00 Hook status (periodic): generation=216, enabled=True, emacsEnabled=True, emacsActive=True, keyboardCallbacks=4046, mouseCallbacks=27971, suppressed=158, injectionFailures=0, refreshRequested=False, sinceRefreshMs=4000, leftAlt=False/False/False, rightAlt=False/False/False, leftCtrl=False/False/False, rightCtrl=False/False/False, asyncAlt=False/False, asyncCtrl=False/False, capturedKeys=0, capsCaptured=False, otherKeysCount=0, droppedLogs=0.
2026-10-06T20:46:22.9060586+09:00 Hooks registered: generation=217, keyboard=0x122E0B1F, mouse=0x139D0D73, keyboard callbacks=4046, mouse callbacks=27971.
2026-10-06T20:46:26.8955297+09:00 Hook status (periodic): generation=217, enabled=True, emacsEnabled=True, emacsActive=True, keyboardCallbacks=4046, mouseCallbacks=27971, suppressed=158, injectionFailures=0, refreshRequested=False, sinceRefreshMs=4000, leftAlt=False/False/False, rightAlt=False/False/False, leftCtrl=False/False/False, rightCtrl=False/False/False, asyncAlt=False/False, asyncCtrl=False/False, capturedKeys=0, capsCaptured=False, otherKeysCount=0, droppedLogs=0.
2026-10-06T20:46:52.9255921+09:00 Hooks registered: generation=218, keyboard=0xC91018D, mouse=0x2C50CB3, keyboard callbacks=4046, mouse callbacks=27971.
2026-10-06T20:46:56.9484498+09:00 Hook status (periodic): generation=218, enabled=True, emacsEnabled=True, emacsActive=True, keyboardCallbacks=4046, mouseCallbacks=27971, suppressed=158, injectionFailures=0, refreshRequested=False, sinceRefreshMs=4015, leftAlt=False/False/False, rightAlt=False/False/False, leftCtrl=False/False/False, rightCtrl=False/False/False, asyncAlt=False/False, asyncCtrl=False/False, capturedKeys=0, capsCaptured=False, otherKeysCount=0, droppedLogs=0.
2026-10-06T20:47:22.9527589+09:00 Hooks registered: generation=219, keyboard=0x3980CD3, mouse=0x4C5063B, keyboard callbacks=4046, mouse callbacks=27971.
2026-10-06T20:47:26.9532401+09:00 Hook status (periodic): generation=219, enabled=True, emacsEnabled=True, emacsActive=True, keyboardCallbacks=4046, mouseCallbacks=27971, suppressed=158, injectionFailures=0, refreshRequested=False, sinceRefreshMs=4000, leftAlt=False/False/False, rightAlt=False/False/False, leftCtrl=False/False/False, rightCtrl=False/False/False, asyncAlt=False/False, asyncCtrl=False/False, capturedKeys=0, capsCaptured=False, otherKeysCount=0, droppedLogs=0.
2026-10-06T20:47:52.9563153+09:00 Hooks registered: generation=220, keyboard=0x4B00CB3, mouse=0x139E0D73, keyboard callbacks=4046, mouse callbacks=27971.
2026-10-06T20:47:56.9658618+09:00 Hook status (periodic): generation=220, enabled=True, emacsEnabled=True, emacsActive=True, keyboardCallbacks=4046, mouseCallbacks=27971, suppressed=158, injectionFailures=0, refreshRequested=False, sinceRefreshMs=4000, leftAlt=False/False/False, rightAlt=False/False/False, leftCtrl=False/False/False, rightCtrl=False/False/False, asyncAlt=False/False, asyncCtrl=False/False, capturedKeys=0, capsCaptured=False, otherKeysCount=0, droppedLogs=0.
2026-10-06T20:48:22.9852345+09:00 Hooks registered: generation=221, keyboard=0x52E0E3F, mouse=0x15E00E33, keyboard callbacks=4046, mouse callbacks=27971.
2026-10-06T20:48:26.9732768+09:00 Hook status (periodic): generation=221, enabled=True, emacsEnabled=True, emacsActive=True, keyboardCallbacks=4046, mouseCallbacks=27971, suppressed=158, injectionFailures=0, refreshRequested=False, sinceRefreshMs=4000, leftAlt=False/False/False, rightAlt=False/False/False, leftCtrl=False/False/False, rightCtrl=False/False/False, asyncAlt=False/False, asyncCtrl=False/False, capturedKeys=0, capsCaptured=False, otherKeysCount=0, droppedLogs=0.
2026-10-06T20:48:53.0134487+09:00 Hooks registered: generation=222, keyboard=0x146F0D8B, mouse=0x31270981, keyboard callbacks=4046, mouse callbacks=27971.
2026-10-06T20:48:57.0274306+09:00 Hook status (periodic): generation=222, enabled=True, emacsEnabled=True, emacsActive=True, keyboardCallbacks=4046, mouseCallbacks=27971, suppressed=158, injectionFailures=0, refreshRequested=False, sinceRefreshMs=4015, leftAlt=False/False/False, rightAlt=False/False/False, leftCtrl=False/False/False, rightCtrl=False/False/False, asyncAlt=False/False, asyncCtrl=False/False, capturedKeys=0, capsCaptured=False, otherKeysCount=0, droppedLogs=0.
2026-10-06T20:49:23.0744782+09:00 Hooks registered: generation=223, keyboard=0x107203FB, mouse=0xA0C0089, keyboard callbacks=4046, mouse callbacks=27971.
2026-10-06T20:49:27.0755143+09:00 Hook status (periodic): generation=223, enabled=True, emacsEnabled=True, emacsActive=True, keyboardCallbacks=4046, mouseCallbacks=27971, suppressed=158, injectionFailures=0, refreshRequested=False, sinceRefreshMs=4000, leftAlt=False/False/False, rightAlt=False/False/False, leftCtrl=False/False/False, rightCtrl=False/False/False, asyncAlt=False/False, asyncCtrl=False/False, capturedKeys=0, capsCaptured=False, otherKeysCount=0, droppedLogs=0.
2026-10-06T20:49:53.1420050+09:00 Hooks registered: generation=224, keyboard=0x777063B, mouse=0x31280981, keyboard callbacks=4046, mouse callbacks=27971.
2026-10-06T20:49:57.1562038+09:00 Hook status (periodic): generation=224, enabled=True, emacsEnabled=True, emacsActive=True, keyboardCallbacks=4046, mouseCallbacks=27971, suppressed=158, injectionFailures=0, refreshRequested=False, sinceRefreshMs=4015, leftAlt=False/False/False, rightAlt=False/False/False, leftCtrl=False/False/False, rightCtrl=False/False/False, asyncAlt=False/False, asyncCtrl=False/False, capturedKeys=0, capsCaptured=False, otherKeysCount=0, droppedLogs=0.
2026-10-06T20:50:23.1829690+09:00 Hooks registered: generation=225, keyboard=0xF50CF7, mouse=0x19F401DB, keyboard callbacks=4046, mouse callbacks=27971.
2026-10-06T20:50:27.1876908+09:00 Hook status (periodic): generation=225, enabled=True, emacsEnabled=True, emacsActive=True, keyboardCallbacks=4046, mouseCallbacks=27971, suppressed=158, injectionFailures=0, refreshRequested=False, sinceRefreshMs=4000, leftAlt=False/False/False, rightAlt=False/False/False, leftCtrl=False/False/False, rightCtrl=False/False/False, asyncAlt=False/False, asyncCtrl=False/False, capturedKeys=0, capsCaptured=False, otherKeysCount=0, droppedLogs=0.
2026-10-06T20:50:53.2277722+09:00 Hooks registered: generation=226, keyboard=0x5D20CD3, mouse=0x31290981, keyboard callbacks=4046, mouse callbacks=27971.
2026-10-06T20:50:57.2225245+09:00 Hook status (periodic): generation=226, enabled=True, emacsEnabled=True, emacsActive=True, keyboardCallbacks=4046, mouseCallbacks=27971, suppressed=158, injectionFailures=0, refreshRequested=False, sinceRefreshMs=4000, leftAlt=False/False/False, rightAlt=False/False/False, leftCtrl=False/False/False, rightCtrl=False/False/False, asyncAlt=False/False, asyncCtrl=False/False, capturedKeys=0, capsCaptured=False, otherKeysCount=0, droppedLogs=0.
2026-10-06T20:51:23.2262499+09:00 Hooks registered: generation=227, keyboard=0x25B070D, mouse=0x1C70CF7, keyboard callbacks=4046, mouse callbacks=27971.
2026-10-06T20:51:27.2345693+09:00 Hook status (periodic): generation=227, enabled=True, emacsEnabled=True, emacsActive=True, keyboardCallbacks=4046, mouseCallbacks=27971, suppressed=158, injectionFailures=0, refreshRequested=False, sinceRefreshMs=4000, leftAlt=False/False/False, rightAlt=False/False/False, leftCtrl=False/False/False, rightCtrl=False/False/False, asyncAlt=False/False, asyncCtrl=False/False, capturedKeys=0, capsCaptured=False, otherKeysCount=0, droppedLogs=0.
2026-10-06T20:51:53.2322519+09:00 Hooks registered: generation=228, keyboard=0x35E0CC3, mouse=0x74504B9, keyboard callbacks=4046, mouse callbacks=27971.
2026-10-06T20:51:57.2239195+09:00 Hook status (periodic): generation=228, enabled=True, emacsEnabled=True, emacsActive=True, keyboardCallbacks=4046, mouseCallbacks=27971, suppressed=158, injectionFailures=0, refreshRequested=False, sinceRefreshMs=4000, leftAlt=False/False/False, rightAlt=False/False/False, leftCtrl=False/False/False, rightCtrl=False/False/False, asyncAlt=False/False, asyncCtrl=False/False, capturedKeys=0, capsCaptured=False, otherKeysCount=0, droppedLogs=0.
2026-10-06T20:52:23.2258594+09:00 Hooks registered: generation=229, keyboard=0x14B90D73, mouse=0x5F70CD3, keyboard callbacks=4046, mouse callbacks=27971.
2026-10-06T20:52:27.2364048+09:00 Hook status (periodic): generation=229, enabled=True, emacsEnabled=True, emacsActive=True, keyboardCallbacks=4046, mouseCallbacks=27971, suppressed=158, injectionFailures=0, refreshRequested=False, sinceRefreshMs=4000, leftAlt=False/False/False, rightAlt=False/False/False, leftCtrl=False/False/False, rightCtrl=False/False/False, asyncAlt=False/False, asyncCtrl=False/False, capturedKeys=0, capsCaptured=False, otherKeysCount=0, droppedLogs=0.
2026-10-06T20:52:53.2332493+09:00 Hooks registered: generation=230, keyboard=0x12AE0B1F, mouse=0x4E90911, keyboard callbacks=4046, mouse callbacks=27971.
2026-10-06T20:52:57.2292430+09:00 Hook status (periodic): generation=230, enabled=True, emacsEnabled=True, emacsActive=True, keyboardCallbacks=4046, mouseCallbacks=27971, suppressed=158, injectionFailures=0, refreshRequested=False, sinceRefreshMs=4000, leftAlt=False/False/False, rightAlt=False/False/False, leftCtrl=False/False/False, rightCtrl=False/False/False, asyncAlt=False/False, asyncCtrl=False/False, capturedKeys=0, capsCaptured=False, otherKeysCount=0, droppedLogs=0.
2026-10-06T20:53:23.2322990+09:00 Hooks registered: generation=231, keyboard=0x115103FB, mouse=0x1DFA0C33, keyboard callbacks=4046, mouse callbacks=27971.
2026-10-06T20:53:27.2328909+09:00 Hook status (periodic): generation=231, enabled=True, emacsEnabled=True, emacsActive=True, keyboardCallbacks=4046, mouseCallbacks=27971, suppressed=158, injectionFailures=0, refreshRequested=False, sinceRefreshMs=4000, leftAlt=False/False/False, rightAlt=False/False/False, leftCtrl=False/False/False, rightCtrl=False/False/False, asyncAlt=False/False, asyncCtrl=False/False, capturedKeys=0, capsCaptured=False, otherKeysCount=0, droppedLogs=0.
2026-10-06T20:53:53.2335505+09:00 Hooks registered: generation=232, keyboard=0x18640D33, mouse=0x64A0E3F, keyboard callbacks=4046, mouse callbacks=27971.
2026-10-06T20:53:57.2302937+09:00 Hook status (periodic): generation=232, enabled=True, emacsEnabled=True, emacsActive=True, keyboardCallbacks=4046, mouseCallbacks=27971, suppressed=158, injectionFailures=0, refreshRequested=False, sinceRefreshMs=4000, leftAlt=False/False/False, rightAlt=False/False/False, leftCtrl=False/False/False, rightCtrl=False/False/False, asyncAlt=False/False, asyncCtrl=False/False, capturedKeys=0, capsCaptured=False, otherKeysCount=0, droppedLogs=0.
2026-10-06T20:54:23.2222051+09:00 Hooks registered: generation=233, keyboard=0x5BC0995, mouse=0x13120B1F, keyboard callbacks=4046, mouse callbacks=27971.
2026-10-06T20:54:27.2274897+09:00 Hook status (periodic): generation=233, enabled=True, emacsEnabled=True, emacsActive=True, keyboardCallbacks=4046, mouseCallbacks=27971, suppressed=158, injectionFailures=0, refreshRequested=False, sinceRefreshMs=4000, leftAlt=False/False/False, rightAlt=False/False/False, leftCtrl=False/False/False, rightCtrl=False/False/False, asyncAlt=False/False, asyncCtrl=False/False, capturedKeys=0, capsCaptured=False, otherKeysCount=0, droppedLogs=0.
2026-10-06T20:54:53.2258234+09:00 Hooks registered: generation=234, keyboard=0x41F070D, mouse=0x4D302C3, keyboard callbacks=4046, mouse callbacks=27971.
2026-10-06T20:54:57.2250650+09:00 Hook status (periodic): generation=234, enabled=True, emacsEnabled=True, emacsActive=True, keyboardCallbacks=4046, mouseCallbacks=27971, suppressed=158, injectionFailures=0, refreshRequested=False, sinceRefreshMs=4000, leftAlt=False/False/False, rightAlt=False/False/False, leftCtrl=False/False/False, rightCtrl=False/False/False, asyncAlt=False/False, asyncCtrl=False/False, capturedKeys=0, capsCaptured=False, otherKeysCount=0, droppedLogs=0.
2026-10-06T20:55:23.2452614+09:00 Hooks registered: generation=235, keyboard=0x13480B1F, mouse=0x153F0D73, keyboard callbacks=4046, mouse callbacks=27971.
2026-10-06T20:55:27.2453299+09:00 Hook status (periodic): generation=235, enabled=True, emacsEnabled=True, emacsActive=True, keyboardCallbacks=4046, mouseCallbacks=27971, suppressed=158, injectionFailures=0, refreshRequested=False, sinceRefreshMs=4000, leftAlt=False/False/False, rightAlt=False/False/False, leftCtrl=False/False/False, rightCtrl=False/False/False, asyncAlt=False/False, asyncCtrl=False/False, capturedKeys=0, capsCaptured=False, otherKeysCount=0, droppedLogs=0.
2026-10-06T20:55:53.2716132+09:00 Hooks registered: generation=236, keyboard=0x1302090B, mouse=0x625070D, keyboard callbacks=4046, mouse callbacks=27971.
2026-10-06T20:55:57.2993681+09:00 Hook status (periodic): generation=236, enabled=True, emacsEnabled=True, emacsActive=True, keyboardCallbacks=4046, mouseCallbacks=27971, suppressed=158, injectionFailures=0, refreshRequested=False, sinceRefreshMs=4016, leftAlt=False/False/False, rightAlt=False/False/False, leftCtrl=False/False/False, rightCtrl=False/False/False, asyncAlt=False/False, asyncCtrl=False/False, capturedKeys=0, capsCaptured=False, otherKeysCount=0, droppedLogs=0.
2026-10-06T20:56:23.3331449+09:00 Hooks registered: generation=237, keyboard=0x66D0995, mouse=0xE3E018D, keyboard callbacks=4046, mouse callbacks=27971.
2026-10-06T20:56:27.3334386+09:00 Hook status (periodic): generation=237, enabled=True, emacsEnabled=True, emacsActive=True, keyboardCallbacks=4046, mouseCallbacks=27971, suppressed=158, injectionFailures=0, refreshRequested=False, sinceRefreshMs=4000, leftAlt=False/False/False, rightAlt=False/False/False, leftCtrl=False/False/False, rightCtrl=False/False/False, asyncAlt=False/False, asyncCtrl=False/False, capturedKeys=0, capsCaptured=False, otherKeysCount=0, droppedLogs=0.
2026-10-06T20:56:53.3349525+09:00 Hooks registered: generation=238, keyboard=0x1545090B, mouse=0x14F60D8B, keyboard callbacks=4046, mouse callbacks=27971.
2026-10-06T20:56:57.3744180+09:00 Hook status (periodic): generation=238, enabled=True, emacsEnabled=True, emacsActive=True, keyboardCallbacks=4046, mouseCallbacks=27971, suppressed=158, injectionFailures=0, refreshRequested=False, sinceRefreshMs=4031, leftAlt=False/False/False, rightAlt=False/False/False, leftCtrl=False/False/False, rightCtrl=False/False/False, asyncAlt=False/False, asyncCtrl=False/False, capturedKeys=0, capsCaptured=False, otherKeysCount=0, droppedLogs=0.
2026-10-06T20:57:23.4009734+09:00 Hooks registered: generation=239, keyboard=0x4FE02C3, mouse=0x11DC03FB, keyboard callbacks=4046, mouse callbacks=27971.
2026-10-06T20:57:27.4090019+09:00 Hook status (periodic): generation=239, enabled=True, emacsEnabled=True, emacsActive=True, keyboardCallbacks=4046, mouseCallbacks=27971, suppressed=158, injectionFailures=0, refreshRequested=False, sinceRefreshMs=4016, leftAlt=False/False/False, rightAlt=False/False/False, leftCtrl=False/False/False, rightCtrl=False/False/False, asyncAlt=False/False, asyncCtrl=False/False, capturedKeys=0, capsCaptured=False, otherKeysCount=0, droppedLogs=0.
2026-10-06T20:57:53.4394841+09:00 Hooks registered: generation=240, keyboard=0xA4B0089, mouse=0x67A0CD3, keyboard callbacks=4046, mouse callbacks=27971.
2026-10-06T20:57:57.4492700+09:00 Hook status (periodic): generation=240, enabled=True, emacsEnabled=True, emacsActive=True, keyboardCallbacks=4046, mouseCallbacks=27971, suppressed=158, injectionFailures=0, refreshRequested=False, sinceRefreshMs=4015, leftAlt=False/False/False, rightAlt=False/False/False, leftCtrl=False/False/False, rightCtrl=False/False/False, asyncAlt=False/False, asyncCtrl=False/False, capturedKeys=0, capsCaptured=False, otherKeysCount=0, droppedLogs=0.
2026-10-06T20:58:23.4524609+09:00 Hooks registered: generation=241, keyboard=0x4803AD, mouse=0x56A10CEB, keyboard callbacks=4046, mouse callbacks=27971.
2026-10-06T20:58:27.4508195+09:00 Hook status (periodic): generation=241, enabled=True, emacsEnabled=True, emacsActive=True, keyboardCallbacks=4046, mouseCallbacks=27971, suppressed=158, injectionFailures=0, refreshRequested=False, sinceRefreshMs=4000, leftAlt=False/False/False, rightAlt=False/False/False, leftCtrl=False/False/False, rightCtrl=False/False/False, asyncAlt=False/False, asyncCtrl=False/False, capturedKeys=0, capsCaptured=False, otherKeysCount=0, droppedLogs=0.
2026-10-06T20:58:53.4517629+09:00 Hooks registered: generation=242, keyboard=0x13EF0B1F, mouse=0x19020505, keyboard callbacks=4046, mouse callbacks=28265.
2026-10-06T20:58:57.4445675+09:00 Hook status (periodic): generation=242, enabled=True, emacsEnabled=True, emacsActive=True, keyboardCallbacks=4046, mouseCallbacks=28324, suppressed=158, injectionFailures=0, refreshRequested=False, sinceRefreshMs=4000, leftAlt=False/False/False, rightAlt=False/False/False, leftCtrl=False/False/False, rightCtrl=False/False/False, asyncAlt=False/False, asyncCtrl=False/False, capturedKeys=0, capsCaptured=False, otherKeysCount=0, droppedLogs=0.
2026-10-06T20:59:27.4437618+09:00 Hook status (periodic): generation=242, enabled=True, emacsEnabled=True, emacsActive=True, keyboardCallbacks=4066, mouseCallbacks=29318, suppressed=158, injectionFailures=0, refreshRequested=False, sinceRefreshMs=34000, leftAlt=False/False/False, rightAlt=False/False/False, leftCtrl=False/False/False, rightCtrl=False/False/False, asyncAlt=False/False, asyncCtrl=False/False, capturedKeys=0, capsCaptured=False, otherKeysCount=0, droppedLogs=0.
2026-10-06T20:59:36.4460531+09:00 Hooks registered: generation=243, keyboard=0xEA30989, mouse=0x19E50D03, keyboard callbacks=4074, mouse callbacks=29634.
2026-10-06T20:59:57.4539015+09:00 Hook status (periodic): generation=243, enabled=True, emacsEnabled=True, emacsActive=True, keyboardCallbacks=4074, mouseCallbacks=29881, suppressed=158, injectionFailures=0, refreshRequested=False, sinceRefreshMs=21000, leftAlt=False/False/False, rightAlt=False/False/False, leftCtrl=False/False/False, rightCtrl=False/False/False, asyncAlt=False/False, asyncCtrl=False/False, capturedKeys=0, capsCaptured=False, otherKeysCount=0, droppedLogs=0.
2026-10-06T21:00:13.4472185+09:00 Hooks registered: generation=244, keyboard=0x2B780D99, mouse=0x6AD0E2D, keyboard callbacks=4074, mouse callbacks=30364.
2026-10-06T21:00:27.4526805+09:00 Hook status (periodic): generation=244, enabled=True, emacsEnabled=True, emacsActive=True, keyboardCallbacks=4074, mouseCallbacks=30696, suppressed=158, injectionFailures=0, refreshRequested=False, sinceRefreshMs=14000, leftAlt=False/False/False, rightAlt=False/False/False, leftCtrl=False/False/False, rightCtrl=False/False/False, asyncAlt=False/False, asyncCtrl=False/False, capturedKeys=0, capsCaptured=False, otherKeysCount=0, droppedLogs=0.
2026-10-06T21:00:51.4467701+09:00 Hooks registered: generation=245, keyboard=0x1750D70, mouse=0x4E0E02, keyboard callbacks=4074, mouse callbacks=31669.
2026-10-06T21:00:57.4524646+09:00 Hook status (periodic): generation=245, enabled=True, emacsEnabled=True, emacsActive=True, keyboardCallbacks=4074, mouseCallbacks=31669, suppressed=158, injectionFailures=0, refreshRequested=False, sinceRefreshMs=6000, leftAlt=False/False/False, rightAlt=False/False/False, leftCtrl=False/False/False, rightCtrl=False/False/False, asyncAlt=False/False, asyncCtrl=False/False, capturedKeys=0, capsCaptured=False, otherKeysCount=0, droppedLogs=0.
2026-10-06T21:01:27.4792812+09:00 Hook status (periodic): generation=245, enabled=True, emacsEnabled=True, emacsActive=True, keyboardCallbacks=4092, mouseCallbacks=32807, suppressed=158, injectionFailures=0, refreshRequested=False, sinceRefreshMs=36031, leftAlt=False/False/False, rightAlt=False/False/False, leftCtrl=False/False/False, rightCtrl=False/False/False, asyncAlt=False/False, asyncCtrl=False/False, capturedKeys=0, capsCaptured=False, otherKeysCount=0, droppedLogs=0.
2026-10-06T21:01:42.4752903+09:00 Hooks registered: generation=246, keyboard=0x5D20CC3, mouse=0x1A600E33, keyboard callbacks=4092, mouse callbacks=33575.
2026-10-06T21:01:57.5103428+09:00 Hook status (periodic): generation=246, enabled=True, emacsEnabled=True, emacsActive=True, keyboardCallbacks=4098, mouseCallbacks=33927, suppressed=160, injectionFailures=0, refreshRequested=False, sinceRefreshMs=15032, leftAlt=False/False/False, rightAlt=False/False/False, leftCtrl=False/False/False, rightCtrl=False/False/False, asyncAlt=False/False, asyncCtrl=False/False, capturedKeys=0, capsCaptured=False, otherKeysCount=0, droppedLogs=0.
2026-10-06T21:02:19.5449263+09:00 Hooks registered: generation=247, keyboard=0x260206AF, mouse=0x10590089, keyboard callbacks=4098, mouse callbacks=34640.
2026-10-06T21:02:27.5418057+09:00 Hook status (periodic): generation=247, enabled=True, emacsEnabled=True, emacsActive=True, keyboardCallbacks=4098, mouseCallbacks=35065, suppressed=160, injectionFailures=0, refreshRequested=False, sinceRefreshMs=8000, leftAlt=False/False/False, rightAlt=False/False/False, leftCtrl=False/False/False, rightCtrl=False/False/False, asyncAlt=False/False, asyncCtrl=False/False, capturedKeys=0, capsCaptured=False, otherKeysCount=0, droppedLogs=0.
2026-10-06T21:02:57.6125369+09:00 Hook status (periodic): generation=247, enabled=True, emacsEnabled=True, emacsActive=True, keyboardCallbacks=4102, mouseCallbacks=36053, suppressed=160, injectionFailures=0, refreshRequested=False, sinceRefreshMs=38078, leftAlt=False/False/False, rightAlt=False/False/False, leftCtrl=False/False/False, rightCtrl=False/False/False, asyncAlt=False/False, asyncCtrl=False/False, capturedKeys=0, capsCaptured=False, otherKeysCount=0, droppedLogs=0.
2026-10-06T21:03:10.6551488+09:00 Hooks registered: generation=248, keyboard=0x7D00CB3, mouse=0x49A0CC7, keyboard callbacks=4102, mouse callbacks=36593.
2026-10-06T21:03:27.6499190+09:00 Hook status (periodic): generation=248, enabled=True, emacsEnabled=True, emacsActive=True, keyboardCallbacks=4102, mouseCallbacks=36975, suppressed=160, injectionFailures=0, refreshRequested=False, sinceRefreshMs=17000, leftAlt=False/False/False, rightAlt=False/False/False, leftCtrl=False/False/False, rightCtrl=False/False/False, asyncAlt=False/False, asyncCtrl=False/False, capturedKeys=0, capsCaptured=False, otherKeysCount=0, droppedLogs=0.
2026-10-06T21:03:40.6569519+09:00 Hooks registered: generation=249, keyboard=0x1894090B, mouse=0x5C370CEB, keyboard callbacks=4102, mouse callbacks=36978.
2026-10-06T21:03:57.6526175+09:00 Hook status (periodic): generation=249, enabled=True, emacsEnabled=True, emacsActive=True, keyboardCallbacks=4102, mouseCallbacks=37361, suppressed=160, injectionFailures=0, refreshRequested=False, sinceRefreshMs=17000, leftAlt=False/False/False, rightAlt=False/False/False, leftCtrl=False/False/False, rightCtrl=False/False/False, asyncAlt=False/False, asyncCtrl=False/False, capturedKeys=0, capsCaptured=False, otherKeysCount=0, droppedLogs=0.
2026-10-06T21:04:10.6481621+09:00 Hooks registered: generation=250, keyboard=0x3B720981, mouse=0x4CF0CC7, keyboard callbacks=4102, mouse callbacks=37405.
2026-10-06T21:04:27.6629948+09:00 Hook status (periodic): generation=250, enabled=True, emacsEnabled=True, emacsActive=True, keyboardCallbacks=4102, mouseCallbacks=37862, suppressed=160, injectionFailures=0, refreshRequested=False, sinceRefreshMs=17016, leftAlt=False/False/False, rightAlt=False/False/False, leftCtrl=False/False/False, rightCtrl=False/False/False, asyncAlt=False/False, asyncCtrl=False/False, capturedKeys=0, capsCaptured=False, otherKeysCount=0, droppedLogs=0.
2026-10-06T21:04:44.7098444+09:00 Hooks registered: generation=251, keyboard=0x1990E00, mouse=0xE030A, keyboard callbacks=4102, mouse callbacks=38427.
2026-10-06T21:04:57.7656257+09:00 Hook status (periodic): generation=251, enabled=True, emacsEnabled=True, emacsActive=True, keyboardCallbacks=4102, mouseCallbacks=38691, suppressed=160, injectionFailures=0, refreshRequested=False, sinceRefreshMs=13047, leftAlt=False/False/False, rightAlt=False/False/False, leftCtrl=False/False/False, rightCtrl=False/False/False, asyncAlt=False/False, asyncCtrl=False/False, capturedKeys=0, capsCaptured=False, otherKeysCount=0, droppedLogs=0.
2026-10-06T21:05:16.7753164+09:00 Hooks registered: generation=252, keyboard=0x5AB0CF7, mouse=0x1AB70E33, keyboard callbacks=4102, mouse callbacks=39081.
2026-10-06T21:05:27.7741256+09:00 Hook status (periodic): generation=252, enabled=True, emacsEnabled=True, emacsActive=True, keyboardCallbacks=4102, mouseCallbacks=39414, suppressed=160, injectionFailures=0, refreshRequested=False, sinceRefreshMs=11000, leftAlt=False/False/False, rightAlt=False/False/False, leftCtrl=False/False/False, rightCtrl=False/False/False, asyncAlt=False/False, asyncCtrl=False/False, capturedKeys=0, capsCaptured=False, otherKeysCount=0, droppedLogs=0.
2026-10-06T21:05:57.8314398+09:00 Hook status (periodic): generation=252, enabled=True, emacsEnabled=True, emacsActive=True, keyboardCallbacks=4102, mouseCallbacks=40287, suppressed=160, injectionFailures=0, refreshRequested=False, sinceRefreshMs=41063, leftAlt=False/False/False, rightAlt=False/False/False, leftCtrl=False/False/False, rightCtrl=False/False/False, asyncAlt=False/False, asyncCtrl=False/False, capturedKeys=0, capsCaptured=False, otherKeysCount=0, droppedLogs=0.
2026-10-06T21:06:18.8550822+09:00 Hooks registered: generation=253, keyboard=0x172403FB, mouse=0x2550D5C, keyboard callbacks=4102, mouse callbacks=40849.
2026-10-06T21:06:27.8495441+09:00 Hook status (periodic): generation=253, enabled=True, emacsEnabled=True, emacsActive=True, keyboardCallbacks=4102, mouseCallbacks=40849, suppressed=160, injectionFailures=0, refreshRequested=False, sinceRefreshMs=9000, leftAlt=False/False/False, rightAlt=False/False/False, leftCtrl=False/False/False, rightCtrl=False/False/False, asyncAlt=False/False, asyncCtrl=False/False, capturedKeys=0, capsCaptured=False, otherKeysCount=0, droppedLogs=0.
2026-10-06T21:06:48.8978681+09:00 Hooks registered: generation=254, keyboard=0x6260CF7, mouse=0x18B30B1F, keyboard callbacks=4102, mouse callbacks=40849.
2026-10-06T21:06:57.9204513+09:00 Hook status (periodic): generation=254, enabled=True, emacsEnabled=True, emacsActive=True, keyboardCallbacks=4102, mouseCallbacks=41035, suppressed=160, injectionFailures=0, refreshRequested=False, sinceRefreshMs=9016, leftAlt=False/False/False, rightAlt=False/False/False, leftCtrl=False/False/False, rightCtrl=False/False/False, asyncAlt=False/False, asyncCtrl=False/False, capturedKeys=0, capsCaptured=False, otherKeysCount=0, droppedLogs=0.
2026-10-06T21:07:21.9509742+09:00 Hooks registered: generation=255, keyboard=0x11BF0989, mouse=0x75B0D63, keyboard callbacks=4102, mouse callbacks=42034.
2026-10-06T21:07:27.9508250+09:00 Hook status (periodic): generation=255, enabled=True, emacsEnabled=True, emacsActive=True, keyboardCallbacks=4102, mouseCallbacks=42034, suppressed=160, injectionFailures=0, refreshRequested=False, sinceRefreshMs=6000, leftAlt=False/False/False, rightAlt=False/False/False, leftCtrl=False/False/False, rightCtrl=False/False/False, asyncAlt=False/False, asyncCtrl=False/False, capturedKeys=0, capsCaptured=False, otherKeysCount=0, droppedLogs=0.
2026-10-06T21:07:58.0237100+09:00 Hook status (periodic): generation=255, enabled=True, emacsEnabled=True, emacsActive=True, keyboardCallbacks=4102, mouseCallbacks=42235, suppressed=160, injectionFailures=0, refreshRequested=False, sinceRefreshMs=36078, leftAlt=False/False/False, rightAlt=False/False/False, leftCtrl=False/False/False, rightCtrl=False/False/False, asyncAlt=False/False, asyncCtrl=False/False, capturedKeys=0, capsCaptured=False, otherKeysCount=0, droppedLogs=0.
2026-10-06T21:07:58.0240448+09:00 Hooks registered: generation=256, keyboard=0x217609DB, mouse=0x214C092D, keyboard callbacks=4102, mouse callbacks=42235.
2026-10-06T21:08:28.1045640+09:00 Hook status (periodic): generation=256, enabled=True, emacsEnabled=True, emacsActive=True, keyboardCallbacks=4102, mouseCallbacks=42945, suppressed=160, injectionFailures=0, refreshRequested=False, sinceRefreshMs=30078, leftAlt=False/False/False, rightAlt=False/False/False, leftCtrl=False/False/False, rightCtrl=False/False/False, asyncAlt=False/False, asyncCtrl=False/False, capturedKeys=0, capsCaptured=False, otherKeysCount=0, droppedLogs=0.
2026-10-06T21:08:40.1091188+09:00 Hooks registered: generation=257, keyboard=0x1E510E33, mouse=0xF00DF6, keyboard callbacks=4102, mouse callbacks=43363.
2026-10-06T21:08:58.1514224+09:00 Hook status (periodic): generation=257, enabled=True, emacsEnabled=True, emacsActive=True, keyboardCallbacks=4102, mouseCallbacks=43396, suppressed=160, injectionFailures=0, refreshRequested=False, sinceRefreshMs=18047, leftAlt=False/False/False, rightAlt=False/False/False, leftCtrl=False/False/False, rightCtrl=False/False/False, asyncAlt=False/False, asyncCtrl=False/False, capturedKeys=0, capsCaptured=False, otherKeysCount=0, droppedLogs=0.
2026-10-06T21:09:27.1784695+09:00 Hooks registered: generation=258, keyboard=0xF20D86, mouse=0x39E0D5C, keyboard callbacks=4114, mouse callbacks=44404.
2026-10-06T21:09:28.1780356+09:00 Hook status (periodic): generation=258, enabled=True, emacsEnabled=True, emacsActive=True, keyboardCallbacks=4114, mouseCallbacks=44419, suppressed=164, injectionFailures=0, refreshRequested=False, sinceRefreshMs=1000, leftAlt=False/False/False, rightAlt=False/False/False, leftCtrl=False/False/False, rightCtrl=False/False/False, asyncAlt=False/False, asyncCtrl=False/False, capturedKeys=0, capsCaptured=False, otherKeysCount=0, droppedLogs=0.
2026-10-06T21:09:58.2791414+09:00 Hook status (periodic): generation=258, enabled=True, emacsEnabled=True, emacsActive=True, keyboardCallbacks=4114, mouseCallbacks=44682, suppressed=164, injectionFailures=0, refreshRequested=False, sinceRefreshMs=31093, leftAlt=False/False/False, rightAlt=False/False/False, leftCtrl=False/False/False, rightCtrl=False/False/False, asyncAlt=False/False, asyncCtrl=False/False, capturedKeys=0, capsCaptured=False, otherKeysCount=0, droppedLogs=0.
2026-10-06T21:10:05.2993290+09:00 Hooks registered: generation=259, keyboard=0x8000E0F, mouse=0x1F400E2B, keyboard callbacks=4114, mouse callbacks=44847.
2026-10-06T21:10:28.3536232+09:00 Hook status (periodic): generation=259, enabled=True, emacsEnabled=True, emacsActive=True, keyboardCallbacks=4114, mouseCallbacks=44847, suppressed=164, injectionFailures=0, refreshRequested=False, sinceRefreshMs=23062, leftAlt=False/False/False, rightAlt=False/False/False, leftCtrl=False/False/False, rightCtrl=False/False/False, asyncAlt=False/False, asyncCtrl=False/False, capturedKeys=0, capsCaptured=False, otherKeysCount=0, droppedLogs=0.
2026-10-06T21:10:35.3696839+09:00 Hooks registered: generation=260, keyboard=0x5BE03AD, mouse=0x19730CB7, keyboard callbacks=4114, mouse callbacks=44847.
2026-10-06T21:10:58.4021237+09:00 Hook status (periodic): generation=260, enabled=True, emacsEnabled=True, emacsActive=True, keyboardCallbacks=4114, mouseCallbacks=44847, suppressed=164, injectionFailures=0, refreshRequested=False, sinceRefreshMs=23031, leftAlt=False/False/False, rightAlt=False/False/False, leftCtrl=False/False/False, rightCtrl=False/False/False, asyncAlt=False/False, asyncCtrl=False/False, capturedKeys=0, capsCaptured=False, otherKeysCount=0, droppedLogs=0.
2026-10-06T21:11:05.4019957+09:00 Hooks registered: generation=261, keyboard=0x22CC0C9D, mouse=0x183803FB, keyboard callbacks=4114, mouse callbacks=45078.
2026-10-06T21:11:28.3959178+09:00 Hook status (periodic): generation=261, enabled=True, emacsEnabled=True, emacsActive=True, keyboardCallbacks=4114, mouseCallbacks=45381, suppressed=164, injectionFailures=0, refreshRequested=False, sinceRefreshMs=23000, leftAlt=False/False/False, rightAlt=False/False/False, leftCtrl=False/False/False, rightCtrl=False/False/False, asyncAlt=False/False, asyncCtrl=False/False, capturedKeys=0, capsCaptured=False, otherKeysCount=0, droppedLogs=0.
2026-10-06T21:11:35.4039528+09:00 Hooks registered: generation=262, keyboard=0x48D0D1B, mouse=0x20B0D71, keyboard callbacks=4114, mouse callbacks=45381.
2026-10-06T21:11:58.4485792+09:00 Hook status (periodic): generation=262, enabled=True, emacsEnabled=True, emacsActive=True, keyboardCallbacks=4114, mouseCallbacks=45381, suppressed=164, injectionFailures=0, refreshRequested=False, sinceRefreshMs=23047, leftAlt=False/False/False, rightAlt=False/False/False, leftCtrl=False/False/False, rightCtrl=False/False/False, asyncAlt=False/False, asyncCtrl=False/False, capturedKeys=0, capsCaptured=False, otherKeysCount=0, droppedLogs=0.
2026-10-06T21:12:05.4723656+09:00 Hooks registered: generation=263, keyboard=0x9B004C9, mouse=0x6C60E3D, keyboard callbacks=4114, mouse callbacks=45381.
2026-10-06T21:12:28.4863922+09:00 Hook status (periodic): generation=263, enabled=True, emacsEnabled=True, emacsActive=True, keyboardCallbacks=4114, mouseCallbacks=45922, suppressed=164, injectionFailures=0, refreshRequested=False, sinceRefreshMs=23000, leftAlt=False/False/False, rightAlt=False/False/False, leftCtrl=False/False/False, rightCtrl=False/False/False, asyncAlt=False/False, asyncCtrl=False/False, capturedKeys=0, capsCaptured=False, otherKeysCount=0, droppedLogs=0.
2026-10-06T21:12:35.5035266+09:00 Hooks registered: generation=264, keyboard=0x3670D01, mouse=0x231E092D, keyboard callbacks=4114, mouse callbacks=46147.
2026-10-06T21:12:58.5314711+09:00 Hook status (periodic): generation=264, enabled=True, emacsEnabled=True, emacsActive=True, keyboardCallbacks=4114, mouseCallbacks=46422, suppressed=164, injectionFailures=0, refreshRequested=False, sinceRefreshMs=23015, leftAlt=False/False/False, rightAlt=False/False/False, leftCtrl=False/False/False, rightCtrl=False/False/False, asyncAlt=False/False, asyncCtrl=False/False, capturedKeys=0, capsCaptured=False, otherKeysCount=0, droppedLogs=0.
2026-10-06T21:13:05.5245615+09:00 Hooks registered: generation=265, keyboard=0x1F0E51, mouse=0xE60E4B, keyboard callbacks=4114, mouse callbacks=46534.
2026-10-06T21:13:28.5548721+09:00 Hook status (periodic): generation=265, enabled=True, emacsEnabled=True, emacsActive=True, keyboardCallbacks=4114, mouseCallbacks=46803, suppressed=164, injectionFailures=0, refreshRequested=False, sinceRefreshMs=23032, leftAlt=False/False/False, rightAlt=False/False/False, leftCtrl=False/False/False, rightCtrl=False/False/False, asyncAlt=False/False, asyncCtrl=False/False, capturedKeys=0, capsCaptured=False, otherKeysCount=0, droppedLogs=0.
2026-10-06T21:13:35.5676178+09:00 Hooks registered: generation=266, keyboard=0x1BA50CE9, mouse=0xDB700F5, keyboard callbacks=4114, mouse callbacks=46803.
2026-10-06T21:13:58.6576568+09:00 Hook status (periodic): generation=266, enabled=True, emacsEnabled=True, emacsActive=True, keyboardCallbacks=4114, mouseCallbacks=47131, suppressed=164, injectionFailures=0, refreshRequested=False, sinceRefreshMs=23078, leftAlt=False/False/False, rightAlt=False/False/False, leftCtrl=False/False/False, rightCtrl=False/False/False, asyncAlt=False/False, asyncCtrl=False/False, capturedKeys=0, capsCaptured=False, otherKeysCount=0, droppedLogs=0.
2026-10-06T21:14:06.6440091+09:00 Hooks registered: generation=267, keyboard=0x19C70989, mouse=0x15E10D8B, keyboard callbacks=4114, mouse callbacks=47134.
2026-10-06T21:14:28.6527050+09:00 Hook status (periodic): generation=267, enabled=True, emacsEnabled=True, emacsActive=True, keyboardCallbacks=4114, mouseCallbacks=47842, suppressed=164, injectionFailures=0, refreshRequested=False, sinceRefreshMs=22000, leftAlt=False/False/False, rightAlt=False/False/False, leftCtrl=False/False/False, rightCtrl=False/False/False, asyncAlt=False/False, asyncCtrl=False/False, capturedKeys=0, capsCaptured=False, otherKeysCount=0, droppedLogs=0.
2026-10-06T21:14:36.6588357+09:00 Hooks registered: generation=268, keyboard=0x261E092D, mouse=0xE3400F5, keyboard callbacks=4114, mouse callbacks=47842.
2026-10-06T21:14:58.7055272+09:00 Hook status (periodic): generation=268, enabled=True, emacsEnabled=True, emacsActive=True, keyboardCallbacks=4114, mouseCallbacks=48565, suppressed=164, injectionFailures=0, refreshRequested=False, sinceRefreshMs=22047, leftAlt=False/False/False, rightAlt=False/False/False, leftCtrl=False/False/False, rightCtrl=False/False/False, asyncAlt=False/False, asyncCtrl=False/False, capturedKeys=0, capsCaptured=False, otherKeysCount=0, droppedLogs=0.
2026-10-06T21:15:17.7200623+09:00 Hooks registered: generation=269, keyboard=0xF9D0CC5, mouse=0x2000E4B, keyboard callbacks=4114, mouse callbacks=49077.
2026-10-06T21:15:28.7129509+09:00 Hook status (periodic): generation=269, enabled=True, emacsEnabled=True, emacsActive=True, keyboardCallbacks=4114, mouseCallbacks=49292, suppressed=164, injectionFailures=0, refreshRequested=False, sinceRefreshMs=11000, leftAlt=False/False/False, rightAlt=False/False/False, leftCtrl=False/False/False, rightCtrl=False/False/False, asyncAlt=False/False, asyncCtrl=False/False, capturedKeys=0, capsCaptured=False, otherKeysCount=0, droppedLogs=0.
2026-10-06T21:15:47.7304586+09:00 Hooks registered: generation=270, keyboard=0x221D0B1F, mouse=0x7DB0CC7, keyboard callbacks=4114, mouse callbacks=49883.
2026-10-06T21:15:58.7270688+09:00 Hook status (periodic): generation=270, enabled=True, emacsEnabled=True, emacsActive=True, keyboardCallbacks=4114, mouseCallbacks=50233, suppressed=164, injectionFailures=0, refreshRequested=False, sinceRefreshMs=11000, leftAlt=False/False/False, rightAlt=False/False/False, leftCtrl=False/False/False, rightCtrl=False/False/False, asyncAlt=False/False, asyncCtrl=False/False, capturedKeys=0, capsCaptured=False, otherKeysCount=0, droppedLogs=0.
2026-10-06T21:16:17.7229498+09:00 Hooks registered: generation=271, keyboard=0x8400E0F, mouse=0xEDB00F5, keyboard callbacks=4114, mouse callbacks=50542.
2026-10-06T21:16:28.7638162+09:00 Hook status (periodic): generation=271, enabled=True, emacsEnabled=True, emacsActive=True, keyboardCallbacks=4114, mouseCallbacks=50675, suppressed=164, injectionFailures=0, refreshRequested=False, sinceRefreshMs=11032, leftAlt=False/False/False, rightAlt=False/False/False, leftCtrl=False/False/False, rightCtrl=False/False/False, asyncAlt=False/False, asyncCtrl=False/False, capturedKeys=0, capsCaptured=False, otherKeysCount=0, droppedLogs=0.
2026-10-06T21:16:49.7903353+09:00 Hooks registered: generation=272, keyboard=0x8320CC7, mouse=0x151A018D, keyboard callbacks=4114, mouse callbacks=51445.
2026-10-06T21:16:58.7875939+09:00 Hook status (periodic): generation=272, enabled=True, emacsEnabled=True, emacsActive=True, keyboardCallbacks=4114, mouseCallbacks=51504, suppressed=164, injectionFailures=0, refreshRequested=False, sinceRefreshMs=9000, leftAlt=False/False/False, rightAlt=False/False/False, leftCtrl=False/False/False, rightCtrl=False/False/False, asyncAlt=False/False, asyncCtrl=False/False, capturedKeys=0, capsCaptured=False, otherKeysCount=0, droppedLogs=0.
2026-10-06T21:17:25.8202566+09:00 Hooks registered: generation=273, keyboard=0x5570607, mouse=0x2F30D83, keyboard callbacks=4126, mouse callbacks=51672.
2026-10-06T21:17:28.8296524+09:00 Hook status (periodic): generation=273, enabled=True, emacsEnabled=True, emacsActive=True, keyboardCallbacks=4126, mouseCallbacks=51731, suppressed=164, injectionFailures=0, refreshRequested=False, sinceRefreshMs=3000, leftAlt=False/False/False, rightAlt=False/False/False, leftCtrl=False/False/False, rightCtrl=False/False/False, asyncAlt=False/False, asyncCtrl=False/False, capturedKeys=0, capsCaptured=False, otherKeysCount=0, droppedLogs=0.
2026-10-06T21:17:58.8494201+09:00 Hook status (periodic): generation=273, enabled=True, emacsEnabled=True, emacsActive=True, keyboardCallbacks=4132, mouseCallbacks=52707, suppressed=166, injectionFailures=0, refreshRequested=False, sinceRefreshMs=33031, leftAlt=False/False/False, rightAlt=False/False/False, leftCtrl=False/False/False, rightCtrl=False/False/False, asyncAlt=False/False, asyncCtrl=False/False, capturedKeys=0, capsCaptured=False, otherKeysCount=0, droppedLogs=0.
2026-10-06T21:17:59.8572581+09:00 Hooks registered: generation=274, keyboard=0x8770601, mouse=0x7B03DF, keyboard callbacks=4132, mouse callbacks=52707.
2026-10-06T21:18:28.9082846+09:00 Hook status (periodic): generation=274, enabled=True, emacsEnabled=True, emacsActive=True, keyboardCallbacks=4158, mouseCallbacks=53455, suppressed=166, injectionFailures=0, refreshRequested=False, sinceRefreshMs=29047, leftAlt=False/False/False, rightAlt=False/False/False, leftCtrl=False/False/False, rightCtrl=False/False/False, asyncAlt=False/False, asyncCtrl=False/False, capturedKeys=0, capsCaptured=False, otherKeysCount=0, droppedLogs=0.
2026-10-06T21:18:33.9001097+09:00 Hooks registered: generation=275, keyboard=0x1E900CD9, mouse=0xAFE0389, keyboard callbacks=4164, mouse callbacks=53627.
2026-10-06T21:18:58.9299788+09:00 Hook status (periodic): generation=275, enabled=True, emacsEnabled=True, emacsActive=True, keyboardCallbacks=4190, mouseCallbacks=54042, suppressed=168, injectionFailures=0, refreshRequested=False, sinceRefreshMs=25032, leftAlt=False/False/False, rightAlt=False/False/False, leftCtrl=False/False/False, rightCtrl=False/False/False, asyncAlt=False/False, asyncCtrl=False/False, capturedKeys=0, capsCaptured=False, otherKeysCount=0, droppedLogs=0.
2026-10-06T21:19:03.9677804+09:00 Hooks registered: generation=276, keyboard=0x6930D1B, mouse=0xBB70D63, keyboard callbacks=4190, mouse callbacks=54118.
2026-10-06T21:19:28.9839920+09:00 Hook status (periodic): generation=276, enabled=True, emacsEnabled=True, emacsActive=True, keyboardCallbacks=4196, mouseCallbacks=54814, suppressed=170, injectionFailures=0, refreshRequested=False, sinceRefreshMs=25015, leftAlt=False/False/False, rightAlt=False/False/False, leftCtrl=False/False/False, rightCtrl=False/False/False, asyncAlt=False/False, asyncCtrl=False/False, capturedKeys=0, capsCaptured=False, otherKeysCount=0, droppedLogs=0.
2026-10-06T21:19:37.9746803+09:00 Hooks registered: generation=277, keyboard=0x12C09A5, mouse=0x8E902A3, keyboard callbacks=4196, mouse callbacks=55102.
2026-10-06T21:19:59.0250306+09:00 Hook status (periodic): generation=277, enabled=True, emacsEnabled=True, emacsActive=True, keyboardCallbacks=4208, mouseCallbacks=55289, suppressed=170, injectionFailures=0, refreshRequested=False, sinceRefreshMs=21047, leftAlt=False/False/False, rightAlt=False/False/False, leftCtrl=False/False/False, rightCtrl=False/False/False, asyncAlt=False/False, asyncCtrl=False/False, capturedKeys=0, capsCaptured=False, otherKeysCount=0, droppedLogs=0.
2026-10-06T21:20:13.0288591+09:00 Hooks registered: generation=278, keyboard=0x2DB806AF, mouse=0x39A0CFF, keyboard callbacks=4214, mouse callbacks=55878.
2026-10-06T21:20:29.0256427+09:00 Hook status (periodic): generation=278, enabled=True, emacsEnabled=True, emacsActive=True, keyboardCallbacks=4230, mouseCallbacks=56311, suppressed=172, injectionFailures=0, refreshRequested=False, sinceRefreshMs=16000, leftAlt=False/False/False, rightAlt=False/False/False, leftCtrl=False/False/False, rightCtrl=False/False/False, asyncAlt=False/False, asyncCtrl=False/False, capturedKeys=0, capsCaptured=False, otherKeysCount=0, droppedLogs=0.
2026-10-06T21:20:43.0294034+09:00 Hooks registered: generation=279, keyboard=0x16A091D, mouse=0x8E0C9B, keyboard callbacks=4230, mouse callbacks=56959.
2026-10-06T21:20:59.0276418+09:00 Hook status (periodic): generation=279, enabled=True, emacsEnabled=True, emacsActive=True, keyboardCallbacks=4230, mouseCallbacks=57024, suppressed=172, injectionFailures=0, refreshRequested=False, sinceRefreshMs=16000, leftAlt=False/False/False, rightAlt=False/False/False, leftCtrl=False/False/False, rightCtrl=False/False/False, asyncAlt=False/False, asyncCtrl=False/False, capturedKeys=0, capsCaptured=False, otherKeysCount=0, droppedLogs=0.
2026-10-06T21:21:13.0546020+09:00 Hooks registered: generation=280, keyboard=0x26B0D21, mouse=0x31D0C51, keyboard callbacks=4230, mouse callbacks=57303.
2026-10-06T21:21:29.0664306+09:00 Hook status (periodic): generation=280, enabled=True, emacsEnabled=True, emacsActive=True, keyboardCallbacks=4256, mouseCallbacks=57724, suppressed=172, injectionFailures=0, refreshRequested=False, sinceRefreshMs=16015, leftAlt=False/False/False, rightAlt=False/False/False, leftCtrl=False/False/False, rightCtrl=False/False/False, asyncAlt=False/False, asyncCtrl=False/False, capturedKeys=0, capsCaptured=False, otherKeysCount=0, droppedLogs=0.
2026-10-06T21:21:44.0757918+09:00 Hooks registered: generation=281, keyboard=0xE2A04C9, mouse=0x25210B1F, keyboard callbacks=4260, mouse callbacks=58076.
2026-10-06T21:21:59.0765858+09:00 Hook status (periodic): generation=281, enabled=True, emacsEnabled=True, emacsActive=True, keyboardCallbacks=4272, mouseCallbacks=58303, suppressed=176, injectionFailures=0, refreshRequested=False, sinceRefreshMs=15000, leftAlt=False/False/False, rightAlt=False/False/False, leftCtrl=False/False/False, rightCtrl=False/False/False, asyncAlt=False/False, asyncCtrl=False/False, capturedKeys=0, capsCaptured=False, otherKeysCount=0, droppedLogs=0.
2026-10-06T21:22:21.0763211+09:00 Hooks registered: generation=282, keyboard=0x47B0C6F, mouse=0x23620D33, keyboard callbacks=4292, mouse callbacks=59019.
2026-10-06T21:22:29.0669362+09:00 Hook status (periodic): generation=282, enabled=True, emacsEnabled=True, emacsActive=True, keyboardCallbacks=4292, mouseCallbacks=59342, suppressed=176, injectionFailures=0, refreshRequested=False, sinceRefreshMs=8000, leftAlt=False/False/False, rightAlt=False/False/False, leftCtrl=False/False/False, rightCtrl=False/False/False, asyncAlt=False/False, asyncCtrl=False/False, capturedKeys=0, capsCaptured=False, otherKeysCount=0, droppedLogs=0.
2026-10-06T21:22:59.1269544+09:00 Hook status (periodic): generation=282, enabled=True, emacsEnabled=True, emacsActive=True, keyboardCallbacks=4292, mouseCallbacks=60120, suppressed=176, injectionFailures=0, refreshRequested=False, sinceRefreshMs=38047, leftAlt=False/False/False, rightAlt=False/False/False, leftCtrl=False/False/False, rightCtrl=False/False/False, asyncAlt=False/False, asyncCtrl=False/False, capturedKeys=0, capsCaptured=False, otherKeysCount=0, droppedLogs=0.
2026-10-06T21:22:59.1272217+09:00 Hooks registered: generation=283, keyboard=0x5490079, mouse=0x5230CFF, keyboard callbacks=4292, mouse callbacks=60120.
2026-10-06T21:23:29.1298928+09:00 Hook status (periodic): generation=283, enabled=True, emacsEnabled=True, emacsActive=True, keyboardCallbacks=4292, mouseCallbacks=60548, suppressed=176, injectionFailures=0, refreshRequested=False, sinceRefreshMs=30016, leftAlt=False/False/False, rightAlt=False/False/False, leftCtrl=False/False/False, rightCtrl=False/False/False, asyncAlt=False/False, asyncCtrl=False/False, capturedKeys=0, capsCaptured=False, otherKeysCount=0, droppedLogs=0.
2026-10-06T21:23:29.1301090+09:00 Hooks registered: generation=284, keyboard=0x11B0E5B, mouse=0x4DF0D07, keyboard callbacks=4292, mouse callbacks=60548.
2026-10-06T21:23:59.1980972+09:00 Hook status (periodic): generation=284, enabled=True, emacsEnabled=True, emacsActive=True, keyboardCallbacks=4292, mouseCallbacks=61137, suppressed=176, injectionFailures=0, refreshRequested=False, sinceRefreshMs=30062, leftAlt=False/False/False, rightAlt=False/False/False, leftCtrl=False/False/False, rightCtrl=False/False/False, asyncAlt=False/False, asyncCtrl=False/False, capturedKeys=0, capsCaptured=False, otherKeysCount=0, droppedLogs=0.
2026-10-06T21:23:59.1983953+09:00 Hooks registered: generation=285, keyboard=0x2390E23, mouse=0x6170607, keyboard callbacks=4292, mouse callbacks=61137.
2026-10-06T21:24:29.2921814+09:00 Hook status (periodic): generation=285, enabled=True, emacsEnabled=True, emacsActive=True, keyboardCallbacks=4292, mouseCallbacks=61375, suppressed=176, injectionFailures=0, refreshRequested=False, sinceRefreshMs=30094, leftAlt=False/False/False, rightAlt=False/False/False, leftCtrl=False/False/False, rightCtrl=False/False/False, asyncAlt=False/False, asyncCtrl=False/False, capturedKeys=0, capsCaptured=False, otherKeysCount=0, droppedLogs=0.
2026-10-06T21:24:31.2915711+09:00 Hooks registered: generation=286, keyboard=0xC5C0E0F, mouse=0x10D30CC5, keyboard callbacks=4292, mouse callbacks=61383.
2026-10-06T21:24:59.3167575+09:00 Hook status (periodic): generation=286, enabled=True, emacsEnabled=True, emacsActive=True, keyboardCallbacks=4306, mouseCallbacks=62217, suppressed=176, injectionFailures=0, refreshRequested=False, sinceRefreshMs=28031, leftAlt=False/False/False, rightAlt=False/False/False, leftCtrl=False/False/False, rightCtrl=False/False/False, asyncAlt=False/False, asyncCtrl=False/False, capturedKeys=0, capsCaptured=False, otherKeysCount=0, droppedLogs=0.
2026-10-06T21:25:04.3233514+09:00 Hooks registered: generation=287, keyboard=0x154B018D, mouse=0xA30E65, keyboard callbacks=4306, mouse callbacks=62342.
2026-10-06T21:25:29.3590818+09:00 Hook status (periodic): generation=287, enabled=True, emacsEnabled=True, emacsActive=True, keyboardCallbacks=4306, mouseCallbacks=63140, suppressed=176, injectionFailures=0, refreshRequested=False, sinceRefreshMs=25031, leftAlt=False/False/False, rightAlt=False/False/False, leftCtrl=False/False/False, rightCtrl=False/False/False, asyncAlt=False/False, asyncCtrl=False/False, capturedKeys=0, capsCaptured=False, otherKeysCount=0, droppedLogs=0.
2026-10-06T21:25:39.3989553+09:00 Hooks registered: generation=288, keyboard=0xDFE0E0F, mouse=0xCB0B59, keyboard callbacks=4306, mouse callbacks=63533.
2026-10-06T21:25:59.4255575+09:00 Hook status (periodic): generation=288, enabled=True, emacsEnabled=True, emacsActive=True, keyboardCallbacks=4312, mouseCallbacks=64072, suppressed=178, injectionFailures=0, refreshRequested=False, sinceRefreshMs=20032, leftAlt=False/False/False, rightAlt=False/False/False, leftCtrl=False/False/False, rightCtrl=False/False/False, asyncAlt=False/False, asyncCtrl=False/False, capturedKeys=0, capsCaptured=False, otherKeysCount=0, droppedLogs=0.
2026-10-06T21:26:09.4733501+09:00 Hooks registered: generation=289, keyboard=0x75F0D65, mouse=0x14C0C6D, keyboard callbacks=4312, mouse callbacks=64221.
2026-10-06T21:26:29.5415455+09:00 Hook status (periodic): generation=289, enabled=True, emacsEnabled=True, emacsActive=True, keyboardCallbacks=4312, mouseCallbacks=64577, suppressed=178, injectionFailures=0, refreshRequested=False, sinceRefreshMs=20063, leftAlt=False/False/False, rightAlt=False/False/False, leftCtrl=False/False/False, rightCtrl=False/False/False, asyncAlt=False/False, asyncCtrl=False/False, capturedKeys=0, capsCaptured=False, otherKeysCount=0, droppedLogs=0.
2026-10-06T21:26:44.5704450+09:00 Hooks registered: generation=290, keyboard=0x1DB90CB7, mouse=0x8E602C3, keyboard callbacks=4312, mouse callbacks=64997.
2026-10-06T21:26:59.5731524+09:00 Hook status (periodic): generation=290, enabled=True, emacsEnabled=True, emacsActive=True, keyboardCallbacks=4312, mouseCallbacks=65154, suppressed=178, injectionFailures=0, refreshRequested=False, sinceRefreshMs=15000, leftAlt=False/False/False, rightAlt=False/False/False, leftCtrl=False/False/False, rightCtrl=False/False/False, asyncAlt=False/False, asyncCtrl=False/False, capturedKeys=0, capsCaptured=False, otherKeysCount=0, droppedLogs=0.
2026-10-06T21:27:14.5701967+09:00 Hooks registered: generation=291, keyboard=0x2780E65, mouse=0x67A0D07, keyboard callbacks=4312, mouse callbacks=65354.
2026-10-06T21:27:29.5969881+09:00 Hook status (periodic): generation=291, enabled=True, emacsEnabled=True, emacsActive=True, keyboardCallbacks=4312, mouseCallbacks=65354, suppressed=178, injectionFailures=0, refreshRequested=False, sinceRefreshMs=15031, leftAlt=False/False/False, rightAlt=False/False/False, leftCtrl=False/False/False, rightCtrl=False/False/False, asyncAlt=False/False, asyncCtrl=False/False, capturedKeys=0, capsCaptured=False, otherKeysCount=0, droppedLogs=0.
2026-10-06T21:27:44.6128600+09:00 Hooks registered: generation=292, keyboard=0x2080D0D, mouse=0x1B60917, keyboard callbacks=4312, mouse callbacks=65734.
2026-10-06T21:27:59.6158308+09:00 Hook status (periodic): generation=292, enabled=True, emacsEnabled=True, emacsActive=True, keyboardCallbacks=4312, mouseCallbacks=65990, suppressed=178, injectionFailures=0, refreshRequested=False, sinceRefreshMs=15000, leftAlt=False/False/False, rightAlt=False/False/False, leftCtrl=False/False/False, rightCtrl=False/False/False, asyncAlt=False/False, asyncCtrl=False/False, capturedKeys=0, capsCaptured=False, otherKeysCount=0, droppedLogs=0.
2026-10-06T21:28:20.6416486+09:00 Hooks registered: generation=293, keyboard=0x246D0D33, mouse=0x9600D67, keyboard callbacks=4312, mouse callbacks=66552.
2026-10-06T21:28:29.6397836+09:00 Hook status (periodic): generation=293, enabled=True, emacsEnabled=True, emacsActive=True, keyboardCallbacks=4312, mouseCallbacks=66552, suppressed=178, injectionFailures=0, refreshRequested=False, sinceRefreshMs=9000, leftAlt=False/False/False, rightAlt=False/False/False, leftCtrl=False/False/False, rightCtrl=False/False/False, asyncAlt=False/False, asyncCtrl=False/False, capturedKeys=0, capsCaptured=False, otherKeysCount=0, droppedLogs=0.
2026-10-06T21:28:52.6720882+09:00 Hooks registered: generation=294, keyboard=0x1DEE0989, mouse=0x5120D3B, keyboard callbacks=4312, mouse callbacks=66778.
2026-10-06T21:28:59.6957934+09:00 Hook status (periodic): generation=294, enabled=True, emacsEnabled=True, emacsActive=True, keyboardCallbacks=4312, mouseCallbacks=66778, suppressed=178, injectionFailures=0, refreshRequested=False, sinceRefreshMs=7031, leftAlt=False/False/False, rightAlt=False/False/False, leftCtrl=False/False/False, rightCtrl=False/False/False, asyncAlt=False/False, asyncCtrl=False/False, capturedKeys=0, capsCaptured=False, otherKeysCount=0, droppedLogs=0.
2026-10-06T21:29:22.7226901+09:00 Hooks registered: generation=295, keyboard=0x11EE04C9, mouse=0x89A03AD, keyboard callbacks=4312, mouse callbacks=67114.
2026-10-06T21:29:29.7358362+09:00 Hook status (periodic): generation=295, enabled=True, emacsEnabled=True, emacsActive=True, keyboardCallbacks=4312, mouseCallbacks=67183, suppressed=178, injectionFailures=0, refreshRequested=False, sinceRefreshMs=7000, leftAlt=False/False/False, rightAlt=False/False/False, leftCtrl=False/False/False, rightCtrl=False/False/False, asyncAlt=False/False, asyncCtrl=False/False, capturedKeys=0, capsCaptured=False, otherKeysCount=0, droppedLogs=0.
2026-10-06T21:29:52.7766433+09:00 Hooks registered: generation=296, keyboard=0x22F30C9D, mouse=0x6E80607, keyboard callbacks=4312, mouse callbacks=67350.
2026-10-06T21:29:59.7817910+09:00 Hook status (periodic): generation=296, enabled=True, emacsEnabled=True, emacsActive=True, keyboardCallbacks=4312, mouseCallbacks=67350, suppressed=178, injectionFailures=0, refreshRequested=False, sinceRefreshMs=7000, leftAlt=False/False/False, rightAlt=False/False/False, leftCtrl=False/False/False, rightCtrl=False/False/False, asyncAlt=False/False, asyncCtrl=False/False, capturedKeys=0, capsCaptured=False, otherKeysCount=0, droppedLogs=0.
2026-10-06T21:30:23.8106904+09:00 Hooks registered: generation=297, keyboard=0xFDF0E0F, mouse=0x9CE0079, keyboard callbacks=4312, mouse callbacks=67655.
2026-10-06T21:30:29.8249452+09:00 Hook status (periodic): generation=297, enabled=True, emacsEnabled=True, emacsActive=True, keyboardCallbacks=4312, mouseCallbacks=67666, suppressed=178, injectionFailures=0, refreshRequested=False, sinceRefreshMs=6015, leftAlt=False/False/False, rightAlt=False/False/False, leftCtrl=False/False/False, rightCtrl=False/False/False, asyncAlt=False/False, asyncCtrl=False/False, capturedKeys=0, capsCaptured=False, otherKeysCount=0, droppedLogs=0.
2026-10-06T21:30:53.8283046+09:00 Hooks registered: generation=298, keyboard=0x26BB0B1F, mouse=0x8300E01, keyboard callbacks=4312, mouse callbacks=68188.
2026-10-06T21:30:59.8213022+09:00 Hook status (periodic): generation=298, enabled=True, emacsEnabled=True, emacsActive=True, keyboardCallbacks=4312, mouseCallbacks=68241, suppressed=178, injectionFailures=0, refreshRequested=False, sinceRefreshMs=6000, leftAlt=False/False/False, rightAlt=False/False/False, leftCtrl=False/False/False, rightCtrl=False/False/False, asyncAlt=False/False, asyncCtrl=False/False, capturedKeys=0, capsCaptured=False, otherKeysCount=0, droppedLogs=0.
2026-10-06T21:31:25.8205623+09:00 Hooks registered: generation=299, keyboard=0x99E02C3, mouse=0xA20CA5, keyboard callbacks=4312, mouse callbacks=68612.
2026-10-06T21:31:29.8242307+09:00 Hook status (periodic): generation=299, enabled=True, emacsEnabled=True, emacsActive=True, keyboardCallbacks=4312, mouseCallbacks=68663, suppressed=178, injectionFailures=0, refreshRequested=False, sinceRefreshMs=4000, leftAlt=False/False/False, rightAlt=False/False/False, leftCtrl=False/False/False, rightCtrl=False/False/False, asyncAlt=False/False, asyncCtrl=False/False, capturedKeys=0, capsCaptured=False, otherKeysCount=0, droppedLogs=0.
2026-10-06T21:31:58.8154688+09:00 Hooks registered: generation=300, keyboard=0xC310D67, mouse=0x6150D3B, keyboard callbacks=4312, mouse callbacks=69267.
2026-10-06T21:31:59.8287349+09:00 Hook status (periodic): generation=300, enabled=True, emacsEnabled=True, emacsActive=True, keyboardCallbacks=4312, mouseCallbacks=69331, suppressed=178, injectionFailures=0, refreshRequested=False, sinceRefreshMs=1000, leftAlt=False/False/False, rightAlt=False/False/False, leftCtrl=False/False/False, rightCtrl=False/False/False, asyncAlt=False/False, asyncCtrl=False/False, capturedKeys=0, capsCaptured=False, otherKeysCount=0, droppedLogs=0.
2026-10-06T21:32:28.8757307+09:00 Hooks registered: generation=301, keyboard=0x2140D4D, mouse=0x25F0CDF, keyboard callbacks=4312, mouse callbacks=69489.
2026-10-06T21:32:29.8795123+09:00 Hook status (periodic): generation=301, enabled=True, emacsEnabled=True, emacsActive=True, keyboardCallbacks=4312, mouseCallbacks=69503, suppressed=178, injectionFailures=0, refreshRequested=False, sinceRefreshMs=1016, leftAlt=False/False/False, rightAlt=False/False/False, leftCtrl=False/False/False, rightCtrl=False/False/False, asyncAlt=False/False, asyncCtrl=False/False, capturedKeys=0, capsCaptured=False, otherKeysCount=0, droppedLogs=0.
2026-10-06T21:32:58.8995614+09:00 Hooks registered: generation=302, keyboard=0x9640C93, mouse=0xF460D5D, keyboard callbacks=4312, mouse callbacks=70158.
2026-10-06T21:32:59.9234994+09:00 Hook status (periodic): generation=302, enabled=True, emacsEnabled=True, emacsActive=True, keyboardCallbacks=4312, mouseCallbacks=70158, suppressed=178, injectionFailures=0, refreshRequested=False, sinceRefreshMs=1016, leftAlt=False/False/False, rightAlt=False/False/False, leftCtrl=False/False/False, rightCtrl=False/False/False, asyncAlt=False/False, asyncCtrl=False/False, capturedKeys=0, capsCaptured=False, otherKeysCount=0, droppedLogs=0.
2026-10-06T21:33:29.9542194+09:00 Hook status (periodic): generation=302, enabled=True, emacsEnabled=True, emacsActive=True, keyboardCallbacks=4312, mouseCallbacks=70486, suppressed=178, injectionFailures=0, refreshRequested=False, sinceRefreshMs=31047, leftAlt=False/False/False, rightAlt=False/False/False, leftCtrl=False/False/False, rightCtrl=False/False/False, asyncAlt=False/False, asyncCtrl=False/False, capturedKeys=0, capsCaptured=False, otherKeysCount=0, droppedLogs=0.
2026-10-06T21:33:29.9544729+09:00 Hooks registered: generation=303, keyboard=0x20DD0CD9, mouse=0x65E0E0B, keyboard callbacks=4312, mouse callbacks=70486.
2026-10-06T21:33:59.9739832+09:00 Hook status (periodic): generation=303, enabled=True, emacsEnabled=True, emacsActive=True, keyboardCallbacks=4312, mouseCallbacks=70585, suppressed=178, injectionFailures=0, refreshRequested=False, sinceRefreshMs=30031, leftAlt=False/False/False, rightAlt=False/False/False, leftCtrl=False/False/False, rightCtrl=False/False/False, asyncAlt=False/False, asyncCtrl=False/False, capturedKeys=0, capsCaptured=False, otherKeysCount=0, droppedLogs=0.
2026-10-06T21:34:01.9870208+09:00 Hooks registered: generation=304, keyboard=0x13A60D91, mouse=0x7320285, keyboard callbacks=4312, mouse callbacks=70617.
2026-10-06T21:34:30.0166521+09:00 Hook status (periodic): generation=304, enabled=True, emacsEnabled=True, emacsActive=True, keyboardCallbacks=4312, mouseCallbacks=70984, suppressed=178, injectionFailures=0, refreshRequested=False, sinceRefreshMs=28032, leftAlt=False/False/False, rightAlt=False/False/False, leftCtrl=False/False/False, rightCtrl=False/False/False, asyncAlt=False/False, asyncCtrl=False/False, capturedKeys=0, capsCaptured=False, otherKeysCount=0, droppedLogs=0.
2026-10-06T21:34:35.0237552+09:00 Hooks registered: generation=305, keyboard=0x3170CDF, mouse=0x6FB0E0B, keyboard callbacks=4312, mouse callbacks=71169.
2026-10-06T21:35:00.0705288+09:00 Hook status (periodic): generation=305, enabled=True, emacsEnabled=True, emacsActive=True, keyboardCallbacks=4318, mouseCallbacks=71598, suppressed=180, injectionFailures=0, refreshRequested=False, sinceRefreshMs=25047, leftAlt=False/False/False, rightAlt=False/False/False, leftCtrl=False/False/False, rightCtrl=False/False/False, asyncAlt=False/False, asyncCtrl=False/False, capturedKeys=0, capsCaptured=False, otherKeysCount=0, droppedLogs=0.
2026-10-06T21:35:07.0702291+09:00 Hooks registered: generation=306, keyboard=0xA810CE5, mouse=0xA8D0D07, keyboard callbacks=4318, mouse callbacks=71787.
2026-10-06T21:35:30.0777527+09:00 Hook status (periodic): generation=306, enabled=True, emacsEnabled=True, emacsActive=True, keyboardCallbacks=4318, mouseCallbacks=72195, suppressed=180, injectionFailures=0, refreshRequested=False, sinceRefreshMs=23000, leftAlt=False/False/False, rightAlt=False/False/False, leftCtrl=False/False/False, rightCtrl=False/False/False, asyncAlt=False/False, asyncCtrl=False/False, capturedKeys=0, capsCaptured=False, otherKeysCount=0, droppedLogs=0.
2026-10-06T21:35:37.0931132+09:00 Hooks registered: generation=307, keyboard=0x8E90E23, mouse=0x2EC0CA5, keyboard callbacks=4318, mouse callbacks=72199.
2026-10-06T21:36:00.1086396+09:00 Hook status (periodic): generation=307, enabled=True, emacsEnabled=True, emacsActive=True, keyboardCallbacks=4318, mouseCallbacks=72265, suppressed=180, injectionFailures=0, refreshRequested=False, sinceRefreshMs=23015, leftAlt=False/False/False, rightAlt=False/False/False, leftCtrl=False/False/False, rightCtrl=False/False/False, asyncAlt=False/False, asyncCtrl=False/False, capturedKeys=0, capsCaptured=False, otherKeysCount=0, droppedLogs=0.
2026-10-06T21:36:07.1253280+09:00 Hooks registered: generation=308, keyboard=0xB2E0CE5, mouse=0xA8E0D07, keyboard callbacks=4318, mouse callbacks=72358.
2026-10-06T21:36:30.1553771+09:00 Hook status (periodic): generation=308, enabled=True, emacsEnabled=True, emacsActive=True, keyboardCallbacks=4318, mouseCallbacks=72796, suppressed=180, injectionFailures=0, refreshRequested=False, sinceRefreshMs=23031, leftAlt=False/False/False, rightAlt=False/False/False, leftCtrl=False/False/False, rightCtrl=False/False/False, asyncAlt=False/False, asyncCtrl=False/False, capturedKeys=0, capsCaptured=False, otherKeysCount=0, droppedLogs=0.
2026-10-06T21:36:43.1574248+09:00 Hooks registered: generation=309, keyboard=0x61E0D79, mouse=0x98D0D6F, keyboard callbacks=4318, mouse callbacks=73225.
2026-10-06T21:37:00.2009793+09:00 Hook status (periodic): generation=309, enabled=True, emacsEnabled=True, emacsActive=True, keyboardCallbacks=4318, mouseCallbacks=73321, suppressed=180, injectionFailures=0, refreshRequested=False, sinceRefreshMs=17047, leftAlt=False/False/False, rightAlt=False/False/False, leftCtrl=False/False/False, rightCtrl=False/False/False, asyncAlt=False/False, asyncCtrl=False/False, capturedKeys=0, capsCaptured=False, otherKeysCount=0, droppedLogs=0.
2026-10-06T21:37:14.2271571+09:00 Hooks registered: generation=310, keyboard=0x29A30E33, mouse=0xD560079, keyboard callbacks=4318, mouse callbacks=73322.
2026-10-06T21:37:30.2587033+09:00 Hook status (periodic): generation=310, enabled=True, emacsEnabled=True, emacsActive=True, keyboardCallbacks=4318, mouseCallbacks=73363, suppressed=180, injectionFailures=0, refreshRequested=False, sinceRefreshMs=16032, leftAlt=False/False/False, rightAlt=False/False/False, leftCtrl=False/False/False, rightCtrl=False/False/False, asyncAlt=False/False, asyncCtrl=False/False, capturedKeys=0, capsCaptured=False, otherKeysCount=0, droppedLogs=0.
2026-10-06T21:37:49.2810740+09:00 Hooks registered: generation=311, keyboard=0x4090CDF, mouse=0x4350D0F, keyboard callbacks=4318, mouse callbacks=73675.
2026-10-06T21:38:00.2723479+09:00 Hook status (periodic): generation=311, enabled=True, emacsEnabled=True, emacsActive=True, keyboardCallbacks=4324, mouseCallbacks=73753, suppressed=182, injectionFailures=0, refreshRequested=False, sinceRefreshMs=11000, leftAlt=False/False/False, rightAlt=False/False/False, leftCtrl=False/False/False, rightCtrl=False/False/False, asyncAlt=False/False, asyncCtrl=False/False, capturedKeys=0, capsCaptured=False, otherKeysCount=0, droppedLogs=0.
2026-10-06T21:38:30.3013627+09:00 Hook status (periodic): generation=311, enabled=True, emacsEnabled=True, emacsActive=True, keyboardCallbacks=4324, mouseCallbacks=74153, suppressed=182, injectionFailures=0, refreshRequested=False, sinceRefreshMs=41032, leftAlt=False/False/False, rightAlt=False/False/False, leftCtrl=False/False/False, rightCtrl=False/False/False, asyncAlt=False/False, asyncCtrl=False/False, capturedKeys=0, capsCaptured=False, otherKeysCount=0, droppedLogs=0.
2026-10-06T21:38:30.3016437+09:00 Hooks registered: generation=312, keyboard=0xADA0D07, mouse=0x8960607, keyboard callbacks=4324, mouse callbacks=74153.
2026-10-06T21:39:00.3394610+09:00 Hook status (periodic): generation=312, enabled=True, emacsEnabled=True, emacsActive=True, keyboardCallbacks=4324, mouseCallbacks=74561, suppressed=182, injectionFailures=0, refreshRequested=False, sinceRefreshMs=30031, leftAlt=False/False/False, rightAlt=False/False/False, leftCtrl=False/False/False, rightCtrl=False/False/False, asyncAlt=False/False, asyncCtrl=False/False, capturedKeys=0, capsCaptured=False, otherKeysCount=0, droppedLogs=0.
2026-10-06T21:39:00.3397544+09:00 Hooks registered: generation=313, keyboard=0x18F80CB3, mouse=0xE790D67, keyboard callbacks=4324, mouse callbacks=74561.
2026-10-06T21:39:30.4071495+09:00 Hook status (periodic): generation=313, enabled=True, emacsEnabled=True, emacsActive=True, keyboardCallbacks=4324, mouseCallbacks=75059, suppressed=182, injectionFailures=0, refreshRequested=False, sinceRefreshMs=30062, leftAlt=False/False/False, rightAlt=False/False/False, leftCtrl=False/False/False, rightCtrl=False/False/False, asyncAlt=False/False, asyncCtrl=False/False, capturedKeys=0, capsCaptured=False, otherKeysCount=0, droppedLogs=0.
2026-10-06T21:39:30.4074203+09:00 Hooks registered: generation=314, keyboard=0x2DE70D33, mouse=0xACE0D6F, keyboard callbacks=4324, mouse callbacks=75059.
2026-10-06T21:40:00.4403179+09:00 Hook status (periodic): generation=314, enabled=True, emacsEnabled=True, emacsActive=True, keyboardCallbacks=4324, mouseCallbacks=75059, suppressed=182, injectionFailures=0, refreshRequested=False, sinceRefreshMs=30047, leftAlt=False/False/False, rightAlt=False/False/False, leftCtrl=False/False/False, rightCtrl=False/False/False, asyncAlt=False/False, asyncCtrl=False/False, capturedKeys=0, capsCaptured=False, otherKeysCount=0, droppedLogs=0.
2026-10-06T21:40:00.4405911+09:00 Hooks registered: generation=315, keyboard=0x9C90D3B, mouse=0xC160E01, keyboard callbacks=4324, mouse callbacks=75059.
2026-10-06T21:40:30.4678751+09:00 Hook status (periodic): generation=315, enabled=True, emacsEnabled=True, emacsActive=True, keyboardCallbacks=4324, mouseCallbacks=75644, suppressed=182, injectionFailures=0, refreshRequested=False, sinceRefreshMs=30016, leftAlt=False/False/False, rightAlt=False/False/False, leftCtrl=False/False/False, rightCtrl=False/False/False, asyncAlt=False/False, asyncCtrl=False/False, capturedKeys=0, capsCaptured=False, otherKeysCount=0, droppedLogs=0.
2026-10-06T21:40:30.4686119+09:00 Hooks registered: generation=316, keyboard=0x7DB0E65, mouse=0xCA80CE5, keyboard callbacks=4324, mouse callbacks=75644.
2026-10-06T21:41:00.4743882+09:00 Hook status (periodic): generation=316, enabled=True, emacsEnabled=True, emacsActive=True, keyboardCallbacks=4364, mouseCallbacks=76428, suppressed=182, injectionFailures=0, refreshRequested=False, sinceRefreshMs=30015, leftAlt=False/False/False, rightAlt=False/False/False, leftCtrl=False/False/False, rightCtrl=False/False/False, asyncAlt=False/False, asyncCtrl=False/False, capturedKeys=0, capsCaptured=False, otherKeysCount=0, droppedLogs=0.
2026-10-06T21:41:06.4777020+09:00 Hooks registered: generation=317, keyboard=0x7B20CC1, mouse=0x2BE90E33, keyboard callbacks=4370, mouse callbacks=76518.
2026-10-06T21:41:30.5266196+09:00 Hook status (periodic): generation=317, enabled=True, emacsEnabled=True, emacsActive=True, keyboardCallbacks=4370, mouseCallbacks=76690, suppressed=184, injectionFailures=0, refreshRequested=False, sinceRefreshMs=24047, leftAlt=False/False/False, rightAlt=False/False/False, leftCtrl=False/False/False, rightCtrl=False/False/False, asyncAlt=False/False, asyncCtrl=False/False, capturedKeys=0, capsCaptured=False, otherKeysCount=0, droppedLogs=0.
2026-10-06T21:41:36.5315876+09:00 Hooks registered: generation=318, keyboard=0x3740917, mouse=0xF7F0D01, keyboard callbacks=4370, mouse callbacks=76690.
2026-10-06T21:42:00.6152430+09:00 Hook status (periodic): generation=318, enabled=True, emacsEnabled=True, emacsActive=True, keyboardCallbacks=4370, mouseCallbacks=76697, suppressed=184, injectionFailures=0, refreshRequested=False, sinceRefreshMs=24094, leftAlt=False/False/False, rightAlt=False/False/False, leftCtrl=False/False/False, rightCtrl=False/False/False, asyncAlt=False/False, asyncCtrl=False/False, capturedKeys=0, capsCaptured=False, otherKeysCount=0, droppedLogs=0.
2026-10-06T21:42:06.6531043+09:00 Hooks registered: generation=319, keyboard=0xED20C19, mouse=0x16D0C7B, keyboard callbacks=4370, mouse callbacks=76697.
2026-10-06T21:42:30.6970361+09:00 Hook status (periodic): generation=319, enabled=True, emacsEnabled=True, emacsActive=True, keyboardCallbacks=4370, mouseCallbacks=76790, suppressed=184, injectionFailures=0, refreshRequested=False, sinceRefreshMs=24047, leftAlt=False/False/False, rightAlt=False/False/False, leftCtrl=False/False/False, rightCtrl=False/False/False, asyncAlt=False/False, asyncCtrl=False/False, capturedKeys=0, capsCaptured=False, otherKeysCount=0, droppedLogs=0.
2026-10-06T21:42:37.7013930+09:00 Hooks registered: generation=320, keyboard=0x8350D0F, mouse=0x19AE0CB3, keyboard callbacks=4370, mouse callbacks=76822.
2026-10-06T21:43:00.6936091+09:00 Hook status (periodic): generation=320, enabled=True, emacsEnabled=True, emacsActive=True, keyboardCallbacks=4398, mouseCallbacks=77456, suppressed=184, injectionFailures=0, refreshRequested=False, sinceRefreshMs=23000, leftAlt=False/False/False, rightAlt=False/False/False, leftCtrl=False/False/False, rightCtrl=False/False/False, asyncAlt=False/False, asyncCtrl=False/False, capturedKeys=0, capsCaptured=False, otherKeysCount=0, droppedLogs=0.
2026-10-06T21:43:08.6933022+09:00 Hooks registered: generation=321, keyboard=0xB120CFF, mouse=0x11920D67, keyboard callbacks=4398, mouse callbacks=77538.
2026-10-06T21:43:30.6976455+09:00 Hook status (periodic): generation=321, enabled=True, emacsEnabled=True, emacsActive=True, keyboardCallbacks=4398, mouseCallbacks=78275, suppressed=184, injectionFailures=0, refreshRequested=False, sinceRefreshMs=22000, leftAlt=False/False/False, rightAlt=False/False/False, leftCtrl=False/False/False, rightCtrl=False/False/False, asyncAlt=False/False, asyncCtrl=False/False, capturedKeys=0, capsCaptured=False, otherKeysCount=0, droppedLogs=0.
2026-10-06T21:43:45.7224190+09:00 Hooks registered: generation=322, keyboard=0x40A0D4D, mouse=0x9D20D0F, keyboard callbacks=4466, mouse callbacks=78405.
2026-10-06T21:44:00.7216198+09:00 Hook status (periodic): generation=322, enabled=True, emacsEnabled=True, emacsActive=True, keyboardCallbacks=4466, mouseCallbacks=78405, suppressed=186, injectionFailures=0, refreshRequested=False, sinceRefreshMs=15000, leftAlt=False/False/False, rightAlt=False/False/False, leftCtrl=False/False/False, rightCtrl=False/False/False, asyncAlt=False/False, asyncCtrl=False/False, capturedKeys=0, capsCaptured=False, otherKeysCount=0, droppedLogs=0.
2026-10-06T21:44:15.7340526+09:00 Hooks registered: generation=323, keyboard=0x66E0CA5, mouse=0xF920D01, keyboard callbacks=4466, mouse callbacks=78405.
2026-10-06T21:44:30.7683710+09:00 Hook status (periodic): generation=323, enabled=True, emacsEnabled=True, emacsActive=True, keyboardCallbacks=4466, mouseCallbacks=78405, suppressed=186, injectionFailures=0, refreshRequested=False, sinceRefreshMs=15047, leftAlt=False/False/False, rightAlt=False/False/False, leftCtrl=False/False/False, rightCtrl=False/False/False, asyncAlt=False/False, asyncCtrl=False/False, capturedKeys=0, capsCaptured=False, otherKeysCount=0, droppedLogs=0.
2026-10-06T21:44:46.8232052+09:00 Hooks registered: generation=324, keyboard=0x17660CF9, mouse=0x27040CD9, keyboard callbacks=4466, mouse callbacks=79094.
2026-10-06T21:45:00.8796812+09:00 Hook status (periodic): generation=324, enabled=True, emacsEnabled=True, emacsActive=True, keyboardCallbacks=4466, mouseCallbacks=79879, suppressed=186, injectionFailures=0, refreshRequested=False, sinceRefreshMs=14063, leftAlt=False/False/False, rightAlt=False/False/False, leftCtrl=False/False/False, rightCtrl=False/False/False, asyncAlt=False/False, asyncCtrl=False/False, capturedKeys=0, capsCaptured=False, otherKeysCount=0, droppedLogs=0.
2026-10-06T21:45:19.9070630+09:00 Hooks registered: generation=325, keyboard=0x7CD0D1F, mouse=0x12890389, keyboard callbacks=4470, mouse callbacks=80573.
2026-10-06T21:45:30.9145069+09:00 Hook status (periodic): generation=325, enabled=True, emacsEnabled=True, emacsActive=True, keyboardCallbacks=4470, mouseCallbacks=80945, suppressed=186, injectionFailures=0, refreshRequested=False, sinceRefreshMs=11016, leftAlt=False/False/False, rightAlt=False/False/False, leftCtrl=False/False/False, rightCtrl=False/False/False, asyncAlt=False/False, asyncCtrl=False/False, capturedKeys=0, capsCaptured=False, otherKeysCount=0, droppedLogs=0.
2026-10-06T21:46:01.0004765+09:00 Hook status (periodic): generation=325, enabled=True, emacsEnabled=True, emacsActive=True, keyboardCallbacks=4470, mouseCallbacks=82015, suppressed=186, injectionFailures=0, refreshRequested=False, sinceRefreshMs=41094, leftAlt=False/False/False, rightAlt=False/False/False, leftCtrl=False/False/False, rightCtrl=False/False/False, asyncAlt=False/False, asyncCtrl=False/False, capturedKeys=0, capsCaptured=False, otherKeysCount=0, droppedLogs=0.
2026-10-06T21:46:02.9896621+09:00 Hooks registered: generation=326, keyboard=0x52A0E3B, mouse=0x19570CF9, keyboard callbacks=4470, mouse callbacks=82062.
2026-10-06T21:46:31.0460349+09:00 Hook status (periodic): generation=326, enabled=True, emacsEnabled=True, emacsActive=True, keyboardCallbacks=4492, mouseCallbacks=82967, suppressed=188, injectionFailures=0, refreshRequested=False, sinceRefreshMs=28047, leftAlt=False/False/False, rightAlt=False/False/False, leftCtrl=False/False/False, rightCtrl=False/False/False, asyncAlt=False/False, asyncCtrl=False/False, capturedKeys=0, capsCaptured=False, otherKeysCount=0, droppedLogs=0.
2026-10-06T21:46:36.0686851+09:00 Hooks registered: generation=327, keyboard=0x20540E2B, mouse=0xAB10285, keyboard callbacks=4504, mouse callbacks=83080.
2026-10-06T21:47:01.1142802+09:00 Hook status (periodic): generation=327, enabled=True, emacsEnabled=True, emacsActive=True, keyboardCallbacks=4510, mouseCallbacks=83980, suppressed=194, injectionFailures=0, refreshRequested=False, sinceRefreshMs=25047, leftAlt=False/False/False, rightAlt=False/False/False, leftCtrl=False/False/False, rightCtrl=False/False/False, asyncAlt=False/False, asyncCtrl=False/False, capturedKeys=0, capsCaptured=False, otherKeysCount=0, droppedLogs=0.
2026-10-06T21:47:12.1485053+09:00 Hooks registered: generation=328, keyboard=0xF190CE5, mouse=0xF230D3B, keyboard callbacks=4518, mouse callbacks=84234.
2026-10-06T21:47:31.2156131+09:00 Hook status (periodic): generation=328, enabled=True, emacsEnabled=True, emacsActive=True, keyboardCallbacks=4518, mouseCallbacks=84843, suppressed=196, injectionFailures=0, refreshRequested=False, sinceRefreshMs=19063, leftAlt=False/False/False, rightAlt=False/False/False, leftCtrl=False/False/False, rightCtrl=False/False/False, asyncAlt=False/False, asyncCtrl=False/False, capturedKeys=0, capsCaptured=False, otherKeysCount=0, droppedLogs=0.
2026-10-06T21:47:50.2322108+09:00 Hooks registered: generation=329, keyboard=0x20AC0E2B, mouse=0x4720E25, keyboard callbacks=4518, mouse callbacks=85529.
2026-10-06T21:48:01.2270799+09:00 Hook status (periodic): generation=329, enabled=True, emacsEnabled=True, emacsActive=True, keyboardCallbacks=4524, mouseCallbacks=86113, suppressed=198, injectionFailures=0, refreshRequested=False, sinceRefreshMs=11000, leftAlt=False/False/False, rightAlt=False/False/False, leftCtrl=False/False/False, rightCtrl=False/False/False, asyncAlt=False/False, asyncCtrl=False/False, capturedKeys=0, capsCaptured=False, otherKeysCount=0, droppedLogs=0.
2026-10-06T21:48:30.2741493+09:00 Hooks registered: generation=330, keyboard=0x1E230E0F, mouse=0x2C330C9D, keyboard callbacks=4536, mouse callbacks=87094.
2026-10-06T21:48:31.2797744+09:00 Hook status (periodic): generation=330, enabled=True, emacsEnabled=True, emacsActive=True, keyboardCallbacks=4536, mouseCallbacks=87142, suppressed=202, injectionFailures=0, refreshRequested=False, sinceRefreshMs=1000, leftAlt=False/False/False, rightAlt=False/False/False, leftCtrl=False/False/False, rightCtrl=False/False/False, asyncAlt=False/False, asyncCtrl=False/False, capturedKeys=0, capsCaptured=False, otherKeysCount=0, droppedLogs=0.
2026-10-06T21:49:00.3405282+09:00 Hooks registered: generation=331, keyboard=0xC670995, mouse=0x2820CE7, keyboard callbacks=4536, mouse callbacks=88167.
2026-10-06T21:49:01.3430624+09:00 Hook status (periodic): generation=331, enabled=True, emacsEnabled=True, emacsActive=True, keyboardCallbacks=4536, mouseCallbacks=88168, suppressed=202, injectionFailures=0, refreshRequested=False, sinceRefreshMs=1000, leftAlt=False/False/False, rightAlt=False/False/False, leftCtrl=False/False/False, rightCtrl=False/False/False, asyncAlt=False/False, asyncCtrl=False/False, capturedKeys=0, capsCaptured=False, otherKeysCount=0, droppedLogs=0.
2026-10-06T21:49:31.3533372+09:00 Hook status (periodic): generation=331, enabled=True, emacsEnabled=True, emacsActive=True, keyboardCallbacks=4546, mouseCallbacks=88988, suppressed=204, injectionFailures=0, refreshRequested=False, sinceRefreshMs=31015, leftAlt=False/False/False, rightAlt=False/False/False, leftCtrl=False/False/False, rightCtrl=False/False/False, asyncAlt=False/False, asyncCtrl=False/False, capturedKeys=0, capsCaptured=False, otherKeysCount=0, droppedLogs=0.
2026-10-06T21:49:38.3499248+09:00 Hooks registered: generation=332, keyboard=0x30760E33, mouse=0x1A40C8F, keyboard callbacks=4546, mouse callbacks=89328.
2026-10-06T21:50:01.3551628+09:00 Hook status (periodic): generation=332, enabled=True, emacsEnabled=True, emacsActive=True, keyboardCallbacks=4546, mouseCallbacks=90094, suppressed=204, injectionFailures=0, refreshRequested=False, sinceRefreshMs=23000, leftAlt=False/False/False, rightAlt=False/False/False, leftCtrl=False/False/False, rightCtrl=False/False/False, asyncAlt=False/False, asyncCtrl=False/False, capturedKeys=0, capsCaptured=False, otherKeysCount=0, droppedLogs=0.
2026-10-06T21:50:26.4318795+09:00 Hooks registered: generation=333, keyboard=0xA640D4D, mouse=0xCF40CA5, keyboard callbacks=4546, mouse callbacks=91028.
2026-10-06T21:50:31.4273328+09:00 Hook status (periodic): generation=333, enabled=True, emacsEnabled=True, emacsActive=True, keyboardCallbacks=4546, mouseCallbacks=91208, suppressed=204, injectionFailures=0, refreshRequested=False, sinceRefreshMs=5000, leftAlt=False/False/False, rightAlt=False/False/False, leftCtrl=False/False/False, rightCtrl=False/False/False, asyncAlt=False/False, asyncCtrl=False/False, capturedKeys=0, capsCaptured=False, otherKeysCount=0, droppedLogs=0.
2026-10-06T21:50:56.4718171+09:00 Hooks registered: generation=334, keyboard=0x128B0C93, mouse=0x2E5D0C9D, keyboard callbacks=4546, mouse callbacks=92001.
2026-10-06T21:51:01.4780215+09:00 Hook status (periodic): generation=334, enabled=True, emacsEnabled=True, emacsActive=True, keyboardCallbacks=4546, mouseCallbacks=92087, suppressed=204, injectionFailures=0, refreshRequested=False, sinceRefreshMs=5000, leftAlt=False/False/False, rightAlt=False/False/False, leftCtrl=False/False/False, rightCtrl=False/False/False, asyncAlt=False/False, asyncCtrl=False/False, capturedKeys=0, capsCaptured=False, otherKeysCount=0, droppedLogs=0.
2026-10-06T21:51:31.5459449+09:00 Hook status (periodic): generation=334, enabled=True, emacsEnabled=True, emacsActive=True, keyboardCallbacks=4552, mouseCallbacks=92955, suppressed=206, injectionFailures=0, refreshRequested=False, sinceRefreshMs=35063, leftAlt=False/False/False, rightAlt=False/False/False, leftCtrl=False/False/False, rightCtrl=False/False/False, asyncAlt=False/False, asyncCtrl=False/False, capturedKeys=0, capsCaptured=False, otherKeysCount=0, droppedLogs=0.
2026-10-06T21:51:41.5803311+09:00 Hooks registered: generation=335, keyboard=0x11C90CF7, mouse=0xD790CA5, keyboard callbacks=4552, mouse callbacks=93208.
2026-10-06T21:52:01.6314538+09:00 Hook status (periodic): generation=335, enabled=True, emacsEnabled=True, emacsActive=True, keyboardCallbacks=4552, mouseCallbacks=93852, suppressed=206, injectionFailures=0, refreshRequested=False, sinceRefreshMs=20063, leftAlt=False/False/False, rightAlt=False/False/False, leftCtrl=False/False/False, rightCtrl=False/False/False, asyncAlt=False/False, asyncCtrl=False/False, capturedKeys=0, capsCaptured=False, otherKeysCount=0, droppedLogs=0.
2026-10-06T21:52:16.6560917+09:00 Hooks registered: generation=336, keyboard=0x182B0D67, mouse=0xC2E0E65, keyboard callbacks=4552, mouse callbacks=94252.
2026-10-06T21:52:31.6474167+09:00 Hook status (periodic): generation=336, enabled=True, emacsEnabled=True, emacsActive=True, keyboardCallbacks=4552, mouseCallbacks=94411, suppressed=206, injectionFailures=0, refreshRequested=False, sinceRefreshMs=15000, leftAlt=False/False/False, rightAlt=False/False/False, leftCtrl=False/False/False, rightCtrl=False/False/False, asyncAlt=False/False, asyncCtrl=False/False, capturedKeys=0, capsCaptured=False, otherKeysCount=0, droppedLogs=0.
2026-10-06T21:52:46.6849600+09:00 Hooks registered: generation=337, keyboard=0x33440E33, mouse=0x15220CC5, keyboard callbacks=4562, mouse callbacks=94942.
2026-10-06T21:53:01.7062503+09:00 Hook status (periodic): generation=337, enabled=True, emacsEnabled=True, emacsActive=True, keyboardCallbacks=4562, mouseCallbacks=95461, suppressed=208, injectionFailures=0, refreshRequested=False, sinceRefreshMs=15031, leftAlt=False/False/False, rightAlt=False/False/False, leftCtrl=False/False/False, rightCtrl=False/False/False, asyncAlt=False/False, asyncCtrl=False/False, capturedKeys=0, capsCaptured=False, otherKeysCount=0, droppedLogs=0.
2026-10-06T21:53:31.7664899+09:00 Hook status (periodic): generation=337, enabled=True, emacsEnabled=True, emacsActive=True, keyboardCallbacks=4606, mouseCallbacks=96293, suppressed=210, injectionFailures=0, refreshRequested=False, sinceRefreshMs=45078, leftAlt=False/False/False, rightAlt=False/False/False, leftCtrl=False/False/False, rightCtrl=False/False/False, asyncAlt=False/False, asyncCtrl=False/False, capturedKeys=0, capsCaptured=False, otherKeysCount=0, droppedLogs=0.
2026-10-06T21:53:38.7771264+09:00 Hooks registered: generation=338, keyboard=0xD910D6F, mouse=0x2ABB0CD9, keyboard callbacks=4664, mouse callbacks=96313.
2026-10-06T21:54:01.8303823+09:00 Hook status (periodic): generation=338, enabled=True, emacsEnabled=True, emacsActive=True, keyboardCallbacks=4664, mouseCallbacks=96467, suppressed=210, injectionFailures=0, refreshRequested=False, sinceRefreshMs=23047, leftAlt=False/False/False, rightAlt=False/False/False, leftCtrl=False/False/False, rightCtrl=False/False/False, asyncAlt=False/False, asyncCtrl=False/False, capturedKeys=0, capsCaptured=False, otherKeysCount=0, droppedLogs=0.
2026-10-06T21:54:08.8419328+09:00 Hooks registered: generation=339, keyboard=0xFB60E23, mouse=0x13070C93, keyboard callbacks=4664, mouse callbacks=96467.
2026-10-06T21:54:31.8481104+09:00 Hook status (periodic): generation=339, enabled=True, emacsEnabled=True, emacsActive=True, keyboardCallbacks=4664, mouseCallbacks=96470, suppressed=210, injectionFailures=0, refreshRequested=False, sinceRefreshMs=23015, leftAlt=False/False/False, rightAlt=False/False/False, leftCtrl=False/False/False, rightCtrl=False/False/False, asyncAlt=False/False, asyncCtrl=False/False, capturedKeys=0, capsCaptured=False, otherKeysCount=0, droppedLogs=0.
2026-10-06T21:54:38.8913244+09:00 Hooks registered: generation=340, keyboard=0x13600389, mouse=0x19320D67, keyboard callbacks=4664, mouse callbacks=96470.
2026-10-06T21:55:01.8999265+09:00 Hook status (periodic): generation=340, enabled=True, emacsEnabled=True, emacsActive=True, keyboardCallbacks=4664, mouseCallbacks=96470, suppressed=210, injectionFailures=0, refreshRequested=False, sinceRefreshMs=23015, leftAlt=False/False/False, rightAlt=False/False/False, leftCtrl=False/False/False, rightCtrl=False/False/False, asyncAlt=False/False, asyncCtrl=False/False, capturedKeys=0, capsCaptured=False, otherKeysCount=0, droppedLogs=0.
2026-10-06T21:55:08.9040193+09:00 Hooks registered: generation=341, keyboard=0xF0E0995, mouse=0x75A0D0D, keyboard callbacks=4664, mouse callbacks=96474.
2026-10-06T21:55:31.9525885+09:00 Hook status (periodic): generation=341, enabled=True, emacsEnabled=True, emacsActive=True, keyboardCallbacks=4664, mouseCallbacks=96474, suppressed=210, injectionFailures=0, refreshRequested=False, sinceRefreshMs=23047, leftAlt=False/False/False, rightAlt=False/False/False, leftCtrl=False/False/False, rightCtrl=False/False/False, asyncAlt=False/False, asyncCtrl=False/False, capturedKeys=0, capsCaptured=False, otherKeysCount=0, droppedLogs=0.
2026-10-06T21:55:38.9438940+09:00 Hooks registered: generation=342, keyboard=0x96509FD, mouse=0x208D0E0F, keyboard callbacks=4664, mouse callbacks=96474.
2026-10-06T21:56:01.9540359+09:00 Hook status (periodic): generation=342, enabled=True, emacsEnabled=True, emacsActive=True, keyboardCallbacks=4692, mouseCallbacks=97021, suppressed=210, injectionFailures=0, refreshRequested=False, sinceRefreshMs=23000, leftAlt=False/False/False, rightAlt=False/False/False, leftCtrl=False/False/False, rightCtrl=False/False/False, asyncAlt=False/False, asyncCtrl=False/False, capturedKeys=0, capsCaptured=False, otherKeysCount=0, droppedLogs=0.
2026-10-08T09:16:13.2612306+09:00 Session started: id=449ee83665854d82998e585fa0b6f9e9, version=0.3.3.0, pid=20928, verbose=False, OS=10.0.26300.0, 64bit=True.
2026-10-08T09:16:13.2844107+09:00 Windows Forms initialized.
2026-10-08T09:16:13.3989341+09:00 Dedicated hook thread started: managed thread 8.
2026-10-08T09:16:13.3989585+09:00 Initial keyboard mode: Emacs.
2026-10-08T09:16:13.4003311+09:00 Hooks registered: generation=1, keyboard=0x5094B, mouse=0x60951, keyboard callbacks=0, mouse callbacks=0.
2026-10-08T09:16:13.4008035+09:00 Hook status (startup): generation=1, enabled=True, emacsEnabled=True, emacsActive=True, keyboardCallbacks=0, mouseCallbacks=0, suppressed=0, injectionFailures=0, refreshRequested=False, sinceRefreshMs=0, leftAlt=False/False/False, rightAlt=False/False/False, leftCtrl=False/False/False, rightCtrl=False/False/False, asyncAlt=False/False, asyncCtrl=False/False, capturedKeys=0, capsCaptured=False, otherKeysCount=0, droppedLogs=0.
2026-10-08T09:16:13.4410998+09:00 Tray application context initialized.
2026-10-08T09:16:43.4774906+09:00 Hook status (periodic): generation=1, enabled=True, emacsEnabled=True, emacsActive=True, keyboardCallbacks=0, mouseCallbacks=0, suppressed=0, injectionFailures=0, refreshRequested=False, sinceRefreshMs=30078, leftAlt=False/False/False, rightAlt=False/False/False, leftCtrl=False/False/False, rightCtrl=False/False/False, asyncAlt=False/False, asyncCtrl=False/False, capturedKeys=0, capsCaptured=False, otherKeysCount=0, droppedLogs=0.
2026-10-08T09:16:43.4786203+09:00 Hooks registered: generation=2, keyboard=0xB008B, mouse=0x5007F, keyboard callbacks=0, mouse callbacks=0.
2026-10-08T09:17:13.5331201+09:00 Hook status (periodic): generation=2, enabled=True, emacsEnabled=True, emacsActive=True, keyboardCallbacks=0, mouseCallbacks=293, suppressed=0, injectionFailures=0, refreshRequested=False, sinceRefreshMs=30047, leftAlt=False/False/False, rightAlt=False/False/False, leftCtrl=False/False/False, rightCtrl=False/False/False, asyncAlt=False/False, asyncCtrl=False/False, capturedKeys=0, capsCaptured=False, otherKeysCount=0, droppedLogs=0.
2026-10-08T09:17:31.5567636+09:00 Hooks registered: generation=3, keyboard=0x590A05, mouse=0xF0243, keyboard callbacks=0, mouse callbacks=1159.
2026-10-08T09:17:43.5733175+09:00 Hook status (periodic): generation=3, enabled=True, emacsEnabled=True, emacsActive=True, keyboardCallbacks=0, mouseCallbacks=1462, suppressed=0, injectionFailures=0, refreshRequested=False, sinceRefreshMs=12015, leftAlt=False/False/False, rightAlt=False/False/False, leftCtrl=False/False/False, rightCtrl=False/False/False, asyncAlt=False/False, asyncCtrl=False/False, capturedKeys=0, capsCaptured=False, otherKeysCount=0, droppedLogs=0.
2026-10-08T09:18:02.6571518+09:00 Hooks registered: generation=4, keyboard=0x3402E1, mouse=0x3026D, keyboard callbacks=0, mouse callbacks=1917.
2026-10-08T09:18:13.6571003+09:00 Hook status (periodic): generation=4, enabled=True, emacsEnabled=True, emacsActive=True, keyboardCallbacks=64, mouseCallbacks=2059, suppressed=2, injectionFailures=0, refreshRequested=False, sinceRefreshMs=11000, leftAlt=False/False/False, rightAlt=False/False/False, leftCtrl=False/False/False, rightCtrl=False/False/False, asyncAlt=False/False, asyncCtrl=False/False, capturedKeys=0, capsCaptured=False, otherKeysCount=0, droppedLogs=0.
2026-10-08T09:18:34.7010545+09:00 Hooks registered: generation=5, keyboard=0x1E09CD, mouse=0x2AD061F, keyboard callbacks=120, mouse callbacks=2059.
2026-10-08T09:18:43.7249869+09:00 Hook status (periodic): generation=5, enabled=True, emacsEnabled=True, emacsActive=True, keyboardCallbacks=120, mouseCallbacks=2059, suppressed=6, injectionFailures=0, refreshRequested=False, sinceRefreshMs=9031, leftAlt=False/False/False, rightAlt=False/False/False, leftCtrl=False/False/False, rightCtrl=False/False/False, asyncAlt=False/False, asyncCtrl=False/False, capturedKeys=0, capsCaptured=False, otherKeysCount=0, droppedLogs=0.
2026-10-08T09:19:04.7626241+09:00 Hooks registered: generation=6, keyboard=0x1005F4, mouse=0x80C8E, keyboard callbacks=120, mouse callbacks=2059.
2026-10-08T09:19:13.7828302+09:00 Hook status (periodic): generation=6, enabled=True, emacsEnabled=True, emacsActive=True, keyboardCallbacks=120, mouseCallbacks=2059, suppressed=6, injectionFailures=0, refreshRequested=False, sinceRefreshMs=9015, leftAlt=False/False/False, rightAlt=False/False/False, leftCtrl=False/False/False, rightCtrl=False/False/False, asyncAlt=False/False, asyncCtrl=False/False, capturedKeys=0, capsCaptured=False, otherKeysCount=0, droppedLogs=0.
2026-10-08T09:19:35.7766482+09:00 Hooks registered: generation=7, keyboard=0x200C65, mouse=0x25E00A3, keyboard callbacks=120, mouse callbacks=2157.
2026-10-08T09:19:43.7796473+09:00 Hook status (periodic): generation=7, enabled=True, emacsEnabled=True, emacsActive=True, keyboardCallbacks=126, mouseCallbacks=2371, suppressed=6, injectionFailures=0, refreshRequested=False, sinceRefreshMs=8000, leftAlt=False/False/False, rightAlt=False/False/False, leftCtrl=False/False/False, rightCtrl=False/False/False, asyncAlt=False/False, asyncCtrl=False/False, capturedKeys=0, capsCaptured=False, otherKeysCount=0, droppedLogs=0.
2026-10-08T09:20:12.7842212+09:00 Hooks registered: generation=8, keyboard=0x50CDD, mouse=0xA07A3, keyboard callbacks=126, mouse callbacks=3683.
2026-10-08T09:20:13.7806785+09:00 Hook status (periodic): generation=8, enabled=True, emacsEnabled=True, emacsActive=True, keyboardCallbacks=134, mouseCallbacks=3683, suppressed=6, injectionFailures=0, refreshRequested=False, sinceRefreshMs=984, leftAlt=False/False/False, rightAlt=False/False/False, leftCtrl=False/False/False, rightCtrl=False/False/False, asyncAlt=False/False, asyncCtrl=False/False, capturedKeys=0, capsCaptured=False, otherKeysCount=0, droppedLogs=0.
2026-10-08T09:20:43.8173589+09:00 Hook status (periodic): generation=8, enabled=True, emacsEnabled=True, emacsActive=True, keyboardCallbacks=258, mouseCallbacks=4420, suppressed=6, injectionFailures=0, refreshRequested=False, sinceRefreshMs=31031, leftAlt=False/False/False, rightAlt=False/False/False, leftCtrl=False/False/False, rightCtrl=False/False/False, asyncAlt=False/False, asyncCtrl=False/False, capturedKeys=0, capsCaptured=False, otherKeysCount=0, droppedLogs=0.
2026-10-08T09:20:56.8255889+09:00 Hooks registered: generation=9, keyboard=0x1AA0DB9, mouse=0xFE03F7, keyboard callbacks=278, mouse callbacks=4964.
2026-10-08T09:21:13.8499405+09:00 Hook status (periodic): generation=9, enabled=True, emacsEnabled=True, emacsActive=True, keyboardCallbacks=278, mouseCallbacks=5405, suppressed=6, injectionFailures=0, refreshRequested=False, sinceRefreshMs=17031, leftAlt=False/False/False, rightAlt=False/False/False, leftCtrl=False/False/False, rightCtrl=False/False/False, asyncAlt=False/False, asyncCtrl=False/False, capturedKeys=0, capsCaptured=False, otherKeysCount=0, droppedLogs=0.
2026-10-08T09:21:31.8825677+09:00 Hooks registered: generation=10, keyboard=0xA0119, mouse=0xF20CC3, keyboard callbacks=300, mouse callbacks=5777.
2026-10-08T09:21:43.8999992+09:00 Hook status (periodic): generation=10, enabled=True, emacsEnabled=True, emacsActive=True, keyboardCallbacks=314, mouseCallbacks=6057, suppressed=6, injectionFailures=0, refreshRequested=False, sinceRefreshMs=12015, leftAlt=False/False/False, rightAlt=False/False/False, leftCtrl=False/False/False, rightCtrl=False/False/False, asyncAlt=False/False, asyncCtrl=False/False, capturedKeys=0, capsCaptured=False, otherKeysCount=0, droppedLogs=0.
2026-10-08T09:22:01.9090189+09:00 Hooks registered: generation=11, keyboard=0x32E0DB9, mouse=0xA40C63, keyboard callbacks=314, mouse callbacks=6533.
2026-10-08T09:22:13.9922534+09:00 Hook status (periodic): generation=11, enabled=True, emacsEnabled=True, emacsActive=True, keyboardCallbacks=318, mouseCallbacks=6537, suppressed=6, injectionFailures=0, refreshRequested=False, sinceRefreshMs=12078, leftAlt=False/False/False, rightAlt=False/False/False, leftCtrl=False/False/False, rightCtrl=False/False/False, asyncAlt=False/False, asyncCtrl=False/False, capturedKeys=0, capsCaptured=False, otherKeysCount=0, droppedLogs=0.
2026-10-08T09:22:32.0238534+09:00 Hooks registered: generation=12, keyboard=0x93038B, mouse=0x16F0D93, keyboard callbacks=318, mouse callbacks=6986.
2026-10-08T09:22:44.0342560+09:00 Hook status (periodic): generation=12, enabled=True, emacsEnabled=True, emacsActive=True, keyboardCallbacks=318, mouseCallbacks=6994, suppressed=6, injectionFailures=0, refreshRequested=False, sinceRefreshMs=12016, leftAlt=False/False/False, rightAlt=False/False/False, leftCtrl=False/False/False, rightCtrl=False/False/False, asyncAlt=False/False, asyncCtrl=False/False, capturedKeys=0, capsCaptured=False, otherKeysCount=0, droppedLogs=0.
2026-10-08T09:23:08.0703684+09:00 Hooks registered: generation=13, keyboard=0xC0299, mouse=0xD10C9F, keyboard callbacks=328, mouse callbacks=7349.
2026-10-08T09:23:14.0728703+09:00 Hook status (periodic): generation=13, enabled=True, emacsEnabled=True, emacsActive=True, keyboardCallbacks=328, mouseCallbacks=7443, suppressed=8, injectionFailures=0, refreshRequested=False, sinceRefreshMs=6000, leftAlt=False/False/False, rightAlt=False/False/False, leftCtrl=False/False/False, rightCtrl=False/False/False, asyncAlt=False/False, asyncCtrl=False/False, capturedKeys=0, capsCaptured=False, otherKeysCount=0, droppedLogs=0.
2026-10-08T09:23:38.0856296+09:00 Hooks registered: generation=14, keyboard=0x2020CCB, mouse=0x77408DF, keyboard callbacks=328, mouse callbacks=7614.
2026-10-08T09:23:44.1043927+09:00 Hook status (periodic): generation=14, enabled=True, emacsEnabled=True, emacsActive=True, keyboardCallbacks=328, mouseCallbacks=7614, suppressed=8, injectionFailures=0, refreshRequested=False, sinceRefreshMs=6015, leftAlt=False/False/False, rightAlt=False/False/False, leftCtrl=False/False/False, rightCtrl=False/False/False, asyncAlt=False/False, asyncCtrl=False/False, capturedKeys=0, capsCaptured=False, otherKeysCount=0, droppedLogs=0.
2026-10-08T09:24:08.1526072+09:00 Hooks registered: generation=15, keyboard=0xB0DA1, mouse=0x270D9D, keyboard callbacks=328, mouse callbacks=7723.
2026-10-08T09:24:14.1598316+09:00 Hook status (periodic): generation=15, enabled=True, emacsEnabled=True, emacsActive=True, keyboardCallbacks=347, mouseCallbacks=7723, suppressed=10, injectionFailures=0, refreshRequested=False, sinceRefreshMs=6016, leftAlt=False/False/False, rightAlt=False/False/False, leftCtrl=False/False/False, rightCtrl=False/False/False, asyncAlt=False/False, asyncCtrl=False/False, capturedKeys=0, capsCaptured=False, otherKeysCount=1, droppedLogs=0.
2026-10-08T09:24:44.1910561+09:00 Hook status (periodic): generation=15, enabled=True, emacsEnabled=True, emacsActive=True, keyboardCallbacks=589, mouseCallbacks=7723, suppressed=10, injectionFailures=0, refreshRequested=False, sinceRefreshMs=36047, leftAlt=False/False/False, rightAlt=False/False/False, leftCtrl=False/False/False, rightCtrl=False/False/False, asyncAlt=False/False, asyncCtrl=False/False, capturedKeys=0, capsCaptured=False, otherKeysCount=1, droppedLogs=0.
2026-10-08T09:24:55.1966883+09:00 Hooks registered: generation=16, keyboard=0x2AE088B, mouse=0xC450D5F, keyboard callbacks=692, mouse callbacks=7723.
2026-10-08T09:25:14.2039097+09:00 Hook status (periodic): generation=16, enabled=True, emacsEnabled=True, emacsActive=True, keyboardCallbacks=692, mouseCallbacks=7723, suppressed=10, injectionFailures=0, refreshRequested=False, sinceRefreshMs=19000, leftAlt=False/False/False, rightAlt=False/False/False, leftCtrl=False/False/False, rightCtrl=False/False/False, asyncAlt=False/False, asyncCtrl=False/False, capturedKeys=0, capsCaptured=False, otherKeysCount=0, droppedLogs=0.
2026-10-08T09:25:25.2157534+09:00 Hooks registered: generation=17, keyboard=0x2B0D3B, mouse=0xE10C65, keyboard callbacks=692, mouse callbacks=7723.
2026-10-08T09:25:44.2374931+09:00 Hook status (periodic): generation=17, enabled=True, emacsEnabled=True, emacsActive=True, keyboardCallbacks=778, mouseCallbacks=7723, suppressed=10, injectionFailures=0, refreshRequested=False, sinceRefreshMs=19031, leftAlt=False/False/False, rightAlt=False/False/False, leftCtrl=False/False/False, rightCtrl=False/False/False, asyncAlt=False/False, asyncCtrl=False/False, capturedKeys=0, capsCaptured=False, otherKeysCount=0, droppedLogs=0.
2026-10-08T09:25:55.2951911+09:00 Hooks registered: generation=18, keyboard=0x8B0119, mouse=0x1001BB, keyboard callbacks=778, mouse callbacks=7723.
2026-10-08T09:26:14.3052009+09:00 Hook status (periodic): generation=18, enabled=True, emacsEnabled=True, emacsActive=True, keyboardCallbacks=778, mouseCallbacks=7723, suppressed=10, injectionFailures=0, refreshRequested=False, sinceRefreshMs=19016, leftAlt=False/False/False, rightAlt=False/False/False, leftCtrl=False/False/False, rightCtrl=False/False/False, asyncAlt=False/False, asyncCtrl=False/False, capturedKeys=0, capsCaptured=False, otherKeysCount=0, droppedLogs=0.
2026-10-08T09:26:25.3225419+09:00 Hooks registered: generation=19, keyboard=0x410B0F, mouse=0xB50113, keyboard callbacks=778, mouse callbacks=7723.
2026-10-08T09:26:44.3211677+09:00 Hook status (periodic): generation=19, enabled=True, emacsEnabled=True, emacsActive=True, keyboardCallbacks=778, mouseCallbacks=7723, suppressed=10, injectionFailures=0, refreshRequested=False, sinceRefreshMs=19000, leftAlt=False/False/False, rightAlt=False/False/False, leftCtrl=False/False/False, rightCtrl=False/False/False, asyncAlt=False/False, asyncCtrl=False/False, capturedKeys=0, capsCaptured=False, otherKeysCount=0, droppedLogs=0.
2026-10-08T09:26:55.3154354+09:00 Hooks registered: generation=20, keyboard=0xAD075D, mouse=0x4C0C7F, keyboard callbacks=778, mouse callbacks=7723.
2026-10-08T09:27:14.3630632+09:00 Hook status (periodic): generation=20, enabled=True, emacsEnabled=True, emacsActive=True, keyboardCallbacks=778, mouseCallbacks=7723, suppressed=10, injectionFailures=0, refreshRequested=False, sinceRefreshMs=19047, leftAlt=False/False/False, rightAlt=False/False/False, leftCtrl=False/False/False, rightCtrl=False/False/False, asyncAlt=False/False, asyncCtrl=False/False, capturedKeys=0, capsCaptured=False, otherKeysCount=0, droppedLogs=0.
2026-10-08T09:27:25.3949418+09:00 Hooks registered: generation=21, keyboard=0x43B0DB9, mouse=0x380CD7, keyboard callbacks=814, mouse callbacks=7723.
2026-10-08T09:27:44.4002910+09:00 Hook status (periodic): generation=21, enabled=True, emacsEnabled=True, emacsActive=True, keyboardCallbacks=838, mouseCallbacks=7723, suppressed=10, injectionFailures=0, refreshRequested=False, sinceRefreshMs=19000, leftAlt=False/False/False, rightAlt=False/False/False, leftCtrl=False/False/False, rightCtrl=False/False/False, asyncAlt=False/False, asyncCtrl=False/False, capturedKeys=0, capsCaptured=False, otherKeysCount=1, droppedLogs=0.
2026-10-08T09:28:02.4040178+09:00 Hooks registered: generation=22, keyboard=0x10D0A43, mouse=0x640DA9, keyboard callbacks=989, mouse callbacks=7723.
2026-10-08T09:28:14.4043968+09:00 Hook status (periodic): generation=22, enabled=True, emacsEnabled=True, emacsActive=True, keyboardCallbacks=1061, mouseCallbacks=7723, suppressed=10, injectionFailures=0, refreshRequested=False, sinceRefreshMs=12000, leftAlt=False/False/False, rightAlt=False/False/False, leftCtrl=False/False/False, rightCtrl=False/False/False, asyncAlt=False/False, asyncCtrl=False/False, capturedKeys=0, capsCaptured=False, otherKeysCount=0, droppedLogs=0.
2026-10-08T09:28:32.4051807+09:00 Hooks registered: generation=23, keyboard=0x1670BF9, mouse=0x1B20BFF, keyboard callbacks=1061, mouse callbacks=7723.
2026-10-08T09:28:44.3970861+09:00 Hook status (periodic): generation=23, enabled=True, emacsEnabled=True, emacsActive=True, keyboardCallbacks=1061, mouseCallbacks=7723, suppressed=10, injectionFailures=0, refreshRequested=False, sinceRefreshMs=12000, leftAlt=False/False/False, rightAlt=False/False/False, leftCtrl=False/False/False, rightCtrl=False/False/False, asyncAlt=False/False, asyncCtrl=False/False, capturedKeys=0, capsCaptured=False, otherKeysCount=0, droppedLogs=0.
2026-10-08T09:29:02.4082834+09:00 Hooks registered: generation=24, keyboard=0xEE09CF, mouse=0xD40299, keyboard callbacks=1061, mouse callbacks=7723.
2026-10-08T09:29:14.4143874+09:00 Hook status (periodic): generation=24, enabled=True, emacsEnabled=True, emacsActive=True, keyboardCallbacks=1061, mouseCallbacks=7723, suppressed=10, injectionFailures=0, refreshRequested=False, sinceRefreshMs=12016, leftAlt=False/False/False, rightAlt=False/False/False, leftCtrl=False/False/False, rightCtrl=False/False/False, asyncAlt=False/False, asyncCtrl=False/False, capturedKeys=0, capsCaptured=False, otherKeysCount=0, droppedLogs=0.
2026-10-08T09:29:32.4544708+09:00 Hooks registered: generation=25, keyboard=0x4C038F, mouse=0x3108E7, keyboard callbacks=1061, mouse callbacks=7723.
2026-10-08T09:29:44.4841353+09:00 Hook status (periodic): generation=25, enabled=True, emacsEnabled=True, emacsActive=True, keyboardCallbacks=1061, mouseCallbacks=8035, suppressed=10, injectionFailures=0, refreshRequested=False, sinceRefreshMs=12031, leftAlt=False/False/False, rightAlt=False/False/False, leftCtrl=False/False/False, rightCtrl=False/False/False, asyncAlt=False/False, asyncCtrl=False/False, capturedKeys=0, capsCaptured=False, otherKeysCount=0, droppedLogs=0.
2026-10-08T09:30:06.5216635+09:00 Hooks registered: generation=26, keyboard=0x12D00E5, mouse=0xC030991, keyboard callbacks=1061, mouse callbacks=8420.
2026-10-08T09:30:14.5230691+09:00 Hook status (periodic): generation=26, enabled=True, emacsEnabled=True, emacsActive=True, keyboardCallbacks=1061, mouseCallbacks=8420, suppressed=10, injectionFailures=0, refreshRequested=False, sinceRefreshMs=8000, leftAlt=False/False/False, rightAlt=False/False/False, leftCtrl=False/False/False, rightCtrl=False/False/False, asyncAlt=False/False, asyncCtrl=False/False, capturedKeys=0, capsCaptured=False, otherKeysCount=0, droppedLogs=0.
2026-10-08T09:30:41.5274394+09:00 Hooks registered: generation=27, keyboard=0x9C401CD, mouse=0x7C108DF, keyboard callbacks=1213, mouse callbacks=8420.
2026-10-08T09:30:44.5270324+09:00 Hook status (periodic): generation=27, enabled=True, emacsEnabled=True, emacsActive=True, keyboardCallbacks=1213, mouseCallbacks=8420, suppressed=14, injectionFailures=0, refreshRequested=False, sinceRefreshMs=3000, leftAlt=False/False/False, rightAlt=False/False/False, leftCtrl=False/False/False, rightCtrl=False/False/False, asyncAlt=False/False, asyncCtrl=False/False, capturedKeys=0, capsCaptured=False, otherKeysCount=0, droppedLogs=0.
2026-10-08T09:31:14.6410804+09:00 Hook status (periodic): generation=27, enabled=True, emacsEnabled=True, emacsActive=True, keyboardCallbacks=1213, mouseCallbacks=8652, suppressed=14, injectionFailures=0, refreshRequested=False, sinceRefreshMs=33110, leftAlt=False/False/False, rightAlt=False/False/False, leftCtrl=False/False/False, rightCtrl=False/False/False, asyncAlt=False/False, asyncCtrl=False/False, capturedKeys=0, capsCaptured=False, otherKeysCount=0, droppedLogs=0.
2026-10-08T09:31:17.6550441+09:00 Hooks registered: generation=28, keyboard=0x10CC007F, mouse=0x2DA0997, keyboard callbacks=1213, mouse callbacks=8673.
2026-10-08T09:31:44.6557356+09:00 Hook status (periodic): generation=28, enabled=True, emacsEnabled=True, emacsActive=True, keyboardCallbacks=1321, mouseCallbacks=8673, suppressed=18, injectionFailures=0, refreshRequested=False, sinceRefreshMs=27000, leftAlt=False/False/False, rightAlt=False/False/False, leftCtrl=False/False/False, rightCtrl=False/False/False, asyncAlt=False/False, asyncCtrl=False/False, capturedKeys=0, capsCaptured=False, otherKeysCount=0, droppedLogs=0.
2026-10-08T09:31:47.6551395+09:00 Hooks registered: generation=29, keyboard=0x16909CF, mouse=0x720A27, keyboard callbacks=1321, mouse callbacks=8673.
2026-10-08T09:32:14.7235620+09:00 Hook status (periodic): generation=29, enabled=True, emacsEnabled=True, emacsActive=True, keyboardCallbacks=1321, mouseCallbacks=8673, suppressed=18, injectionFailures=0, refreshRequested=False, sinceRefreshMs=27078, leftAlt=False/False/False, rightAlt=False/False/False, leftCtrl=False/False/False, rightCtrl=False/False/False, asyncAlt=False/False, asyncCtrl=False/False, capturedKeys=0, capsCaptured=False, otherKeysCount=0, droppedLogs=0.
2026-10-08T09:32:17.7316382+09:00 Hooks registered: generation=30, keyboard=0x92D08DF, mouse=0x590D3B, keyboard callbacks=1321, mouse callbacks=8673.
2026-10-08T09:32:44.7239563+09:00 Hook status (periodic): generation=30, enabled=True, emacsEnabled=True, emacsActive=True, keyboardCallbacks=1423, mouseCallbacks=8673, suppressed=18, injectionFailures=0, refreshRequested=False, sinceRefreshMs=27000, leftAlt=False/False/False, rightAlt=False/False/False, leftCtrl=False/False/False, rightCtrl=False/False/False, asyncAlt=False/False, asyncCtrl=False/False, capturedKeys=0, capsCaptured=False, otherKeysCount=0, droppedLogs=0.
2026-10-08T09:32:47.7328381+09:00 Hooks registered: generation=31, keyboard=0x2730C9F, mouse=0x10D0BED, keyboard callbacks=1423, mouse callbacks=8673.
2026-10-08T09:33:14.7720220+09:00 Hook status (periodic): generation=31, enabled=True, emacsEnabled=True, emacsActive=True, keyboardCallbacks=1423, mouseCallbacks=8673, suppressed=18, injectionFailures=0, refreshRequested=False, sinceRefreshMs=27047, leftAlt=False/False/False, rightAlt=False/False/False, leftCtrl=False/False/False, rightCtrl=False/False/False, asyncAlt=False/False, asyncCtrl=False/False, capturedKeys=0, capsCaptured=False, otherKeysCount=0, droppedLogs=0.
2026-10-08T09:33:32.8193985+09:00 Hooks registered: generation=32, keyboard=0x2AA0D83, mouse=0x2FE09CF, keyboard callbacks=1483, mouse callbacks=9031.
2026-10-08T09:33:44.8180943+09:00 Hook status (periodic): generation=32, enabled=True, emacsEnabled=True, emacsActive=True, keyboardCallbacks=1606, mouseCallbacks=9031, suppressed=18, injectionFailures=0, refreshRequested=False, sinceRefreshMs=12000, leftAlt=False/False/False, rightAlt=False/False/False, leftCtrl=False/False/False, rightCtrl=False/False/False, asyncAlt=False/False, asyncCtrl=False/False, capturedKeys=0, capsCaptured=False, otherKeysCount=1, droppedLogs=0.
2026-10-08T09:34:02.8231667+09:00 Hooks registered: generation=33, keyboard=0x1810BEB, mouse=0xCA50507, keyboard callbacks=1621, mouse callbacks=9031.
2026-10-08T09:34:14.9026797+09:00 Hook status (periodic): generation=33, enabled=True, emacsEnabled=True, emacsActive=True, keyboardCallbacks=1621, mouseCallbacks=9031, suppressed=18, injectionFailures=0, refreshRequested=False, sinceRefreshMs=12078, leftAlt=False/False/False, rightAlt=False/False/False, leftCtrl=False/False/False, rightCtrl=False/False/False, asyncAlt=False/False, asyncCtrl=False/False, capturedKeys=0, capsCaptured=False, otherKeysCount=0, droppedLogs=0.
2026-10-08T09:34:32.9023233+09:00 Hooks registered: generation=34, keyboard=0x2F609D3, mouse=0x12E0127, keyboard callbacks=1621, mouse callbacks=9031.
2026-10-08T09:34:44.9013870+09:00 Hook status (periodic): generation=34, enabled=True, emacsEnabled=True, emacsActive=True, keyboardCallbacks=1625, mouseCallbacks=9031, suppressed=18, injectionFailures=0, refreshRequested=False, sinceRefreshMs=12000, leftAlt=False/False/False, rightAlt=False/False/False, leftCtrl=False/False/False, rightCtrl=False/False/False, asyncAlt=False/False, asyncCtrl=False/False, capturedKeys=0, capsCaptured=False, otherKeysCount=0, droppedLogs=0.
2026-10-08T09:35:14.9429240+09:00 Hook status (periodic): generation=34, enabled=True, emacsEnabled=True, emacsActive=True, keyboardCallbacks=1848, mouseCallbacks=9031, suppressed=28, injectionFailures=0, refreshRequested=False, sinceRefreshMs=42047, leftAlt=False/False/False, rightAlt=False/False/False, leftCtrl=False/False/False, rightCtrl=False/False/False, asyncAlt=False/False, asyncCtrl=False/False, capturedKeys=0, capsCaptured=False, otherKeysCount=1, droppedLogs=0.
2026-10-08T09:35:21.9427452+09:00 Hooks registered: generation=35, keyboard=0x1410119, mouse=0x9430D63, keyboard callbacks=1905, mouse callbacks=9031.
2026-10-08T09:35:44.9687079+09:00 Hook status (periodic): generation=35, enabled=True, emacsEnabled=True, emacsActive=True, keyboardCallbacks=2023, mouseCallbacks=9031, suppressed=34, injectionFailures=0, refreshRequested=False, sinceRefreshMs=23016, leftAlt=False/False/False, rightAlt=False/False/False, leftCtrl=False/False/False, rightCtrl=False/False/False, asyncAlt=False/False, asyncCtrl=False/False, capturedKeys=0, capsCaptured=False, otherKeysCount=0, droppedLogs=0.
2026-10-08T09:35:51.9843612+09:00 Hooks registered: generation=36, keyboard=0x19E0299, mouse=0x1FD08BD, keyboard callbacks=2023, mouse callbacks=9031.
2026-10-08T09:36:14.9969603+09:00 Hook status (periodic): generation=36, enabled=True, emacsEnabled=True, emacsActive=True, keyboardCallbacks=2023, mouseCallbacks=9031, suppressed=34, injectionFailures=0, refreshRequested=False, sinceRefreshMs=23016, leftAlt=False/False/False, rightAlt=False/False/False, leftCtrl=False/False/False, rightCtrl=False/False/False, asyncAlt=False/False, asyncCtrl=False/False, capturedKeys=0, capsCaptured=False, otherKeysCount=0, droppedLogs=0.
2026-10-08T09:36:22.0251802+09:00 Hooks registered: generation=37, keyboard=0xB70241, mouse=0x2CC0BEB, keyboard callbacks=2023, mouse callbacks=9031.
2026-10-08T09:36:45.0198956+09:00 Hook status (periodic): generation=37, enabled=True, emacsEnabled=True, emacsActive=True, keyboardCallbacks=2023, mouseCallbacks=9216, suppressed=34, injectionFailures=0, refreshRequested=False, sinceRefreshMs=23000, leftAlt=False/False/False, rightAlt=False/False/False, leftCtrl=False/False/False, rightCtrl=False/False/False, asyncAlt=False/False, asyncCtrl=False/False, capturedKeys=0, capsCaptured=False, otherKeysCount=0, droppedLogs=0.
2026-10-08T09:36:55.1062393+09:00 Hooks registered: generation=38, keyboard=0x5290A4F, mouse=0x21B01BB, keyboard callbacks=2023, mouse callbacks=9400.
2026-10-08T09:37:15.1114457+09:00 Hook status (periodic): generation=38, enabled=True, emacsEnabled=True, emacsActive=True, keyboardCallbacks=2023, mouseCallbacks=9726, suppressed=34, injectionFailures=0, refreshRequested=False, sinceRefreshMs=20000, leftAlt=False/False/False, rightAlt=False/False/False, leftCtrl=False/False/False, rightCtrl=False/False/False, asyncAlt=False/False, asyncCtrl=False/False, capturedKeys=0, capsCaptured=False, otherKeysCount=0, droppedLogs=0.
2026-10-08T09:37:25.1285083+09:00 Hooks registered: generation=39, keyboard=0x5670C65, mouse=0x27C08BD, keyboard callbacks=2023, mouse callbacks=9934.
2026-10-08T09:37:45.1606663+09:00 Hook status (periodic): generation=39, enabled=True, emacsEnabled=True, emacsActive=True, keyboardCallbacks=2064, mouseCallbacks=10196, suppressed=34, injectionFailures=0, refreshRequested=False, sinceRefreshMs=20031, leftAlt=False/False/False, rightAlt=False/False/False, leftCtrl=False/False/False, rightCtrl=False/False/False, asyncAlt=False/False, asyncCtrl=False/False, capturedKeys=0, capsCaptured=False, otherKeysCount=0, droppedLogs=0.
2026-10-08T09:37:55.2304258+09:00 Hooks registered: generation=40, keyboard=0x5D009CF, mouse=0x99408DF, keyboard callbacks=2064, mouse callbacks=10414.
2026-10-08T09:38:15.2224772+09:00 Hook status (periodic): generation=40, enabled=True, emacsEnabled=True, emacsActive=True, keyboardCallbacks=2068, mouseCallbacks=10414, suppressed=36, injectionFailures=0, refreshRequested=False, sinceRefreshMs=20000, leftAlt=False/False/False, rightAlt=False/False/False, leftCtrl=False/False/False, rightCtrl=False/False/False, asyncAlt=False/False, asyncCtrl=False/False, capturedKeys=0, capsCaptured=False, otherKeysCount=0, droppedLogs=0.
2026-10-08T09:38:25.2237596+09:00 Hooks registered: generation=41, keyboard=0x10E0D05, mouse=0x61B0DA9, keyboard callbacks=2088, mouse callbacks=10414.
2026-10-08T09:38:45.2410445+09:00 Hook status (periodic): generation=41, enabled=True, emacsEnabled=True, emacsActive=True, keyboardCallbacks=2184, mouseCallbacks=10414, suppressed=44, injectionFailures=0, refreshRequested=False, sinceRefreshMs=20016, leftAlt=False/False/False, rightAlt=False/False/False, leftCtrl=False/False/False, rightCtrl=False/False/False, asyncAlt=False/False, asyncCtrl=False/False, capturedKeys=0, capsCaptured=False, otherKeysCount=0, droppedLogs=0.
2026-10-08T09:39:02.2700048+09:00 Hooks registered: generation=42, keyboard=0x40E0BEB, mouse=0x4090A43, keyboard callbacks=2272, mouse callbacks=10414.
2026-10-08T09:39:15.2795902+09:00 Hook status (periodic): generation=42, enabled=True, emacsEnabled=True, emacsActive=True, keyboardCallbacks=2274, mouseCallbacks=10414, suppressed=44, injectionFailures=0, refreshRequested=False, sinceRefreshMs=13000, leftAlt=False/False/False, rightAlt=False/False/False, leftCtrl=False/False/False, rightCtrl=False/False/False, asyncAlt=False/False, asyncCtrl=False/False, capturedKeys=0, capsCaptured=False, otherKeysCount=0, droppedLogs=0.
2026-10-08T09:39:32.2827487+09:00 Hooks registered: generation=43, keyboard=0x25B0119, mouse=0x14D0D3B, keyboard callbacks=2274, mouse callbacks=10414.
2026-10-08T09:39:45.2843209+09:00 Hook status (periodic): generation=43, enabled=True, emacsEnabled=True, emacsActive=True, keyboardCallbacks=2274, mouseCallbacks=10515, suppressed=44, injectionFailures=0, refreshRequested=False, sinceRefreshMs=13016, leftAlt=False/False/False, rightAlt=False/False/False, leftCtrl=False/False/False, rightCtrl=False/False/False, asyncAlt=False/False, asyncCtrl=False/False, capturedKeys=0, capsCaptured=False, otherKeysCount=0, droppedLogs=0.
2026-10-08T09:40:09.3165195+09:00 Hooks registered: generation=44, keyboard=0x5DE0463, mouse=0x1840D17, keyboard callbacks=2292, mouse callbacks=10888.
2026-10-08T09:40:15.3461801+09:00 Hook status (periodic): generation=44, enabled=True, emacsEnabled=True, emacsActive=True, keyboardCallbacks=2314, mouseCallbacks=10888, suppressed=48, injectionFailures=0, refreshRequested=False, sinceRefreshMs=6016, leftAlt=False/False/False, rightAlt=False/False/False, leftCtrl=False/False/False, rightCtrl=False/False/False, asyncAlt=False/False, asyncCtrl=False/False, capturedKeys=0, capsCaptured=False, otherKeysCount=0, droppedLogs=0.
2026-10-08T09:40:39.4032172+09:00 Hooks registered: generation=45, keyboard=0xB70DF3, mouse=0x2D30CD7, keyboard callbacks=2430, mouse callbacks=10888.
2026-10-08T09:40:45.4381367+09:00 Hook status (periodic): generation=45, enabled=True, emacsEnabled=True, emacsActive=True, keyboardCallbacks=2430, mouseCallbacks=10888, suppressed=54, injectionFailures=0, refreshRequested=False, sinceRefreshMs=6032, leftAlt=False/False/False, rightAlt=False/False/False, leftCtrl=False/False/False, rightCtrl=False/False/False, asyncAlt=False/False, asyncCtrl=False/False, capturedKeys=0, capsCaptured=False, otherKeysCount=0, droppedLogs=0.
2026-10-08T09:41:09.4412813+09:00 Hooks registered: generation=46, keyboard=0x10DC0DB9, mouse=0x4D40BEB, keyboard callbacks=2486, mouse callbacks=10888.
2026-10-08T09:41:15.4543623+09:00 Hook status (periodic): generation=46, enabled=True, emacsEnabled=True, emacsActive=True, keyboardCallbacks=2490, mouseCallbacks=10888, suppressed=54, injectionFailures=0, refreshRequested=False, sinceRefreshMs=6000, leftAlt=False/False/False, rightAlt=False/False/False, leftCtrl=False/False/False, rightCtrl=False/False/False, asyncAlt=False/False, asyncCtrl=False/False, capturedKeys=0, capsCaptured=False, otherKeysCount=0, droppedLogs=0.
2026-10-08T09:41:45.4761332+09:00 Hook status (periodic): generation=46, enabled=True, emacsEnabled=True, emacsActive=True, keyboardCallbacks=2646, mouseCallbacks=10965, suppressed=56, injectionFailures=0, refreshRequested=False, sinceRefreshMs=36031, leftAlt=False/False/False, rightAlt=False/False/False, leftCtrl=False/False/False, rightCtrl=False/False/False, asyncAlt=False/False, asyncCtrl=False/False, capturedKeys=0, capsCaptured=False, otherKeysCount=0, droppedLogs=0.
2026-10-08T09:41:57.4933364+09:00 Hooks registered: generation=47, keyboard=0x4990BED, mouse=0x15B0DEF, keyboard callbacks=2737, mouse callbacks=10965.
2026-10-08T09:42:15.5303737+09:00 Hook status (periodic): generation=47, enabled=True, emacsEnabled=True, emacsActive=True, keyboardCallbacks=2763, mouseCallbacks=10965, suppressed=56, injectionFailures=0, refreshRequested=False, sinceRefreshMs=18031, leftAlt=False/False/False, rightAlt=False/False/False, leftCtrl=False/False/False, rightCtrl=False/False/False, asyncAlt=False/False, asyncCtrl=False/False, capturedKeys=0, capsCaptured=False, otherKeysCount=0, droppedLogs=0.
2026-10-08T09:42:27.5227434+09:00 Hooks registered: generation=48, keyboard=0xAAE03C1, mouse=0x5F0DFF, keyboard callbacks=2763, mouse callbacks=10965.
2026-10-08T09:42:45.5194794+09:00 Hook status (periodic): generation=48, enabled=True, emacsEnabled=True, emacsActive=True, keyboardCallbacks=2763, mouseCallbacks=10965, suppressed=56, injectionFailures=0, refreshRequested=False, sinceRefreshMs=18000, leftAlt=False/False/False, rightAlt=False/False/False, leftCtrl=False/False/False, rightCtrl=False/False/False, asyncAlt=False/False, asyncCtrl=False/False, capturedKeys=0, capsCaptured=False, otherKeysCount=0, droppedLogs=0.
2026-10-08T09:43:08.5262634+09:00 Hooks registered: generation=49, keyboard=0x6AD0CE3, mouse=0x69901DD, keyboard callbacks=2911, mouse callbacks=10965.
2026-10-08T09:43:15.5190020+09:00 Hook status (periodic): generation=49, enabled=True, emacsEnabled=True, emacsActive=True, keyboardCallbacks=2915, mouseCallbacks=10965, suppressed=56, injectionFailures=0, refreshRequested=False, sinceRefreshMs=7000, leftAlt=False/False/False, rightAlt=False/False/False, leftCtrl=False/False/False, rightCtrl=False/False/False, asyncAlt=False/False, asyncCtrl=False/False, capturedKeys=0, capsCaptured=False, otherKeysCount=0, droppedLogs=0.
2026-10-08T09:43:45.5657357+09:00 Hook status (periodic): generation=49, enabled=True, emacsEnabled=True, emacsActive=True, keyboardCallbacks=3085, mouseCallbacks=10965, suppressed=56, injectionFailures=0, refreshRequested=False, sinceRefreshMs=37047, leftAlt=False/False/False, rightAlt=False/False/False, leftCtrl=False/False/False, rightCtrl=False/False/False, asyncAlt=False/False, asyncCtrl=False/False, capturedKeys=0, capsCaptured=False, otherKeysCount=0, droppedLogs=0.
2026-10-08T09:43:47.5806261+09:00 Hooks registered: generation=50, keyboard=0x3A0E05, mouse=0x60E03, keyboard callbacks=3087, mouse callbacks=10965.
2026-10-08T09:44:15.6464817+09:00 Hook status (periodic): generation=50, enabled=True, emacsEnabled=True, emacsActive=True, keyboardCallbacks=3143, mouseCallbacks=10965, suppressed=56, injectionFailures=0, refreshRequested=False, sinceRefreshMs=28078, leftAlt=False/False/False, rightAlt=False/False/False, leftCtrl=False/False/False, rightCtrl=False/False/False, asyncAlt=False/False, asyncCtrl=False/False, capturedKeys=0, capsCaptured=False, otherKeysCount=0, droppedLogs=0.
2026-10-08T09:44:17.6467798+09:00 Hooks registered: generation=51, keyboard=0xC30DFF, mouse=0x470E25, keyboard callbacks=3143, mouse callbacks=10965.
2026-10-08T09:44:45.6476291+09:00 Hook status (periodic): generation=51, enabled=True, emacsEnabled=True, emacsActive=True, keyboardCallbacks=3143, mouseCallbacks=10965, suppressed=56, injectionFailures=0, refreshRequested=False, sinceRefreshMs=28000, leftAlt=False/False/False, rightAlt=False/False/False, leftCtrl=False/False/False, rightCtrl=False/False/False, asyncAlt=False/False, asyncCtrl=False/False, capturedKeys=0, capsCaptured=False, otherKeysCount=0, droppedLogs=0.
2026-10-08T09:44:47.6454763+09:00 Hooks registered: generation=52, keyboard=0x33D09D3, mouse=0x1180E05, keyboard callbacks=3143, mouse callbacks=10965.
2026-10-08T09:45:15.6560406+09:00 Hook status (periodic): generation=52, enabled=True, emacsEnabled=True, emacsActive=True, keyboardCallbacks=3215, mouseCallbacks=10965, suppressed=56, injectionFailures=0, refreshRequested=False, sinceRefreshMs=28000, leftAlt=False/False/False, rightAlt=False/False/False, leftCtrl=False/False/False, rightCtrl=False/False/False, asyncAlt=False/False, asyncCtrl=False/False, capturedKeys=0, capsCaptured=False, otherKeysCount=0, droppedLogs=0.
2026-10-08T09:45:21.6444107+09:00 Hooks registered: generation=53, keyboard=0x90E03, mouse=0xB6803C1, keyboard callbacks=3257, mouse callbacks=10965.
2026-10-08T09:45:45.7332745+09:00 Hook status (periodic): generation=53, enabled=True, emacsEnabled=True, emacsActive=True, keyboardCallbacks=3315, mouseCallbacks=10965, suppressed=56, injectionFailures=0, refreshRequested=False, sinceRefreshMs=24078, leftAlt=False/False/False, rightAlt=False/False/False, leftCtrl=False/False/False, rightCtrl=False/False/False, asyncAlt=False/False, asyncCtrl=False/False, capturedKeys=0, capsCaptured=False, otherKeysCount=0, droppedLogs=0.
2026-10-08T09:46:06.7331309+09:00 Hooks registered: generation=54, keyboard=0x1520E23, mouse=0xA850C87, keyboard callbacks=3511, mouse callbacks=10965.
2026-10-08T09:46:15.7601789+09:00 Hook status (periodic): generation=54, enabled=True, emacsEnabled=True, emacsActive=True, keyboardCallbacks=3511, mouseCallbacks=10965, suppressed=56, injectionFailures=0, refreshRequested=False, sinceRefreshMs=9032, leftAlt=False/False/False, rightAlt=False/False/False, leftCtrl=False/False/False, rightCtrl=False/False/False, asyncAlt=False/False, asyncCtrl=False/False, capturedKeys=0, capsCaptured=False, otherKeysCount=0, droppedLogs=0.
2026-10-08T09:46:36.8181493+09:00 Hooks registered: generation=55, keyboard=0x61E0BEB, mouse=0x61101BB, keyboard callbacks=3511, mouse callbacks=10965.
2026-10-08T09:46:45.8394633+09:00 Hook status (periodic): generation=55, enabled=True, emacsEnabled=True, emacsActive=True, keyboardCallbacks=3511, mouseCallbacks=10965, suppressed=56, injectionFailures=0, refreshRequested=False, sinceRefreshMs=9016, leftAlt=False/False/False, rightAlt=False/False/False, leftCtrl=False/False/False, rightCtrl=False/False/False, asyncAlt=False/False, asyncCtrl=False/False, capturedKeys=0, capsCaptured=False, otherKeysCount=0, droppedLogs=0.
2026-10-08T09:47:10.8611046+09:00 Hooks registered: generation=56, keyboard=0x1630E13, mouse=0x23E0DF1, keyboard callbacks=3511, mouse callbacks=11410.
2026-10-08T09:47:15.8522911+09:00 Hook status (periodic): generation=56, enabled=True, emacsEnabled=True, emacsActive=True, keyboardCallbacks=3511, mouseCallbacks=11447, suppressed=56, injectionFailures=0, refreshRequested=False, sinceRefreshMs=5000, leftAlt=False/False/False, rightAlt=False/False/False, leftCtrl=False/False/False, rightCtrl=False/False/False, asyncAlt=False/False, asyncCtrl=False/False, capturedKeys=0, capsCaptured=False, otherKeysCount=0, droppedLogs=0.
2026-10-08T09:47:45.8941706+09:00 Hook status (periodic): generation=56, enabled=True, emacsEnabled=True, emacsActive=True, keyboardCallbacks=3652, mouseCallbacks=11811, suppressed=56, injectionFailures=0, refreshRequested=False, sinceRefreshMs=35047, leftAlt=False/False/False, rightAlt=False/False/False, leftCtrl=False/False/False, rightCtrl=False/False/False, asyncAlt=False/False, asyncCtrl=False/False, capturedKeys=0, capsCaptured=False, otherKeysCount=1, droppedLogs=0.
2026-10-08T09:47:52.9035227+09:00 Hooks registered: generation=57, keyboard=0x500E21, mouse=0x6D0E11, keyboard callbacks=3677, mouse callbacks=11811.
2026-10-08T09:48:15.9035410+09:00 Hook status (periodic): generation=57, enabled=True, emacsEnabled=True, emacsActive=True, keyboardCallbacks=3769, mouseCallbacks=11864, suppressed=56, injectionFailures=0, refreshRequested=False, sinceRefreshMs=23000, leftAlt=False/False/False, rightAlt=False/False/False, leftCtrl=False/False/False, rightCtrl=False/False/False, asyncAlt=False/False, asyncCtrl=False/False, capturedKeys=0, capsCaptured=False, otherKeysCount=0, droppedLogs=0.
2026-10-08T09:48:22.9018572+09:00 Hooks registered: generation=58, keyboard=0x6CD09CF, mouse=0xBF0E25, keyboard callbacks=3769, mouse callbacks=11953.
2026-10-08T09:48:45.9473691+09:00 Hook status (periodic): generation=58, enabled=True, emacsEnabled=True, emacsActive=True, keyboardCallbacks=3769, mouseCallbacks=12395, suppressed=56, injectionFailures=0, refreshRequested=False, sinceRefreshMs=23047, leftAlt=False/False/False, rightAlt=False/False/False, leftCtrl=False/False/False, rightCtrl=False/False/False, asyncAlt=False/False, asyncCtrl=False/False, capturedKeys=0, capsCaptured=False, otherKeysCount=0, droppedLogs=0.
2026-10-08T09:48:57.9520175+09:00 Hooks registered: generation=59, keyboard=0x2740E1B, mouse=0x3020E33, keyboard callbacks=3769, mouse callbacks=12825.
2026-10-08T09:49:15.9437332+09:00 Hook status (periodic): generation=59, enabled=True, emacsEnabled=True, emacsActive=True, keyboardCallbacks=3863, mouseCallbacks=12825, suppressed=56, injectionFailures=0, refreshRequested=False, sinceRefreshMs=18000, leftAlt=False/False/False, rightAlt=False/False/False, leftCtrl=False/False/False, rightCtrl=False/False/False, asyncAlt=False/False, asyncCtrl=False/False, capturedKeys=0, capsCaptured=False, otherKeysCount=0, droppedLogs=0.
2026-10-08T09:49:27.9553299+09:00 Hooks registered: generation=60, keyboard=0x8450E01, mouse=0x12310DB9, keyboard callbacks=3863, mouse callbacks=12825.
2026-10-08T09:49:45.9509900+09:00 Hook status (periodic): generation=60, enabled=True, emacsEnabled=True, emacsActive=True, keyboardCallbacks=3863, mouseCallbacks=12825, suppressed=56, injectionFailures=0, refreshRequested=False, sinceRefreshMs=18000, leftAlt=False/False/False, rightAlt=False/False/False, leftCtrl=False/False/False, rightCtrl=False/False/False, asyncAlt=False/False, asyncCtrl=False/False, capturedKeys=0, capsCaptured=False, otherKeysCount=0, droppedLogs=0.
2026-10-08T09:49:57.9723707+09:00 Hooks registered: generation=61, keyboard=0x4880D05, mouse=0xEB80463, keyboard callbacks=3917, mouse callbacks=12825.
2026-10-08T09:50:16.0127993+09:00 Hook status (periodic): generation=61, enabled=True, emacsEnabled=True, emacsActive=True, keyboardCallbacks=3951, mouseCallbacks=12825, suppressed=58, injectionFailures=0, refreshRequested=False, sinceRefreshMs=18032, leftAlt=False/False/False, rightAlt=False/False/False, leftCtrl=False/False/False, rightCtrl=False/False/False, asyncAlt=False/False, asyncCtrl=False/False, capturedKeys=0, capsCaptured=False, otherKeysCount=0, droppedLogs=0.
2026-10-08T09:50:28.0292423+09:00 Hooks registered: generation=62, keyboard=0xE5F061F, mouse=0x2500E13, keyboard callbacks=3951, mouse callbacks=12825.
2026-10-08T09:50:46.0538550+09:00 Hook status (periodic): generation=62, enabled=True, emacsEnabled=True, emacsActive=True, keyboardCallbacks=4039, mouseCallbacks=12929, suppressed=64, injectionFailures=0, refreshRequested=False, sinceRefreshMs=18032, leftAlt=False/False/False, rightAlt=False/False/False, leftCtrl=False/False/False, rightCtrl=False/False/False, asyncAlt=False/False, asyncCtrl=False/False, capturedKeys=0, capsCaptured=False, otherKeysCount=0, droppedLogs=0.
2026-10-08T09:51:11.0741246+09:00 Hooks registered: generation=63, keyboard=0x3460A27, mouse=0x76A0CE3, keyboard callbacks=4123, mouse callbacks=13314.
2026-10-08T09:51:16.0716534+09:00 Hook status (periodic): generation=63, enabled=True, emacsEnabled=True, emacsActive=True, keyboardCallbacks=4174, mouseCallbacks=13314, suppressed=68, injectionFailures=0, refreshRequested=False, sinceRefreshMs=5000, leftAlt=False/False/False, rightAlt=False/False/False, leftCtrl=False/False/False, rightCtrl=False/False/False, asyncAlt=False/False, asyncCtrl=False/False, capturedKeys=0, capsCaptured=False, otherKeysCount=1, droppedLogs=0.
2026-10-08T09:51:41.1451794+09:00 Hooks registered: generation=64, keyboard=0x4260D77, mouse=0x680E17, keyboard callbacks=4237, mouse callbacks=13314.
2026-10-08T09:51:46.1446189+09:00 Hook status (periodic): generation=64, enabled=True, emacsEnabled=True, emacsActive=True, keyboardCallbacks=4237, mouseCallbacks=13314, suppressed=68, injectionFailures=0, refreshRequested=False, sinceRefreshMs=5000, leftAlt=False/False/False, rightAlt=False/False/False, leftCtrl=False/False/False, rightCtrl=False/False/False, asyncAlt=False/False, asyncCtrl=False/False, capturedKeys=0, capsCaptured=False, otherKeysCount=0, droppedLogs=0.
2026-10-08T09:52:11.1646727+09:00 Hooks registered: generation=65, keyboard=0x4800241, mouse=0xA3801DD, keyboard callbacks=4341, mouse callbacks=13314.
2026-10-08T09:52:16.1635646+09:00 Hook status (periodic): generation=65, enabled=True, emacsEnabled=True, emacsActive=True, keyboardCallbacks=4341, mouseCallbacks=13314, suppressed=70, injectionFailures=0, refreshRequested=False, sinceRefreshMs=5000, leftAlt=False/False/False, rightAlt=False/False/False, leftCtrl=False/False/False, rightCtrl=False/False/False, asyncAlt=False/False, asyncCtrl=False/False, capturedKeys=0, capsCaptured=False, otherKeysCount=0, droppedLogs=0.
2026-10-08T09:52:43.1912745+09:00 Hooks registered: generation=66, keyboard=0x1AD0E1D, mouse=0x7F0E1F, keyboard callbacks=4535, mouse callbacks=13314.
2026-10-08T09:52:46.1994637+09:00 Hook status (periodic): generation=66, enabled=True, emacsEnabled=True, emacsActive=True, keyboardCallbacks=4552, mouseCallbacks=13314, suppressed=82, injectionFailures=0, refreshRequested=False, sinceRefreshMs=3000, leftAlt=False/False/False, rightAlt=False/False/False, leftCtrl=False/False/False, rightCtrl=False/False/False, asyncAlt=False/False, asyncCtrl=False/False, capturedKeys=0, capsCaptured=False, otherKeysCount=1, droppedLogs=0.
2026-10-08T09:53:13.2360927+09:00 Hooks registered: generation=67, keyboard=0x2F50D19, mouse=0xC6403C1, keyboard callbacks=4565, mouse callbacks=13314.
2026-10-08T09:53:16.2229392+09:00 Hook status (periodic): generation=67, enabled=True, emacsEnabled=True, emacsActive=True, keyboardCallbacks=4565, mouseCallbacks=13314, suppressed=84, injectionFailures=0, refreshRequested=False, sinceRefreshMs=3000, leftAlt=False/False/False, rightAlt=False/False/False, leftCtrl=False/False/False, rightCtrl=False/False/False, asyncAlt=False/False, asyncCtrl=False/False, capturedKeys=0, capsCaptured=False, otherKeysCount=0, droppedLogs=0.
2026-10-08T09:53:46.2733196+09:00 Hook status (periodic): generation=67, enabled=True, emacsEnabled=True, emacsActive=True, keyboardCallbacks=4671, mouseCallbacks=13314, suppressed=90, injectionFailures=0, refreshRequested=False, sinceRefreshMs=33047, leftAlt=False/False/False, rightAlt=False/False/False, leftCtrl=False/False/False, rightCtrl=False/False/False, asyncAlt=False/False, asyncCtrl=False/False, capturedKeys=0, capsCaptured=False, otherKeysCount=0, droppedLogs=0.
2026-10-08T09:53:47.2830886+09:00 Hooks registered: generation=68, keyboard=0x72E0A4F, mouse=0xEA301CD, keyboard callbacks=4671, mouse callbacks=13314.
2026-10-08T09:54:16.2723924+09:00 Hook status (periodic): generation=68, enabled=True, emacsEnabled=True, emacsActive=True, keyboardCallbacks=4789, mouseCallbacks=13314, suppressed=102, injectionFailures=0, refreshRequested=False, sinceRefreshMs=29000, leftAlt=False/False/False, rightAlt=False/False/False, leftCtrl=False/False/False, rightCtrl=False/False/False, asyncAlt=False/False, asyncCtrl=False/False, capturedKeys=0, capsCaptured=False, otherKeysCount=0, droppedLogs=0.
2026-10-08T09:54:17.2783552+09:00 Hooks registered: generation=69, keyboard=0xB3E0C87, mouse=0x6D0E0B, keyboard callbacks=4789, mouse callbacks=13314.
2026-10-08T09:54:46.2712502+09:00 Hook status (periodic): generation=69, enabled=True, emacsEnabled=True, emacsActive=True, keyboardCallbacks=4895, mouseCallbacks=13314, suppressed=104, injectionFailures=0, refreshRequested=False, sinceRefreshMs=29000, leftAlt=False/False/False, rightAlt=False/False/False, leftCtrl=False/False/False, rightCtrl=False/False/False, asyncAlt=False/False, asyncCtrl=False/False, capturedKeys=0, capsCaptured=False, otherKeysCount=0, droppedLogs=0.
2026-10-08T09:54:47.2924815+09:00 Hooks registered: generation=70, keyboard=0xE1008B3, mouse=0x4780DF1, keyboard callbacks=4895, mouse callbacks=13314.
2026-10-08T09:55:16.3261754+09:00 Hook status (periodic): generation=70, enabled=True, emacsEnabled=True, emacsActive=True, keyboardCallbacks=4895, mouseCallbacks=13314, suppressed=104, injectionFailures=0, refreshRequested=False, sinceRefreshMs=29031, leftAlt=False/False/False, rightAlt=False/False/False, leftCtrl=False/False/False, rightCtrl=False/False/False, asyncAlt=False/False, asyncCtrl=False/False, capturedKeys=0, capsCaptured=False, otherKeysCount=0, droppedLogs=0.
2026-10-08T09:55:17.3288953+09:00 Hooks registered: generation=71, keyboard=0xB0408E7, mouse=0x3BB09D3, keyboard callbacks=4895, mouse callbacks=13314.
2026-10-08T09:55:46.3555899+09:00 Hook status (periodic): generation=71, enabled=True, emacsEnabled=True, emacsActive=True, keyboardCallbacks=5051, mouseCallbacks=13314, suppressed=110, injectionFailures=0, refreshRequested=False, sinceRefreshMs=29031, leftAlt=False/False/False, rightAlt=False/False/False, leftCtrl=False/False/False, rightCtrl=False/False/False, asyncAlt=False/False, asyncCtrl=False/False, capturedKeys=0, capsCaptured=False, otherKeysCount=0, droppedLogs=0.
2026-10-08T09:55:47.3478559+09:00 Hooks registered: generation=72, keyboard=0x6610DEF, mouse=0x88E0D5D, keyboard callbacks=5051, mouse callbacks=13314.
2026-10-08T09:56:16.3483440+09:00 Hook status (periodic): generation=72, enabled=True, emacsEnabled=True, emacsActive=True, keyboardCallbacks=5129, mouseCallbacks=13314, suppressed=114, injectionFailures=0, refreshRequested=False, sinceRefreshMs=29000, leftAlt=False/False/False, rightAlt=False/False/False, leftCtrl=False/False/False, rightCtrl=False/False/False, asyncAlt=False/False, asyncCtrl=False/False, capturedKeys=0, capsCaptured=False, otherKeysCount=0, droppedLogs=0.
2026-10-08T09:56:25.3471095+09:00 Hooks registered: generation=73, keyboard=0xEEF08B3, mouse=0x1920E29, keyboard callbacks=5207, mouse callbacks=13314.
2026-10-08T09:56:46.3633576+09:00 Hook status (periodic): generation=73, enabled=True, emacsEnabled=True, emacsActive=True, keyboardCallbacks=5207, mouseCallbacks=13314, suppressed=116, injectionFailures=0, refreshRequested=False, sinceRefreshMs=21016, leftAlt=False/False/False, rightAlt=False/False/False, leftCtrl=False/False/False, rightCtrl=False/False/False, asyncAlt=False/False, asyncCtrl=False/False, capturedKeys=0, capsCaptured=False, otherKeysCount=0, droppedLogs=0.
2026-10-08T09:56:55.4049108+09:00 Hooks registered: generation=74, keyboard=0xA40E1F, mouse=0x8310CE3, keyboard callbacks=5207, mouse callbacks=13314.
2026-10-08T09:57:16.4035743+09:00 Hook status (periodic): generation=74, enabled=True, emacsEnabled=True, emacsActive=True, keyboardCallbacks=5219, mouseCallbacks=13314, suppressed=122, injectionFailures=0, refreshRequested=False, sinceRefreshMs=21000, leftAlt=False/False/False, rightAlt=False/False/False, leftCtrl=False/False/False, rightCtrl=False/False/False, asyncAlt=False/False, asyncCtrl=False/False, capturedKeys=0, capsCaptured=False, otherKeysCount=0, droppedLogs=0.
2026-10-08T09:57:26.4049699+09:00 Hooks registered: generation=75, keyboard=0x4EF0DF1, mouse=0x63F0E03, keyboard callbacks=5279, mouse callbacks=13314.
2026-10-08T09:57:46.4278319+09:00 Hook status (periodic): generation=75, enabled=True, emacsEnabled=True, emacsActive=True, keyboardCallbacks=5309, mouseCallbacks=13314, suppressed=126, injectionFailures=0, refreshRequested=False, sinceRefreshMs=20032, leftAlt=False/False/False, rightAlt=False/False/False, leftCtrl=False/False/False, rightCtrl=False/False/False, asyncAlt=False/False, asyncCtrl=False/False, capturedKeys=0, capsCaptured=False, otherKeysCount=0, droppedLogs=0.
2026-10-08T09:57:56.4599634+09:00 Hooks registered: generation=76, keyboard=0x6110119, mouse=0x8BF0E19, keyboard callbacks=5331, mouse callbacks=13314.
2026-10-08T09:58:16.4784156+09:00 Hook status (periodic): generation=76, enabled=True, emacsEnabled=True, emacsActive=True, keyboardCallbacks=5372, mouseCallbacks=13314, suppressed=128, injectionFailures=0, refreshRequested=False, sinceRefreshMs=20015, leftAlt=False/False/False, rightAlt=False/False/False, leftCtrl=False/False/False, rightCtrl=False/False/False, asyncAlt=False/False, asyncCtrl=False/False, capturedKeys=0, capsCaptured=False, otherKeysCount=0, droppedLogs=0.
2026-10-08T09:58:26.4847717+09:00 Hooks registered: generation=77, keyboard=0x420E27, mouse=0x16D0E17, keyboard callbacks=5440, mouse callbacks=13314.
2026-10-08T09:58:46.5191949+09:00 Hook status (periodic): generation=77, enabled=True, emacsEnabled=True, emacsActive=True, keyboardCallbacks=5440, mouseCallbacks=13314, suppressed=128, injectionFailures=0, refreshRequested=False, sinceRefreshMs=20047, leftAlt=False/False/False, rightAlt=False/False/False, leftCtrl=False/False/False, rightCtrl=False/False/False, asyncAlt=False/False, asyncCtrl=False/False, capturedKeys=0, capsCaptured=False, otherKeysCount=0, droppedLogs=0.
2026-10-08T09:58:56.5303487+09:00 Hooks registered: generation=78, keyboard=0x8250D93, mouse=0xA050BEB, keyboard callbacks=5440, mouse callbacks=13314.
2026-10-08T09:59:16.5258170+09:00 Hook status (periodic): generation=78, enabled=True, emacsEnabled=True, emacsActive=True, keyboardCallbacks=5440, mouseCallbacks=13314, suppressed=128, injectionFailures=0, refreshRequested=False, sinceRefreshMs=20000, leftAlt=False/False/False, rightAlt=False/False/False, leftCtrl=False/False/False, rightCtrl=False/False/False, asyncAlt=False/False, asyncCtrl=False/False, capturedKeys=0, capsCaptured=False, otherKeysCount=0, droppedLogs=0.
2026-10-08T09:59:26.5228259+09:00 Hooks registered: generation=79, keyboard=0x7100DEF, mouse=0x7E209CF, keyboard callbacks=5440, mouse callbacks=13314.
2026-10-08T09:59:46.5318849+09:00 Hook status (periodic): generation=79, enabled=True, emacsEnabled=True, emacsActive=True, keyboardCallbacks=5440, mouseCallbacks=13314, suppressed=128, injectionFailures=0, refreshRequested=False, sinceRefreshMs=20000, leftAlt=False/False/False, rightAlt=False/False/False, leftCtrl=False/False/False, rightCtrl=False/False/False, asyncAlt=False/False, asyncCtrl=False/False, capturedKeys=0, capsCaptured=False, otherKeysCount=0, droppedLogs=0.
2026-10-08T09:59:56.5301317+09:00 Hooks registered: generation=80, keyboard=0x99F07C7, mouse=0x14240299, keyboard callbacks=5440, mouse callbacks=13314.
2026-10-08T10:00:16.5248436+09:00 Hook status (periodic): generation=80, enabled=True, emacsEnabled=True, emacsActive=True, keyboardCallbacks=5440, mouseCallbacks=13314, suppressed=128, injectionFailures=0, refreshRequested=False, sinceRefreshMs=20000, leftAlt=False/False/False, rightAlt=False/False/False, leftCtrl=False/False/False, rightCtrl=False/False/False, asyncAlt=False/False, asyncCtrl=False/False, capturedKeys=0, capsCaptured=False, otherKeysCount=0, droppedLogs=0.
2026-10-08T10:00:26.5186516+09:00 Hooks registered: generation=81, keyboard=0x1DC0E29, mouse=0x430E0D, keyboard callbacks=5440, mouse callbacks=13314.
2026-10-08T10:00:46.5192431+09:00 Hook status (periodic): generation=81, enabled=True, emacsEnabled=True, emacsActive=True, keyboardCallbacks=5440, mouseCallbacks=13314, suppressed=128, injectionFailures=0, refreshRequested=False, sinceRefreshMs=20000, leftAlt=False/False/False, rightAlt=False/False/False, leftCtrl=False/False/False, rightCtrl=False/False/False, asyncAlt=False/False, asyncCtrl=False/False, capturedKeys=0, capsCaptured=False, otherKeysCount=0, droppedLogs=0.
2026-10-08T10:00:56.5418635+09:00 Hooks registered: generation=82, keyboard=0x5510A43, mouse=0x3920E31, keyboard callbacks=5440, mouse callbacks=13314.
2026-10-08T10:01:16.5621206+09:00 Hook status (periodic): generation=82, enabled=True, emacsEnabled=True, emacsActive=True, keyboardCallbacks=5440, mouseCallbacks=13314, suppressed=128, injectionFailures=0, refreshRequested=False, sinceRefreshMs=20016, leftAlt=False/False/False, rightAlt=False/False/False, leftCtrl=False/False/False, rightCtrl=False/False/False, asyncAlt=False/False, asyncCtrl=False/False, capturedKeys=0, capsCaptured=False, otherKeysCount=0, droppedLogs=0.
2026-10-08T10:01:26.5664780+09:00 Hooks registered: generation=83, keyboard=0xFB901CD, mouse=0x142F0299, keyboard callbacks=5440, mouse callbacks=13314.
2026-10-08T10:01:46.6053983+09:00 Hook status (periodic): generation=83, enabled=True, emacsEnabled=True, emacsActive=True, keyboardCallbacks=5440, mouseCallbacks=13314, suppressed=128, injectionFailures=0, refreshRequested=False, sinceRefreshMs=20031, leftAlt=False/False/False, rightAlt=False/False/False, leftCtrl=False/False/False, rightCtrl=False/False/False, asyncAlt=False/False, asyncCtrl=False/False, capturedKeys=0, capsCaptured=False, otherKeysCount=0, droppedLogs=0.
2026-10-08T10:01:56.6109154+09:00 Hooks registered: generation=84, keyboard=0x1710E0D, mouse=0xA8D07C7, keyboard callbacks=5440, mouse callbacks=13314.
2026-10-08T10:02:16.6063056+09:00 Hook status (periodic): generation=84, enabled=True, emacsEnabled=True, emacsActive=True, keyboardCallbacks=5440, mouseCallbacks=13314, suppressed=128, injectionFailures=0, refreshRequested=False, sinceRefreshMs=20000, leftAlt=False/False/False, rightAlt=False/False/False, leftCtrl=False/False/False, rightCtrl=False/False/False, asyncAlt=False/False, asyncCtrl=False/False, capturedKeys=0, capsCaptured=False, otherKeysCount=0, droppedLogs=0.
2026-10-08T10:02:26.6087779+09:00 Hooks registered: generation=85, keyboard=0x5470241, mouse=0x9D70E21, keyboard callbacks=5440, mouse callbacks=13314.
2026-10-08T10:02:46.6359319+09:00 Hook status (periodic): generation=85, enabled=True, emacsEnabled=True, emacsActive=True, keyboardCallbacks=5440, mouseCallbacks=13314, suppressed=128, injectionFailures=0, refreshRequested=False, sinceRefreshMs=20032, leftAlt=False/False/False, rightAlt=False/False/False, leftCtrl=False/False/False, rightCtrl=False/False/False, asyncAlt=False/False, asyncCtrl=False/False, capturedKeys=0, capsCaptured=False, otherKeysCount=0, droppedLogs=0.
2026-10-08T10:02:56.6483054+09:00 Hooks registered: generation=86, keyboard=0xD88008D, mouse=0x7E80DD7, keyboard callbacks=5440, mouse callbacks=13314.
2026-10-08T10:03:16.6757637+09:00 Hook status (periodic): generation=86, enabled=True, emacsEnabled=True, emacsActive=True, keyboardCallbacks=5440, mouseCallbacks=13314, suppressed=128, injectionFailures=0, refreshRequested=False, sinceRefreshMs=20032, leftAlt=False/False/False, rightAlt=False/False/False, leftCtrl=False/False/False, rightCtrl=False/False/False, asyncAlt=False/False, asyncCtrl=False/False, capturedKeys=0, capsCaptured=False, otherKeysCount=0, droppedLogs=0.
2026-10-08T10:03:26.6921755+09:00 Hooks registered: generation=87, keyboard=0x33E0E29, mouse=0x110E01CD, keyboard callbacks=5440, mouse callbacks=13314.
2026-10-08T10:03:46.7045068+09:00 Hook status (periodic): generation=87, enabled=True, emacsEnabled=True, emacsActive=True, keyboardCallbacks=5440, mouseCallbacks=13314, suppressed=128, injectionFailures=0, refreshRequested=False, sinceRefreshMs=20000, leftAlt=False/False/False, rightAlt=False/False/False, leftCtrl=False/False/False, rightCtrl=False/False/False, asyncAlt=False/False, asyncCtrl=False/False, capturedKeys=0, capsCaptured=False, otherKeysCount=0, droppedLogs=0.
2026-10-08T10:03:56.6978734+09:00 Hooks registered: generation=88, keyboard=0x710CDF, mouse=0x86A0CD7, keyboard callbacks=5440, mouse callbacks=13314.
2026-10-08T10:04:16.7028563+09:00 Hook status (periodic): generation=88, enabled=True, emacsEnabled=True, emacsActive=True, keyboardCallbacks=5440, mouseCallbacks=13314, suppressed=128, injectionFailures=0, refreshRequested=False, sinceRefreshMs=20000, leftAlt=False/False/False, rightAlt=False/False/False, leftCtrl=False/False/False, rightCtrl=False/False/False, asyncAlt=False/False, asyncCtrl=False/False, capturedKeys=0, capsCaptured=False, otherKeysCount=0, droppedLogs=0.
2026-10-08T10:04:26.6977698+09:00 Hooks registered: generation=89, keyboard=0x8F0011B, mouse=0x79C0E15, keyboard callbacks=5440, mouse callbacks=13314.
2026-10-08T10:04:46.6920742+09:00 Hook status (periodic): generation=89, enabled=True, emacsEnabled=True, emacsActive=True, keyboardCallbacks=5440, mouseCallbacks=13314, suppressed=128, injectionFailures=0, refreshRequested=False, sinceRefreshMs=20000, leftAlt=False/False/False, rightAlt=False/False/False, leftCtrl=False/False/False, rightCtrl=False/False/False, asyncAlt=False/False, asyncCtrl=False/False, capturedKeys=0, capsCaptured=False, otherKeysCount=0, droppedLogs=0.
2026-10-08T10:04:56.6957609+09:00 Hooks registered: generation=90, keyboard=0x152308DF, mouse=0x1BB0CDF, keyboard callbacks=5440, mouse callbacks=13314.
2026-10-08T10:05:16.7186875+09:00 Hook status (periodic): generation=90, enabled=True, emacsEnabled=True, emacsActive=True, keyboardCallbacks=5440, mouseCallbacks=13723, suppressed=128, injectionFailures=0, refreshRequested=False, sinceRefreshMs=20016, leftAlt=False/False/False, rightAlt=False/False/False, leftCtrl=False/False/False, rightCtrl=False/False/False, asyncAlt=False/False, asyncCtrl=False/False, capturedKeys=0, capsCaptured=False, otherKeysCount=0, droppedLogs=0.
2026-10-08T10:05:26.7378733+09:00 Hooks registered: generation=91, keyboard=0x9130D93, mouse=0x116601CD, keyboard callbacks=5440, mouse callbacks=13724.
2026-10-08T10:05:46.7321041+09:00 Hook status (periodic): generation=91, enabled=True, emacsEnabled=True, emacsActive=True, keyboardCallbacks=5440, mouseCallbacks=13875, suppressed=128, injectionFailures=0, refreshRequested=False, sinceRefreshMs=19984, leftAlt=False/False/False, rightAlt=False/False/False, leftCtrl=False/False/False, rightCtrl=False/False/False, asyncAlt=False/False, asyncCtrl=False/False, capturedKeys=0, capsCaptured=False, otherKeysCount=0, droppedLogs=0.
2026-10-08T10:05:59.7367827+09:00 Hooks registered: generation=92, keyboard=0xF2903C1, mouse=0x1E0E2D, keyboard callbacks=5440, mouse callbacks=14080.
2026-10-08T10:06:16.7521767+09:00 Hook status (periodic): generation=92, enabled=True, emacsEnabled=True, emacsActive=True, keyboardCallbacks=5440, mouseCallbacks=14298, suppressed=128, injectionFailures=0, refreshRequested=False, sinceRefreshMs=17016, leftAlt=False/False/False, rightAlt=False/False/False, leftCtrl=False/False/False, rightCtrl=False/False/False, asyncAlt=False/False, asyncCtrl=False/False, capturedKeys=0, capsCaptured=False, otherKeysCount=0, droppedLogs=0.
2026-10-08T10:06:33.8226391+09:00 Hooks registered: generation=93, keyboard=0x9280CD7, mouse=0x9ED0D63, keyboard callbacks=5440, mouse callbacks=14636.
2026-10-08T10:06:46.8518855+09:00 Hook status (periodic): generation=93, enabled=True, emacsEnabled=True, emacsActive=True, keyboardCallbacks=5520, mouseCallbacks=14636, suppressed=134, injectionFailures=0, refreshRequested=False, sinceRefreshMs=13031, leftAlt=False/False/False, rightAlt=False/False/False, leftCtrl=False/False/False, rightCtrl=False/False/False, asyncAlt=False/False, asyncCtrl=False/False, capturedKeys=0, capsCaptured=False, otherKeysCount=0, droppedLogs=0.
2026-10-08T10:07:03.8873511+09:00 Hooks registered: generation=94, keyboard=0x11A101CD, mouse=0x14110E1D, keyboard callbacks=5564, mouse callbacks=14718.
2026-10-08T10:07:16.8953563+09:00 Hook status (periodic): generation=94, enabled=True, emacsEnabled=True, emacsActive=True, keyboardCallbacks=5564, mouseCallbacks=14996, suppressed=134, injectionFailures=0, refreshRequested=False, sinceRefreshMs=13015, leftAlt=False/False/False, rightAlt=False/False/False, leftCtrl=False/False/False, rightCtrl=False/False/False, asyncAlt=False/False, asyncCtrl=False/False, capturedKeys=0, capsCaptured=False, otherKeysCount=0, droppedLogs=0.
2026-10-08T10:07:33.9233199+09:00 Hooks registered: generation=95, keyboard=0x9F901BB, mouse=0xA1E0DD7, keyboard callbacks=5566, mouse callbacks=15241.
2026-10-08T10:07:46.9459767+09:00 Hook status (periodic): generation=95, enabled=True, emacsEnabled=True, emacsActive=True, keyboardCallbacks=5568, mouseCallbacks=15347, suppressed=134, injectionFailures=0, refreshRequested=False, sinceRefreshMs=13031, leftAlt=False/False/False, rightAlt=False/False/False, leftCtrl=False/False/False, rightCtrl=False/False/False, asyncAlt=False/False, asyncCtrl=False/False, capturedKeys=0, capsCaptured=False, otherKeysCount=0, droppedLogs=0.
2026-10-08T10:08:03.9513539+09:00 Hooks registered: generation=96, keyboard=0x83A0E1B, mouse=0x95F00E5, keyboard callbacks=5568, mouse callbacks=15483.
2026-10-08T10:08:16.9715940+09:00 Hook status (periodic): generation=96, enabled=True, emacsEnabled=True, emacsActive=True, keyboardCallbacks=5568, mouseCallbacks=15571, suppressed=134, injectionFailures=0, refreshRequested=False, sinceRefreshMs=13031, leftAlt=False/False/False, rightAlt=False/False/False, leftCtrl=False/False/False, rightCtrl=False/False/False, asyncAlt=False/False, asyncCtrl=False/False, capturedKeys=0, capsCaptured=False, otherKeysCount=0, droppedLogs=0.
2026-10-08T10:08:35.9760718+09:00 Hooks registered: generation=97, keyboard=0x4020CCD, mouse=0x41F0E17, keyboard callbacks=5568, mouse callbacks=15845.
2026-10-08T10:08:47.0077940+09:00 Hook status (periodic): generation=97, enabled=True, emacsEnabled=True, emacsActive=True, keyboardCallbacks=5568, mouseCallbacks=15850, suppressed=134, injectionFailures=0, refreshRequested=False, sinceRefreshMs=11032, leftAlt=False/False/False, rightAlt=False/False/False, leftCtrl=False/False/False, rightCtrl=False/False/False, asyncAlt=False/False, asyncCtrl=False/False, capturedKeys=0, capsCaptured=False, otherKeysCount=0, droppedLogs=0.
2026-10-08T10:09:06.0835727+09:00 Hooks registered: generation=98, keyboard=0x130501CD, mouse=0x3CB0E29, keyboard callbacks=5568, mouse callbacks=15910.
2026-10-08T10:09:17.0974859+09:00 Hook status (periodic): generation=98, enabled=True, emacsEnabled=True, emacsActive=True, keyboardCallbacks=5586, mouseCallbacks=15976, suppressed=136, injectionFailures=0, refreshRequested=False, sinceRefreshMs=11015, leftAlt=False/False/False, rightAlt=False/False/False, leftCtrl=False/False/False, rightCtrl=False/False/False, asyncAlt=False/False, asyncCtrl=False/False, capturedKeys=0, capsCaptured=False, otherKeysCount=0, droppedLogs=0.
2026-10-08T10:09:39.1092686+09:00 Hooks registered: generation=99, keyboard=0xD7C0E19, mouse=0xAA80D93, keyboard callbacks=5598, mouse callbacks=16680.
2026-10-08T10:09:47.1279215+09:00 Hook status (periodic): generation=99, enabled=True, emacsEnabled=True, emacsActive=True, keyboardCallbacks=5598, mouseCallbacks=16834, suppressed=136, injectionFailures=0, refreshRequested=False, sinceRefreshMs=8032, leftAlt=False/False/False, rightAlt=False/False/False, leftCtrl=False/False/False, rightCtrl=False/False/False, asyncAlt=False/False, asyncCtrl=False/False, capturedKeys=0, capsCaptured=False, otherKeysCount=0, droppedLogs=0.
2026-10-08T10:10:17.1588825+09:00 Hook status (periodic): generation=99, enabled=True, emacsEnabled=True, emacsActive=True, keyboardCallbacks=5626, mouseCallbacks=17889, suppressed=140, injectionFailures=0, refreshRequested=False, sinceRefreshMs=38047, leftAlt=False/False/False, rightAlt=False/False/False, leftCtrl=False/False/False, rightCtrl=False/False/False, asyncAlt=False/False, asyncCtrl=False/False, capturedKeys=0, capsCaptured=False, otherKeysCount=0, droppedLogs=0.
2026-10-08T10:10:26.1933145+09:00 Hooks registered: generation=100, keyboard=0xB800CE3, mouse=0x9330E23, keyboard callbacks=5660, mouse callbacks=17982.
2026-10-08T10:10:47.2287485+09:00 Hook status (periodic): generation=100, enabled=True, emacsEnabled=True, emacsActive=True, keyboardCallbacks=5660, mouseCallbacks=18305, suppressed=140, injectionFailures=0, refreshRequested=False, sinceRefreshMs=21031, leftAlt=False/False/False, rightAlt=False/False/False, leftCtrl=False/False/False, rightCtrl=False/False/False, asyncAlt=False/False, asyncCtrl=False/False, capturedKeys=0, capsCaptured=False, otherKeysCount=0, droppedLogs=0.
2026-10-08T10:10:56.2294806+09:00 Hooks registered: generation=101, keyboard=0xA32038B, mouse=0xEB60E19, keyboard callbacks=5660, mouse callbacks=18366.
2026-10-08T10:11:17.2704628+09:00 Hook status (periodic): generation=101, enabled=True, emacsEnabled=True, emacsActive=True, keyboardCallbacks=5684, mouseCallbacks=18645, suppressed=142, injectionFailures=0, refreshRequested=False, sinceRefreshMs=21047, leftAlt=False/False/False, rightAlt=False/False/False, leftCtrl=False/False/False, rightCtrl=False/False/False, asyncAlt=False/False, asyncCtrl=False/False, capturedKeys=0, capsCaptured=False, otherKeysCount=0, droppedLogs=0.
2026-10-08T10:11:26.2841377+09:00 Hooks registered: generation=102, keyboard=0x7BE0E33, mouse=0x4950CCD, keyboard callbacks=5684, mouse callbacks=18645.
2026-10-08T10:11:47.3214206+09:00 Hook status (periodic): generation=102, enabled=True, emacsEnabled=True, emacsActive=True, keyboardCallbacks=5684, mouseCallbacks=18645, suppressed=142, injectionFailures=0, refreshRequested=False, sinceRefreshMs=21031, leftAlt=False/False/False, rightAlt=False/False/False, leftCtrl=False/False/False, rightCtrl=False/False/False, asyncAlt=False/False, asyncCtrl=False/False, capturedKeys=0, capsCaptured=False, otherKeysCount=0, droppedLogs=0.
2026-10-08T10:11:56.3250347+09:00 Hooks registered: generation=103, keyboard=0x14C301CD, mouse=0xA8D0E21, keyboard callbacks=5684, mouse callbacks=18645.
2026-10-08T10:12:17.3877142+09:00 Hook status (periodic): generation=103, enabled=True, emacsEnabled=True, emacsActive=True, keyboardCallbacks=5684, mouseCallbacks=18645, suppressed=142, injectionFailures=0, refreshRequested=False, sinceRefreshMs=21063, leftAlt=False/False/False, rightAlt=False/False/False, leftCtrl=False/False/False, rightCtrl=False/False/False, asyncAlt=False/False, asyncCtrl=False/False, capturedKeys=0, capsCaptured=False, otherKeysCount=0, droppedLogs=0.
2026-10-08T10:12:26.4369035+09:00 Hooks registered: generation=104, keyboard=0x50A0E29, mouse=0x2E0E49, keyboard callbacks=5684, mouse callbacks=18645.
2026-10-08T10:12:47.4425397+09:00 Hook status (periodic): generation=104, enabled=True, emacsEnabled=True, emacsActive=True, keyboardCallbacks=5746, mouseCallbacks=18645, suppressed=146, injectionFailures=0, refreshRequested=False, sinceRefreshMs=21015, leftAlt=False/False/False, rightAlt=False/False/False, leftCtrl=False/False/False, rightCtrl=False/False/False, asyncAlt=False/False, asyncCtrl=False/False, capturedKeys=0, capsCaptured=False, otherKeysCount=0, droppedLogs=0.
2026-10-08T10:13:01.4514153+09:00 Hooks registered: generation=105, keyboard=0x152601CD, mouse=0x15960DA9, keyboard callbacks=5795, mouse callbacks=18645.
2026-10-08T10:13:17.4663052+09:00 Hook status (periodic): generation=105, enabled=True, emacsEnabled=True, emacsActive=True, keyboardCallbacks=5795, mouseCallbacks=18645, suppressed=148, injectionFailures=0, refreshRequested=False, sinceRefreshMs=16016, leftAlt=False/False/False, rightAlt=False/False/False, leftCtrl=False/False/False, rightCtrl=False/False/False, asyncAlt=False/False, asyncCtrl=False/False, capturedKeys=0, capsCaptured=False, otherKeysCount=0, droppedLogs=0.
2026-10-08T10:13:31.4751701+09:00 Hooks registered: generation=106, keyboard=0xF7E0E19, mouse=0xB560E21, keyboard callbacks=5795, mouse callbacks=18645.
2026-10-08T10:13:47.4732027+09:00 Hook status (periodic): generation=106, enabled=True, emacsEnabled=True, emacsActive=True, keyboardCallbacks=5795, mouseCallbacks=18645, suppressed=148, injectionFailures=0, refreshRequested=False, sinceRefreshMs=16000, leftAlt=False/False/False, rightAlt=False/False/False, leftCtrl=False/False/False, rightCtrl=False/False/False, asyncAlt=False/False, asyncCtrl=False/False, capturedKeys=0, capsCaptured=False, otherKeysCount=0, droppedLogs=0.
2026-10-08T10:14:01.5281768+09:00 Hooks registered: generation=107, keyboard=0x410DB6, mouse=0x420D9A, keyboard callbacks=5795, mouse callbacks=18645.
2026-10-08T10:14:17.5738628+09:00 Hook status (periodic): generation=107, enabled=True, emacsEnabled=True, emacsActive=True, keyboardCallbacks=5795, mouseCallbacks=18645, suppressed=148, injectionFailures=0, refreshRequested=False, sinceRefreshMs=16047, leftAlt=False/False/False, rightAlt=False/False/False, leftCtrl=False/False/False, rightCtrl=False/False/False, asyncAlt=False/False, asyncCtrl=False/False, capturedKeys=0, capsCaptured=False, otherKeysCount=0, droppedLogs=0.
2026-10-08T10:14:35.6004573+09:00 Hooks registered: generation=108, keyboard=0x10F10E19, mouse=0xE0C08E7, keyboard callbacks=5795, mouse callbacks=19076.
2026-10-08T10:14:47.5985192+09:00 Hook status (periodic): generation=108, enabled=True, emacsEnabled=True, emacsActive=True, keyboardCallbacks=5795, mouseCallbacks=19384, suppressed=148, injectionFailures=0, refreshRequested=False, sinceRefreshMs=12000, leftAlt=False/False/False, rightAlt=False/False/False, leftCtrl=False/False/False, rightCtrl=False/False/False, asyncAlt=False/False, asyncCtrl=False/False, capturedKeys=0, capsCaptured=False, otherKeysCount=0, droppedLogs=0.
2026-10-08T10:15:14.6078664+09:00 Hooks registered: generation=109, keyboard=0x42F0E3F, mouse=0x9F30E13, keyboard callbacks=5799, mouse callbacks=19843.
2026-10-08T10:15:17.6025250+09:00 Hook status (periodic): generation=109, enabled=True, emacsEnabled=True, emacsActive=True, keyboardCallbacks=5799, mouseCallbacks=19904, suppressed=148, injectionFailures=0, refreshRequested=False, sinceRefreshMs=3000, leftAlt=False/False/False, rightAlt=False/False/False, leftCtrl=False/False/False, rightCtrl=False/False/False, asyncAlt=False/False, asyncCtrl=False/False, capturedKeys=0, capsCaptured=False, otherKeysCount=0, droppedLogs=0.
2026-10-08T10:15:44.6077358+09:00 Hooks registered: generation=110, keyboard=0x780D7C, mouse=0x590DAC, keyboard callbacks=5799, mouse callbacks=19952.
2026-10-08T10:15:47.5979150+09:00 Hook status (periodic): generation=110, enabled=True, emacsEnabled=True, emacsActive=True, keyboardCallbacks=5799, mouseCallbacks=19952, suppressed=148, injectionFailures=0, refreshRequested=False, sinceRefreshMs=3000, leftAlt=False/False/False, rightAlt=False/False/False, leftCtrl=False/False/False, rightCtrl=False/False/False, asyncAlt=False/False, asyncCtrl=False/False, capturedKeys=0, capsCaptured=False, otherKeysCount=0, droppedLogs=0.
2026-10-08T10:16:14.6580067+09:00 Hooks registered: generation=111, keyboard=0x960DB6, mouse=0x2A0E12, keyboard callbacks=5799, mouse callbacks=20201.
2026-10-08T10:16:17.6474554+09:00 Hook status (periodic): generation=111, enabled=True, emacsEnabled=True, emacsActive=True, keyboardCallbacks=5799, mouseCallbacks=20201, suppressed=148, injectionFailures=0, refreshRequested=False, sinceRefreshMs=3000, leftAlt=False/False/False, rightAlt=False/False/False, leftCtrl=False/False/False, rightCtrl=False/False/False, asyncAlt=False/False, asyncCtrl=False/False, capturedKeys=0, capsCaptured=False, otherKeysCount=0, droppedLogs=0.
2026-10-08T10:16:44.6451139+09:00 Hooks registered: generation=112, keyboard=0x650E4C, mouse=0x50E16, keyboard callbacks=5799, mouse callbacks=20201.
2026-10-08T10:16:47.6547856+09:00 Hook status (periodic): generation=112, enabled=True, emacsEnabled=True, emacsActive=True, keyboardCallbacks=5799, mouseCallbacks=20201, suppressed=148, injectionFailures=0, refreshRequested=False, sinceRefreshMs=3000, leftAlt=False/False/False, rightAlt=False/False/False, leftCtrl=False/False/False, rightCtrl=False/False/False, asyncAlt=False/False, asyncCtrl=False/False, capturedKeys=0, capsCaptured=False, otherKeysCount=0, droppedLogs=0.
2026-10-08T10:17:14.6554618+09:00 Hooks registered: generation=113, keyboard=0x14900DD7, mouse=0x192E0E1D, keyboard callbacks=5799, mouse callbacks=20201.
2026-10-08T10:17:17.6492869+09:00 Hook status (periodic): generation=113, enabled=True, emacsEnabled=True, emacsActive=True, keyboardCallbacks=5799, mouseCallbacks=20201, suppressed=148, injectionFailures=0, refreshRequested=False, sinceRefreshMs=3000, leftAlt=False/False/False, rightAlt=False/False/False, leftCtrl=False/False/False, rightCtrl=False/False/False, asyncAlt=False/False, asyncCtrl=False/False, capturedKeys=0, capsCaptured=False, otherKeysCount=0, droppedLogs=0.
2026-10-08T10:17:44.6446712+09:00 Hooks registered: generation=114, keyboard=0x340E16, mouse=0x360DB2, keyboard callbacks=5799, mouse callbacks=20201.
2026-10-08T10:17:47.6458103+09:00 Hook status (periodic): generation=114, enabled=True, emacsEnabled=True, emacsActive=True, keyboardCallbacks=5799, mouseCallbacks=20201, suppressed=148, injectionFailures=0, refreshRequested=False, sinceRefreshMs=3000, leftAlt=False/False/False, rightAlt=False/False/False, leftCtrl=False/False/False, rightCtrl=False/False/False, asyncAlt=False/False, asyncCtrl=False/False, capturedKeys=0, capsCaptured=False, otherKeysCount=0, droppedLogs=0.
2026-10-08T10:18:14.6501905+09:00 Hooks registered: generation=115, keyboard=0x9C90E23, mouse=0x10550DEF, keyboard callbacks=5799, mouse callbacks=20201.
2026-10-08T10:18:17.6511555+09:00 Hook status (periodic): generation=115, enabled=True, emacsEnabled=True, emacsActive=True, keyboardCallbacks=5799, mouseCallbacks=20201, suppressed=148, injectionFailures=0, refreshRequested=False, sinceRefreshMs=3000, leftAlt=False/False/False, rightAlt=False/False/False, leftCtrl=False/False/False, rightCtrl=False/False/False, asyncAlt=False/False, asyncCtrl=False/False, capturedKeys=0, capsCaptured=False, otherKeysCount=0, droppedLogs=0.
2026-10-08T10:18:44.6845937+09:00 Hooks registered: generation=116, keyboard=0x1B50E49, mouse=0xCBE0C63, keyboard callbacks=5799, mouse callbacks=20201.
2026-10-08T10:18:47.6877339+09:00 Hook status (periodic): generation=116, enabled=True, emacsEnabled=True, emacsActive=True, keyboardCallbacks=5799, mouseCallbacks=20201, suppressed=148, injectionFailures=0, refreshRequested=False, sinceRefreshMs=3000, leftAlt=False/False/False, rightAlt=False/False/False, leftCtrl=False/False/False, rightCtrl=False/False/False, asyncAlt=False/False, asyncCtrl=False/False, capturedKeys=0, capsCaptured=False, otherKeysCount=0, droppedLogs=0.
2026-10-08T10:19:14.7190498+09:00 Hooks registered: generation=117, keyboard=0x17930E01, mouse=0xE3508E7, keyboard callbacks=5799, mouse callbacks=20488.
2026-10-08T10:19:17.7159347+09:00 Hook status (periodic): generation=117, enabled=True, emacsEnabled=True, emacsActive=True, keyboardCallbacks=5799, mouseCallbacks=20501, suppressed=148, injectionFailures=0, refreshRequested=False, sinceRefreshMs=3000, leftAlt=False/False/False, rightAlt=False/False/False, leftCtrl=False/False/False, rightCtrl=False/False/False, asyncAlt=False/False, asyncCtrl=False/False, capturedKeys=0, capsCaptured=False, otherKeysCount=0, droppedLogs=0.
2026-10-08T10:19:47.7710610+09:00 Hook status (periodic): generation=117, enabled=True, emacsEnabled=True, emacsActive=True, keyboardCallbacks=5827, mouseCallbacks=20630, suppressed=150, injectionFailures=0, refreshRequested=False, sinceRefreshMs=33062, leftAlt=False/False/False, rightAlt=False/False/False, leftCtrl=False/False/False, rightCtrl=False/False/False, asyncAlt=False/False, asyncCtrl=False/False, capturedKeys=0, capsCaptured=False, otherKeysCount=0, droppedLogs=0.
2026-10-08T10:19:47.7718004+09:00 Hooks registered: generation=118, keyboard=0xED10DF1, mouse=0x84600D1, keyboard callbacks=5827, mouse callbacks=20630.
2026-10-08T10:20:17.8281015+09:00 Hook status (periodic): generation=118, enabled=True, emacsEnabled=True, emacsActive=True, keyboardCallbacks=5827, mouseCallbacks=20630, suppressed=150, injectionFailures=0, refreshRequested=False, sinceRefreshMs=30047, leftAlt=False/False/False, rightAlt=False/False/False, leftCtrl=False/False/False, rightCtrl=False/False/False, asyncAlt=False/False, asyncCtrl=False/False, capturedKeys=0, capsCaptured=False, otherKeysCount=0, droppedLogs=0.
2026-10-08T10:20:17.8288032+09:00 Hooks registered: generation=119, keyboard=0x51B0CCD, mouse=0xA730E17, keyboard callbacks=5827, mouse callbacks=20630.
2026-10-08T10:20:47.8314421+09:00 Hook status (periodic): generation=119, enabled=True, emacsEnabled=True, emacsActive=True, keyboardCallbacks=5827, mouseCallbacks=20630, suppressed=150, injectionFailures=0, refreshRequested=False, sinceRefreshMs=30016, leftAlt=False/False/False, rightAlt=False/False/False, leftCtrl=False/False/False, rightCtrl=False/False/False, asyncAlt=False/False, asyncCtrl=False/False, capturedKeys=0, capsCaptured=False, otherKeysCount=0, droppedLogs=0.
2026-10-08T10:20:47.8317215+09:00 Hooks registered: generation=120, keyboard=0x1809C7, mouse=0x9B00D3F, keyboard callbacks=5827, mouse callbacks=20630.
2026-10-08T10:21:17.8988676+09:00 Hook status (periodic): generation=120, enabled=True, emacsEnabled=True, emacsActive=True, keyboardCallbacks=5975, mouseCallbacks=20630, suppressed=150, injectionFailures=0, refreshRequested=False, sinceRefreshMs=30062, leftAlt=False/False/False, rightAlt=False/False/False, leftCtrl=False/False/False, rightCtrl=False/False/False, asyncAlt=False/False, asyncCtrl=False/False, capturedKeys=0, capsCaptured=False, otherKeysCount=0, droppedLogs=0.
2026-10-08T10:21:20.8948313+09:00 Hooks registered: generation=121, keyboard=0x88A09D3, mouse=0x1D070DED, keyboard callbacks=5991, mouse callbacks=20630.
2026-10-08T10:21:47.8961639+09:00 Hook status (periodic): generation=121, enabled=True, emacsEnabled=True, emacsActive=True, keyboardCallbacks=6023, mouseCallbacks=20630, suppressed=150, injectionFailures=0, refreshRequested=False, sinceRefreshMs=27000, leftAlt=False/False/False, rightAlt=False/False/False, leftCtrl=False/False/False, rightCtrl=False/False/False, asyncAlt=False/False, asyncCtrl=False/False, capturedKeys=0, capsCaptured=False, otherKeysCount=0, droppedLogs=0.
2026-10-08T10:21:50.8984481+09:00 Hooks registered: generation=122, keyboard=0xC400D63, mouse=0x1B5708DF, keyboard callbacks=6023, mouse callbacks=20630.
2026-10-08T10:22:17.9511209+09:00 Hook status (periodic): generation=122, enabled=True, emacsEnabled=True, emacsActive=True, keyboardCallbacks=6023, mouseCallbacks=20630, suppressed=150, injectionFailures=0, refreshRequested=False, sinceRefreshMs=27047, leftAlt=False/False/False, rightAlt=False/False/False, leftCtrl=False/False/False, rightCtrl=False/False/False, asyncAlt=False/False, asyncCtrl=False/False, capturedKeys=0, capsCaptured=False, otherKeysCount=0, droppedLogs=0.
2026-10-08T10:22:20.9564595+09:00 Hooks registered: generation=123, keyboard=0x64A0CCD, mouse=0x14B70DF1, keyboard callbacks=6023, mouse callbacks=20630.
2026-10-08T10:22:48.0661233+09:00 Hook status (periodic): generation=123, enabled=True, emacsEnabled=True, emacsActive=True, keyboardCallbacks=6023, mouseCallbacks=20630, suppressed=150, injectionFailures=0, refreshRequested=False, sinceRefreshMs=27109, leftAlt=False/False/False, rightAlt=False/False/False, leftCtrl=False/False/False, rightCtrl=False/False/False, asyncAlt=False/False, asyncCtrl=False/False, capturedKeys=0, capsCaptured=False, otherKeysCount=0, droppedLogs=0.
2026-10-08T10:22:51.0802854+09:00 Hooks registered: generation=124, keyboard=0x1BA108DF, mouse=0x1DDC0DED, keyboard callbacks=6023, mouse callbacks=20630.
2026-10-08T10:23:18.0746490+09:00 Hook status (periodic): generation=124, enabled=True, emacsEnabled=True, emacsActive=True, keyboardCallbacks=6023, mouseCallbacks=20630, suppressed=150, injectionFailures=0, refreshRequested=False, sinceRefreshMs=27000, leftAlt=False/False/False, rightAlt=False/False/False, leftCtrl=False/False/False, rightCtrl=False/False/False, asyncAlt=False/False, asyncCtrl=False/False, capturedKeys=0, capsCaptured=False, otherKeysCount=0, droppedLogs=0.
2026-10-08T10:23:21.0736261+09:00 Hooks registered: generation=125, keyboard=0x193D0E01, mouse=0x11480BED, keyboard callbacks=6023, mouse callbacks=20630.
2026-10-08T10:23:48.0967507+09:00 Hook status (periodic): generation=125, enabled=True, emacsEnabled=True, emacsActive=True, keyboardCallbacks=6023, mouseCallbacks=20630, suppressed=150, injectionFailures=0, refreshRequested=False, sinceRefreshMs=27031, leftAlt=False/False/False, rightAlt=False/False/False, leftCtrl=False/False/False, rightCtrl=False/False/False, asyncAlt=False/False, asyncCtrl=False/False, capturedKeys=0, capsCaptured=False, otherKeysCount=0, droppedLogs=0.
2026-10-08T10:23:51.1002850+09:00 Hooks registered: generation=126, keyboard=0xC1B0E03, mouse=0x1D6208DF, keyboard callbacks=6023, mouse callbacks=20630.
2026-10-08T10:24:18.1718234+09:00 Hook status (periodic): generation=126, enabled=True, emacsEnabled=True, emacsActive=True, keyboardCallbacks=6027, mouseCallbacks=20652, suppressed=150, injectionFailures=0, refreshRequested=False, sinceRefreshMs=27063, leftAlt=False/False/False, rightAlt=False/False/False, leftCtrl=False/False/False, rightCtrl=False/False/False, asyncAlt=False/False, asyncCtrl=False/False, capturedKeys=0, capsCaptured=False, otherKeysCount=0, droppedLogs=0.
2026-10-08T10:24:48.1976135+09:00 Hook status (periodic): generation=126, enabled=True, emacsEnabled=True, emacsActive=True, keyboardCallbacks=6027, mouseCallbacks=22066, suppressed=150, injectionFailures=0, refreshRequested=False, sinceRefreshMs=57094, leftAlt=False/False/False, rightAlt=False/False/False, leftCtrl=False/False/False, rightCtrl=False/False/False, asyncAlt=False/False, asyncCtrl=False/False, capturedKeys=0, capsCaptured=False, otherKeysCount=0, droppedLogs=0.
2026-10-08T10:25:08.2309867+09:00 Hooks registered: generation=127, keyboard=0xF70F67, mouse=0x80E7D, keyboard callbacks=6027, mouse callbacks=22702.
2026-10-08T10:25:18.2813059+09:00 Hook status (periodic): generation=127, enabled=True, emacsEnabled=True, emacsActive=True, keyboardCallbacks=6027, mouseCallbacks=22826, suppressed=150, injectionFailures=0, refreshRequested=False, sinceRefreshMs=10047, leftAlt=False/False/False, rightAlt=False/False/False, leftCtrl=False/False/False, rightCtrl=False/False/False, asyncAlt=False/False, asyncCtrl=False/False, capturedKeys=0, capsCaptured=False, otherKeysCount=0, droppedLogs=0.
2026-10-08T10:25:44.2802641+09:00 Hooks registered: generation=128, keyboard=0x310F95, mouse=0x2140EBB, keyboard callbacks=6027, mouse callbacks=23586.
2026-10-08T10:25:48.2813334+09:00 Hook status (periodic): generation=128, enabled=True, emacsEnabled=True, emacsActive=True, keyboardCallbacks=6027, mouseCallbacks=23591, suppressed=150, injectionFailures=0, refreshRequested=False, sinceRefreshMs=4000, leftAlt=False/False/False, rightAlt=False/False/False, leftCtrl=False/False/False, rightCtrl=False/False/False, asyncAlt=False/False, asyncCtrl=False/False, capturedKeys=0, capsCaptured=False, otherKeysCount=0, droppedLogs=0.
2026-10-08T10:26:14.3235034+09:00 Hooks registered: generation=129, keyboard=0x4B0ED1, mouse=0x110EF1, keyboard callbacks=6055, mouse callbacks=23669.
2026-10-08T10:26:18.3172215+09:00 Hook status (periodic): generation=129, enabled=True, emacsEnabled=True, emacsActive=True, keyboardCallbacks=6055, mouseCallbacks=23669, suppressed=152, injectionFailures=0, refreshRequested=False, sinceRefreshMs=4000, leftAlt=False/False/False, rightAlt=False/False/False, leftCtrl=False/False/False, rightCtrl=False/False/False, asyncAlt=False/False, asyncCtrl=False/False, capturedKeys=0, capsCaptured=False, otherKeysCount=0, droppedLogs=0.
2026-10-08T10:26:46.3374820+09:00 Hooks registered: generation=130, keyboard=0x430EF3, mouse=0x1390EC1, keyboard callbacks=6055, mouse callbacks=23811.
2026-10-08T10:26:48.3375531+09:00 Hook status (periodic): generation=130, enabled=True, emacsEnabled=True, emacsActive=True, keyboardCallbacks=6055, mouseCallbacks=23838, suppressed=152, injectionFailures=0, refreshRequested=False, sinceRefreshMs=2000, leftAlt=False/False/False, rightAlt=False/False/False, leftCtrl=False/False/False, rightCtrl=False/False/False, asyncAlt=False/False, asyncCtrl=False/False, capturedKeys=0, capsCaptured=False, otherKeysCount=0, droppedLogs=0.
2026-10-08T10:27:16.3523330+09:00 Hooks registered: generation=131, keyboard=0x12B0F67, mouse=0x200EC5, keyboard callbacks=6057, mouse callbacks=24381.
2026-10-08T10:27:18.3729860+09:00 Hook status (periodic): generation=131, enabled=True, emacsEnabled=True, emacsActive=True, keyboardCallbacks=6057, mouseCallbacks=24412, suppressed=152, injectionFailures=0, refreshRequested=False, sinceRefreshMs=2016, leftAlt=False/False/False, rightAlt=False/False/False, leftCtrl=False/False/False, rightCtrl=False/False/False, asyncAlt=False/False, asyncCtrl=False/False, capturedKeys=0, capsCaptured=False, otherKeysCount=0, droppedLogs=0.
2026-10-08T10:27:48.4248150+09:00 Hook status (periodic): generation=131, enabled=True, emacsEnabled=True, emacsActive=True, keyboardCallbacks=6057, mouseCallbacks=24680, suppressed=152, injectionFailures=0, refreshRequested=False, sinceRefreshMs=32079, leftAlt=False/False/False, rightAlt=False/False/False, leftCtrl=False/False/False, rightCtrl=False/False/False, asyncAlt=False/False, asyncCtrl=False/False, capturedKeys=0, capsCaptured=False, otherKeysCount=0, droppedLogs=0.
2026-10-08T10:27:48.4252895+09:00 Hooks registered: generation=132, keyboard=0x900E8D, mouse=0x3AF0F5B, keyboard callbacks=6057, mouse callbacks=24680.
2026-10-08T10:28:18.4730218+09:00 Hook status (periodic): generation=132, enabled=True, emacsEnabled=True, emacsActive=True, keyboardCallbacks=6057, mouseCallbacks=24687, suppressed=152, injectionFailures=0, refreshRequested=False, sinceRefreshMs=30046, leftAlt=False/False/False, rightAlt=False/False/False, leftCtrl=False/False/False, rightCtrl=False/False/False, asyncAlt=False/False, asyncCtrl=False/False, capturedKeys=0, capsCaptured=False, otherKeysCount=0, droppedLogs=0.
2026-10-08T10:28:18.4735154+09:00 Hooks registered: generation=133, keyboard=0x132503B9, mouse=0x210EC5, keyboard callbacks=6057, mouse callbacks=24687.
2026-10-08T10:28:48.5730431+09:00 Hook status (periodic): generation=133, enabled=True, emacsEnabled=True, emacsActive=True, keyboardCallbacks=6061, mouseCallbacks=24820, suppressed=152, injectionFailures=0, refreshRequested=False, sinceRefreshMs=30094, leftAlt=False/False/False, rightAlt=False/False/False, leftCtrl=False/False/False, rightCtrl=False/False/False, asyncAlt=False/False, asyncCtrl=False/False, capturedKeys=0, capsCaptured=False, otherKeysCount=0, droppedLogs=0.
2026-10-08T10:28:48.5733569+09:00 Hooks registered: generation=134, keyboard=0x55E0F29, mouse=0x860EF5, keyboard callbacks=6061, mouse callbacks=24820.
2026-10-08T10:29:18.5697065+09:00 Hook status (periodic): generation=134, enabled=True, emacsEnabled=True, emacsActive=True, keyboardCallbacks=6061, mouseCallbacks=24820, suppressed=152, injectionFailures=0, refreshRequested=False, sinceRefreshMs=30000, leftAlt=False/False/False, rightAlt=False/False/False, leftCtrl=False/False/False, rightCtrl=False/False/False, asyncAlt=False/False, asyncCtrl=False/False, capturedKeys=0, capsCaptured=False, otherKeysCount=0, droppedLogs=0.
2026-10-08T10:29:18.5701205+09:00 Hooks registered: generation=135, keyboard=0xA650D3F, mouse=0x1580F31, keyboard callbacks=6061, mouse callbacks=24820.
2026-10-08T10:29:48.5714594+09:00 Hook status (periodic): generation=135, enabled=True, emacsEnabled=True, emacsActive=True, keyboardCallbacks=6061, mouseCallbacks=24820, suppressed=152, injectionFailures=0, refreshRequested=False, sinceRefreshMs=30000, leftAlt=False/False/False, rightAlt=False/False/False, leftCtrl=False/False/False, rightCtrl=False/False/False, asyncAlt=False/False, asyncCtrl=False/False, capturedKeys=0, capsCaptured=False, otherKeysCount=0, droppedLogs=0.
2026-10-08T10:29:48.5717687+09:00 Hooks registered: generation=136, keyboard=0x410EDD, mouse=0x3370E09, keyboard callbacks=6061, mouse callbacks=24820.
2026-10-08T10:30:18.6135998+09:00 Hook status (periodic): generation=136, enabled=True, emacsEnabled=True, emacsActive=True, keyboardCallbacks=6061, mouseCallbacks=25102, suppressed=152, injectionFailures=0, refreshRequested=False, sinceRefreshMs=30047, leftAlt=False/False/False, rightAlt=False/False/False, leftCtrl=False/False/False, rightCtrl=False/False/False, asyncAlt=False/False, asyncCtrl=False/False, capturedKeys=0, capsCaptured=False, otherKeysCount=0, droppedLogs=0.
2026-10-08T10:30:19.6205059+09:00 Hooks registered: generation=137, keyboard=0x105403C1, mouse=0x1910ED1, keyboard callbacks=6061, mouse callbacks=25102.
2026-10-08T10:30:48.6481104+09:00 Hook status (periodic): generation=137, enabled=True, emacsEnabled=True, emacsActive=True, keyboardCallbacks=6063, mouseCallbacks=25102, suppressed=152, injectionFailures=0, refreshRequested=False, sinceRefreshMs=29031, leftAlt=False/False/False, rightAlt=False/False/False, leftCtrl=False/False/False, rightCtrl=False/False/False, asyncAlt=False/False, asyncCtrl=False/False, capturedKeys=0, capsCaptured=False, otherKeysCount=0, droppedLogs=0.
2026-10-08T10:30:49.6489814+09:00 Hooks registered: generation=138, keyboard=0x9C0ECD, mouse=0x2FD0F75, keyboard callbacks=6063, mouse callbacks=25102.
2026-10-08T10:31:18.6993142+09:00 Hook status (periodic): generation=138, enabled=True, emacsEnabled=True, emacsActive=True, keyboardCallbacks=6065, mouseCallbacks=25158, suppressed=152, injectionFailures=0, refreshRequested=False, sinceRefreshMs=29047, leftAlt=False/False/False, rightAlt=False/False/False, leftCtrl=False/False/False, rightCtrl=False/False/False, asyncAlt=False/False, asyncCtrl=False/False, capturedKeys=0, capsCaptured=False, otherKeysCount=0, droppedLogs=0.
2026-10-08T10:31:19.7050255+09:00 Hooks registered: generation=139, keyboard=0x4530F5B, mouse=0x1C20E8B, keyboard callbacks=6065, mouse callbacks=25158.
2026-10-08T10:31:48.6982218+09:00 Hook status (periodic): generation=139, enabled=True, emacsEnabled=True, emacsActive=True, keyboardCallbacks=6161, mouseCallbacks=25158, suppressed=156, injectionFailures=0, refreshRequested=False, sinceRefreshMs=29000, leftAlt=False/False/False, rightAlt=False/False/False, leftCtrl=False/False/False, rightCtrl=False/False/False, asyncAlt=False/False, asyncCtrl=False/False, capturedKeys=0, capsCaptured=False, otherKeysCount=0, droppedLogs=0.
2026-10-08T10:31:49.7000917+09:00 Hooks registered: generation=140, keyboard=0xB10F2F, mouse=0x38C0EC1, keyboard callbacks=6161, mouse callbacks=25158.
2026-10-08T10:32:18.7054792+09:00 Hook status (periodic): generation=140, enabled=True, emacsEnabled=True, emacsActive=True, keyboardCallbacks=6161, mouseCallbacks=25158, suppressed=156, injectionFailures=0, refreshRequested=False, sinceRefreshMs=29000, leftAlt=False/False/False, rightAlt=False/False/False, leftCtrl=False/False/False, rightCtrl=False/False/False, asyncAlt=False/False, asyncCtrl=False/False, capturedKeys=0, capsCaptured=False, otherKeysCount=0, droppedLogs=0.
2026-10-08T10:32:19.7000532+09:00 Hooks registered: generation=141, keyboard=0x5900DE9, mouse=0x3370F75, keyboard callbacks=6161, mouse callbacks=25158.
2026-10-08T10:32:48.7663323+09:00 Hook status (periodic): generation=141, enabled=True, emacsEnabled=True, emacsActive=True, keyboardCallbacks=6161, mouseCallbacks=25158, suppressed=156, injectionFailures=0, refreshRequested=False, sinceRefreshMs=29063, leftAlt=False/False/False, rightAlt=False/False/False, leftCtrl=False/False/False, rightCtrl=False/False/False, asyncAlt=False/False, asyncCtrl=False/False, capturedKeys=0, capsCaptured=False, otherKeysCount=0, droppedLogs=0.
2026-10-08T10:32:49.7839914+09:00 Hooks registered: generation=142, keyboard=0x5180E8B, mouse=0x16E401CD, keyboard callbacks=6161, mouse callbacks=25158.
2026-10-08T10:33:18.7775698+09:00 Hook status (periodic): generation=142, enabled=True, emacsEnabled=True, emacsActive=True, keyboardCallbacks=6161, mouseCallbacks=25158, suppressed=156, injectionFailures=0, refreshRequested=False, sinceRefreshMs=28984, leftAlt=False/False/False, rightAlt=False/False/False, leftCtrl=False/False/False, rightCtrl=False/False/False, asyncAlt=False/False, asyncCtrl=False/False, capturedKeys=0, capsCaptured=False, otherKeysCount=0, droppedLogs=0.
2026-10-08T10:33:20.7759573+09:00 Hooks registered: generation=143, keyboard=0x6330F71, mouse=0xFEC0CCD, keyboard callbacks=6161, mouse callbacks=25158.
2026-10-08T10:33:48.8292351+09:00 Hook status (periodic): generation=143, enabled=True, emacsEnabled=True, emacsActive=True, keyboardCallbacks=6161, mouseCallbacks=25861, suppressed=156, injectionFailures=0, refreshRequested=False, sinceRefreshMs=28047, leftAlt=False/False/False, rightAlt=False/False/False, leftCtrl=False/False/False, rightCtrl=False/False/False, asyncAlt=False/False, asyncCtrl=False/False, capturedKeys=0, capsCaptured=False, otherKeysCount=0, droppedLogs=0.
2026-10-08T10:33:56.8299396+09:00 Hooks registered: generation=144, keyboard=0x3E00F61, mouse=0x14C0F69, keyboard callbacks=6161, mouse callbacks=26180.
2026-10-08T10:34:18.8495990+09:00 Hook status (periodic): generation=144, enabled=True, emacsEnabled=True, emacsActive=True, keyboardCallbacks=6161, mouseCallbacks=26263, suppressed=156, injectionFailures=0, refreshRequested=False, sinceRefreshMs=22031, leftAlt=False/False/False, rightAlt=False/False/False, leftCtrl=False/False/False, rightCtrl=False/False/False, asyncAlt=False/False, asyncCtrl=False/False, capturedKeys=0, capsCaptured=False, otherKeysCount=0, droppedLogs=0.
2026-10-08T10:34:26.8596409+09:00 Hooks registered: generation=145, keyboard=0x4D0E7B, mouse=0xA230E2B, keyboard callbacks=6161, mouse callbacks=26263.
2026-10-08T10:34:48.8616865+09:00 Hook status (periodic): generation=145, enabled=True, emacsEnabled=True, emacsActive=True, keyboardCallbacks=6161, mouseCallbacks=26263, suppressed=156, injectionFailures=0, refreshRequested=False, sinceRefreshMs=22000, leftAlt=False/False/False, rightAlt=False/False/False, leftCtrl=False/False/False, rightCtrl=False/False/False, asyncAlt=False/False, asyncCtrl=False/False, capturedKeys=0, capsCaptured=False, otherKeysCount=0, droppedLogs=0.
2026-10-08T10:34:56.8494297+09:00 Hooks registered: generation=146, keyboard=0x6110DE9, mouse=0x18560C71, keyboard callbacks=6161, mouse callbacks=26263.
2026-10-08T10:35:18.8570913+09:00 Hook status (periodic): generation=146, enabled=True, emacsEnabled=True, emacsActive=True, keyboardCallbacks=6161, mouseCallbacks=26263, suppressed=156, injectionFailures=0, refreshRequested=False, sinceRefreshMs=22000, leftAlt=False/False/False, rightAlt=False/False/False, leftCtrl=False/False/False, rightCtrl=False/False/False, asyncAlt=False/False, asyncCtrl=False/False, capturedKeys=0, capsCaptured=False, otherKeysCount=0, droppedLogs=0.
2026-10-08T10:35:26.8590270+09:00 Hooks registered: generation=147, keyboard=0x940F05, mouse=0x125A0DEF, keyboard callbacks=6161, mouse callbacks=26263.
2026-10-08T10:35:48.8917542+09:00 Hook status (periodic): generation=147, enabled=True, emacsEnabled=True, emacsActive=True, keyboardCallbacks=6161, mouseCallbacks=26263, suppressed=156, injectionFailures=0, refreshRequested=False, sinceRefreshMs=22032, leftAlt=False/False/False, rightAlt=False/False/False, leftCtrl=False/False/False, rightCtrl=False/False/False, asyncAlt=False/False, asyncCtrl=False/False, capturedKeys=0, capsCaptured=False, otherKeysCount=0, droppedLogs=0.
2026-10-08T10:35:56.9210943+09:00 Hooks registered: generation=148, keyboard=0x3350D07, mouse=0x690ED3, keyboard callbacks=6161, mouse callbacks=26263.
2026-10-08T10:36:18.9552578+09:00 Hook status (periodic): generation=148, enabled=True, emacsEnabled=True, emacsActive=True, keyboardCallbacks=6161, mouseCallbacks=26263, suppressed=156, injectionFailures=0, refreshRequested=False, sinceRefreshMs=22031, leftAlt=False/False/False, rightAlt=False/False/False, leftCtrl=False/False/False, rightCtrl=False/False/False, asyncAlt=False/False, asyncCtrl=False/False, capturedKeys=0, capsCaptured=False, otherKeysCount=0, droppedLogs=0.
2026-10-08T10:36:26.9738807+09:00 Hooks registered: generation=149, keyboard=0x4220D19, mouse=0xE30F05, keyboard callbacks=6161, mouse callbacks=26263.
2026-10-08T10:36:48.9851433+09:00 Hook status (periodic): generation=149, enabled=True, emacsEnabled=True, emacsActive=True, keyboardCallbacks=6161, mouseCallbacks=26263, suppressed=156, injectionFailures=0, refreshRequested=False, sinceRefreshMs=22000, leftAlt=False/False/False, rightAlt=False/False/False, leftCtrl=False/False/False, rightCtrl=False/False/False, asyncAlt=False/False, asyncCtrl=False/False, capturedKeys=0, capsCaptured=False, otherKeysCount=0, droppedLogs=0.
2026-10-08T10:36:56.9821963+09:00 Hooks registered: generation=150, keyboard=0x3F20E2D, mouse=0x5720E8B, keyboard callbacks=6161, mouse callbacks=26263.
2026-10-08T10:37:19.0112270+09:00 Hook status (periodic): generation=150, enabled=True, emacsEnabled=True, emacsActive=True, keyboardCallbacks=6161, mouseCallbacks=26263, suppressed=156, injectionFailures=0, refreshRequested=False, sinceRefreshMs=22032, leftAlt=False/False/False, rightAlt=False/False/False, leftCtrl=False/False/False, rightCtrl=False/False/False, asyncAlt=False/False, asyncCtrl=False/False, capturedKeys=0, capsCaptured=False, otherKeysCount=0, droppedLogs=0.
2026-10-08T10:37:27.0276336+09:00 Hooks registered: generation=151, keyboard=0x3330EEB, mouse=0x1B5D0E1D, keyboard callbacks=6161, mouse callbacks=26263.
2026-10-08T10:37:49.0392263+09:00 Hook status (periodic): generation=151, enabled=True, emacsEnabled=True, emacsActive=True, keyboardCallbacks=6161, mouseCallbacks=26263, suppressed=156, injectionFailures=0, refreshRequested=False, sinceRefreshMs=22016, leftAlt=False/False/False, rightAlt=False/False/False, leftCtrl=False/False/False, rightCtrl=False/False/False, asyncAlt=False/False, asyncCtrl=False/False, capturedKeys=0, capsCaptured=False, otherKeysCount=0, droppedLogs=0.
2026-10-08T10:37:57.0651911+09:00 Hooks registered: generation=152, keyboard=0xB490E2B, mouse=0x4E10F5B, keyboard callbacks=6161, mouse callbacks=26263.
2026-10-08T10:38:19.0761141+09:00 Hook status (periodic): generation=152, enabled=True, emacsEnabled=True, emacsActive=True, keyboardCallbacks=6161, mouseCallbacks=26263, suppressed=156, injectionFailures=0, refreshRequested=False, sinceRefreshMs=22015, leftAlt=False/False/False, rightAlt=False/False/False, leftCtrl=False/False/False, rightCtrl=False/False/False, asyncAlt=False/False, asyncCtrl=False/False, capturedKeys=0, capsCaptured=False, otherKeysCount=0, droppedLogs=0.
2026-10-08T10:38:27.0654470+09:00 Hooks registered: generation=153, keyboard=0x4370E8D, mouse=0x1D40EC7, keyboard callbacks=6161, mouse callbacks=26263.
2026-10-08T10:38:49.0714694+09:00 Hook status (periodic): generation=153, enabled=True, emacsEnabled=True, emacsActive=True, keyboardCallbacks=6161, mouseCallbacks=26263, suppressed=156, injectionFailures=0, refreshRequested=False, sinceRefreshMs=22000, leftAlt=False/False/False, rightAlt=False/False/False, leftCtrl=False/False/False, rightCtrl=False/False/False, asyncAlt=False/False, asyncCtrl=False/False, capturedKeys=0, capsCaptured=False, otherKeysCount=0, droppedLogs=0.
2026-10-08T10:38:57.0730727+09:00 Hooks registered: generation=154, keyboard=0x52E09ED, mouse=0x1040EA3, keyboard callbacks=6161, mouse callbacks=26263.
2026-10-08T10:39:19.1078180+09:00 Hook status (periodic): generation=154, enabled=True, emacsEnabled=True, emacsActive=True, keyboardCallbacks=6161, mouseCallbacks=26263, suppressed=156, injectionFailures=0, refreshRequested=False, sinceRefreshMs=22031, leftAlt=False/False/False, rightAlt=False/False/False, leftCtrl=False/False/False, rightCtrl=False/False/False, asyncAlt=False/False, asyncCtrl=False/False, capturedKeys=0, capsCaptured=False, otherKeysCount=0, droppedLogs=0.
2026-10-08T10:39:27.1210143+09:00 Hooks registered: generation=155, keyboard=0x2390EC7, mouse=0x6940F5B, keyboard callbacks=6161, mouse callbacks=26263.
2026-10-08T10:39:49.1548491+09:00 Hook status (periodic): generation=155, enabled=True, emacsEnabled=True, emacsActive=True, keyboardCallbacks=6161, mouseCallbacks=26263, suppressed=156, injectionFailures=0, refreshRequested=False, sinceRefreshMs=22031, leftAlt=False/False/False, rightAlt=False/False/False, leftCtrl=False/False/False, rightCtrl=False/False/False, asyncAlt=False/False, asyncCtrl=False/False, capturedKeys=0, capsCaptured=False, otherKeysCount=0, droppedLogs=0.
2026-10-08T10:39:57.1585810+09:00 Hooks registered: generation=156, keyboard=0x9040E29, mouse=0xAF0EC9, keyboard callbacks=6161, mouse callbacks=26263.
2026-10-08T10:40:19.1505821+09:00 Hook status (periodic): generation=156, enabled=True, emacsEnabled=True, emacsActive=True, keyboardCallbacks=6161, mouseCallbacks=26497, suppressed=156, injectionFailures=0, refreshRequested=False, sinceRefreshMs=22000, leftAlt=False/False/False, rightAlt=False/False/False, leftCtrl=False/False/False, rightCtrl=False/False/False, asyncAlt=False/False, asyncCtrl=False/False, capturedKeys=0, capsCaptured=False, otherKeysCount=0, droppedLogs=0.
2026-10-08T10:40:36.1642500+09:00 Hooks registered: generation=157, keyboard=0xE460DFF, mouse=0x8770E71, keyboard callbacks=6255, mouse callbacks=26587.
2026-10-08T10:40:49.1980061+09:00 Hook status (periodic): generation=157, enabled=True, emacsEnabled=True, emacsActive=True, keyboardCallbacks=6255, mouseCallbacks=26852, suppressed=158, injectionFailures=0, refreshRequested=False, sinceRefreshMs=13031, leftAlt=False/False/False, rightAlt=False/False/False, leftCtrl=False/False/False, rightCtrl=False/False/False, asyncAlt=False/False, asyncCtrl=False/False, capturedKeys=0, capsCaptured=False, otherKeysCount=0, droppedLogs=0.
2026-10-08T10:41:06.2288315+09:00 Hooks registered: generation=158, keyboard=0x1480E9D, mouse=0x13DD0E91, keyboard callbacks=6255, mouse callbacks=27428.
2026-10-08T10:41:19.2402265+09:00 Hook status (periodic): generation=158, enabled=True, emacsEnabled=True, emacsActive=True, keyboardCallbacks=6255, mouseCallbacks=27428, suppressed=158, injectionFailures=0, refreshRequested=False, sinceRefreshMs=13016, leftAlt=False/False/False, rightAlt=False/False/False, leftCtrl=False/False/False, rightCtrl=False/False/False, asyncAlt=False/False, asyncCtrl=False/False, capturedKeys=0, capsCaptured=False, otherKeysCount=0, droppedLogs=0.
2026-10-08T10:41:36.2770138+09:00 Hooks registered: generation=159, keyboard=0x4B20E8D, mouse=0x9640E29, keyboard callbacks=6255, mouse callbacks=27428.
2026-10-08T10:41:49.2769009+09:00 Hook status (periodic): generation=159, enabled=True, emacsEnabled=True, emacsActive=True, keyboardCallbacks=6255, mouseCallbacks=27428, suppressed=158, injectionFailures=0, refreshRequested=False, sinceRefreshMs=13000, leftAlt=False/False/False, rightAlt=False/False/False, leftCtrl=False/False/False, rightCtrl=False/False/False, asyncAlt=False/False, asyncCtrl=False/False, capturedKeys=0, capsCaptured=False, otherKeysCount=0, droppedLogs=0.
2026-10-08T10:42:06.3037781+09:00 Hooks registered: generation=160, keyboard=0x3770EFD, mouse=0x4DD0EDD, keyboard callbacks=6255, mouse callbacks=27649.
2026-10-08T10:42:19.3264929+09:00 Hook status (periodic): generation=160, enabled=True, emacsEnabled=True, emacsActive=True, keyboardCallbacks=6255, mouseCallbacks=27840, suppressed=158, injectionFailures=0, refreshRequested=False, sinceRefreshMs=13015, leftAlt=False/False/False, rightAlt=False/False/False, leftCtrl=False/False/False, rightCtrl=False/False/False, asyncAlt=False/False, asyncCtrl=False/False, capturedKeys=0, capsCaptured=False, otherKeysCount=0, droppedLogs=0.
2026-10-08T10:42:36.3326863+09:00 Hooks registered: generation=161, keyboard=0xF2E0EF9, mouse=0x5070E8D, keyboard callbacks=6259, mouse callbacks=27882.
2026-10-08T10:42:49.3401853+09:00 Hook status (periodic): generation=161, enabled=True, emacsEnabled=True, emacsActive=True, keyboardCallbacks=6259, mouseCallbacks=27882, suppressed=158, injectionFailures=0, refreshRequested=False, sinceRefreshMs=13000, leftAlt=False/False/False, rightAlt=False/False/False, leftCtrl=False/False/False, rightCtrl=False/False/False, asyncAlt=False/False, asyncCtrl=False/False, capturedKeys=0, capsCaptured=False, otherKeysCount=0, droppedLogs=0.
2026-10-08T10:43:06.3649142+09:00 Hooks registered: generation=162, keyboard=0xFBD038B, mouse=0x1540ED9, keyboard callbacks=6263, mouse callbacks=27882.
2026-10-08T10:43:19.3941136+09:00 Hook status (periodic): generation=162, enabled=True, emacsEnabled=True, emacsActive=True, keyboardCallbacks=6263, mouseCallbacks=27882, suppressed=158, injectionFailures=0, refreshRequested=False, sinceRefreshMs=13031, leftAlt=False/False/False, rightAlt=False/False/False, leftCtrl=False/False/False, rightCtrl=False/False/False, asyncAlt=False/False, asyncCtrl=False/False, capturedKeys=0, capsCaptured=False, otherKeysCount=0, droppedLogs=0.
2026-10-08T10:43:36.4062640+09:00 Hooks registered: generation=163, keyboard=0x28702B1, mouse=0x6000E3F, keyboard callbacks=6263, mouse callbacks=27882.
2026-10-08T10:43:49.4057456+09:00 Hook status (periodic): generation=163, enabled=True, emacsEnabled=True, emacsActive=True, keyboardCallbacks=6267, mouseCallbacks=27882, suppressed=158, injectionFailures=0, refreshRequested=False, sinceRefreshMs=13000, leftAlt=False/False/False, rightAlt=False/False/False, leftCtrl=False/False/False, rightCtrl=False/False/False, asyncAlt=False/False, asyncCtrl=False/False, capturedKeys=0, capsCaptured=False, otherKeysCount=0, droppedLogs=0.
2026-10-08T10:44:06.4203860+09:00 Hooks registered: generation=164, keyboard=0x1C30ED9, mouse=0x64F0F31, keyboard callbacks=6267, mouse callbacks=28107.
2026-10-08T10:44:19.4670072+09:00 Hook status (periodic): generation=164, enabled=True, emacsEnabled=True, emacsActive=True, keyboardCallbacks=6267, mouseCallbacks=28175, suppressed=158, injectionFailures=0, refreshRequested=False, sinceRefreshMs=13047, leftAlt=False/False/False, rightAlt=False/False/False, leftCtrl=False/False/False, rightCtrl=False/False/False, asyncAlt=False/False, asyncCtrl=False/False, capturedKeys=0, capsCaptured=False, otherKeysCount=0, droppedLogs=0.
2026-10-08T10:44:36.4979121+09:00 Hooks registered: generation=165, keyboard=0xA60F81, mouse=0x90C81, keyboard callbacks=6267, mouse callbacks=28237.
2026-10-08T10:44:49.5295761+09:00 Hook status (periodic): generation=165, enabled=True, emacsEnabled=True, emacsActive=True, keyboardCallbacks=6267, mouseCallbacks=28237, suppressed=158, injectionFailures=0, refreshRequested=False, sinceRefreshMs=13031, leftAlt=False/False/False, rightAlt=False/False/False, leftCtrl=False/False/False, rightCtrl=False/False/False, asyncAlt=False/False, asyncCtrl=False/False, capturedKeys=0, capsCaptured=False, otherKeysCount=0, droppedLogs=0.
2026-10-08T10:45:06.5259366+09:00 Hooks registered: generation=166, keyboard=0x200E5F, mouse=0x47022F, keyboard callbacks=6267, mouse callbacks=28237.
2026-10-08T10:45:19.5201528+09:00 Hook status (periodic): generation=166, enabled=True, emacsEnabled=True, emacsActive=True, keyboardCallbacks=6267, mouseCallbacks=28243, suppressed=158, injectionFailures=0, refreshRequested=False, sinceRefreshMs=13000, leftAlt=False/False/False, rightAlt=False/False/False, leftCtrl=False/False/False, rightCtrl=False/False/False, asyncAlt=False/False, asyncCtrl=False/False, capturedKeys=0, capsCaptured=False, otherKeysCount=0, droppedLogs=0.
2026-10-08T10:45:36.5809332+09:00 Hooks registered: generation=167, keyboard=0x3950EC7, mouse=0x40E0EC5, keyboard callbacks=6267, mouse callbacks=28243.
2026-10-08T10:45:49.5666713+09:00 Hook status (periodic): generation=167, enabled=True, emacsEnabled=True, emacsActive=True, keyboardCallbacks=6271, mouseCallbacks=28354, suppressed=160, injectionFailures=0, refreshRequested=False, sinceRefreshMs=13000, leftAlt=False/False/False, rightAlt=False/False/False, leftCtrl=False/False/False, rightCtrl=False/False/False, asyncAlt=False/False, asyncCtrl=False/False, capturedKeys=0, capsCaptured=False, otherKeysCount=0, droppedLogs=0.
2026-10-08T10:46:06.6070641+09:00 Hooks registered: generation=168, keyboard=0x17A60D63, mouse=0x2402D9, keyboard callbacks=6337, mouse callbacks=28354.
2026-10-08T10:46:19.6234001+09:00 Hook status (periodic): generation=168, enabled=True, emacsEnabled=True, emacsActive=True, keyboardCallbacks=6337, mouseCallbacks=28354, suppressed=162, injectionFailures=0, refreshRequested=False, sinceRefreshMs=13016, leftAlt=False/False/False, rightAlt=False/False/False, leftCtrl=False/False/False, rightCtrl=False/False/False, asyncAlt=False/False, asyncCtrl=False/False, capturedKeys=0, capsCaptured=False, otherKeysCount=0, droppedLogs=0.
2026-10-08T10:46:36.6985332+09:00 Hooks registered: generation=169, keyboard=0x16A0E9B, mouse=0x1D940DA9, keyboard callbacks=6337, mouse callbacks=28354.
2026-10-08T10:46:49.7025592+09:00 Hook status (periodic): generation=169, enabled=True, emacsEnabled=True, emacsActive=True, keyboardCallbacks=6337, mouseCallbacks=28354, suppressed=162, injectionFailures=0, refreshRequested=False, sinceRefreshMs=13000, leftAlt=False/False/False, rightAlt=False/False/False, leftCtrl=False/False/False, rightCtrl=False/False/False, asyncAlt=False/False, asyncCtrl=False/False, capturedKeys=0, capsCaptured=False, otherKeysCount=0, droppedLogs=0.
2026-10-08T10:47:06.7049032+09:00 Hooks registered: generation=170, keyboard=0x22920E01, mouse=0xB901F5, keyboard callbacks=6337, mouse callbacks=28354.
2026-10-08T10:47:19.7255428+09:00 Hook status (periodic): generation=170, enabled=True, emacsEnabled=True, emacsActive=True, keyboardCallbacks=6337, mouseCallbacks=28354, suppressed=162, injectionFailures=0, refreshRequested=False, sinceRefreshMs=13031, leftAlt=False/False/False, rightAlt=False/False/False, leftCtrl=False/False/False, rightCtrl=False/False/False, asyncAlt=False/False, asyncCtrl=False/False, capturedKeys=0, capsCaptured=False, otherKeysCount=0, droppedLogs=0.
2026-10-08T10:47:36.7309620+09:00 Hooks registered: generation=171, keyboard=0x1E1F0DA9, mouse=0x6930F61, keyboard callbacks=6337, mouse callbacks=28354.
2026-10-08T10:47:49.7345947+09:00 Hook status (periodic): generation=171, enabled=True, emacsEnabled=True, emacsActive=True, keyboardCallbacks=6337, mouseCallbacks=28354, suppressed=162, injectionFailures=0, refreshRequested=False, sinceRefreshMs=13000, leftAlt=False/False/False, rightAlt=False/False/False, leftCtrl=False/False/False, rightCtrl=False/False/False, asyncAlt=False/False, asyncCtrl=False/False, capturedKeys=0, capsCaptured=False, otherKeysCount=0, droppedLogs=0.
2026-10-08T10:48:06.7245276+09:00 Hooks registered: generation=172, keyboard=0x5160EC1, mouse=0x1010F0F, keyboard callbacks=6337, mouse callbacks=28354.
2026-10-08T10:48:19.7289299+09:00 Hook status (periodic): generation=172, enabled=True, emacsEnabled=True, emacsActive=True, keyboardCallbacks=6337, mouseCallbacks=28354, suppressed=162, injectionFailures=0, refreshRequested=False, sinceRefreshMs=13000, leftAlt=False/False/False, rightAlt=False/False/False, leftCtrl=False/False/False, rightCtrl=False/False/False, asyncAlt=False/False, asyncCtrl=False/False, capturedKeys=0, capsCaptured=False, otherKeysCount=0, droppedLogs=0.
2026-10-08T10:48:36.7478841+09:00 Hooks registered: generation=173, keyboard=0x1BA70E1D, mouse=0x7A70EC9, keyboard callbacks=6337, mouse callbacks=28354.
2026-10-08T10:48:49.7732354+09:00 Hook status (periodic): generation=173, enabled=True, emacsEnabled=True, emacsActive=True, keyboardCallbacks=6337, mouseCallbacks=28354, suppressed=162, injectionFailures=0, refreshRequested=False, sinceRefreshMs=13031, leftAlt=False/False/False, rightAlt=False/False/False, leftCtrl=False/False/False, rightCtrl=False/False/False, asyncAlt=False/False, asyncCtrl=False/False, capturedKeys=0, capsCaptured=False, otherKeysCount=0, droppedLogs=0.
2026-10-08T10:49:06.7781681+09:00 Hooks registered: generation=174, keyboard=0x7860F61, mouse=0x960C81, keyboard callbacks=6337, mouse callbacks=28354.
2026-10-08T10:49:19.7831935+09:00 Hook status (periodic): generation=174, enabled=True, emacsEnabled=True, emacsActive=True, keyboardCallbacks=6337, mouseCallbacks=28354, suppressed=162, injectionFailures=0, refreshRequested=False, sinceRefreshMs=13000, leftAlt=False/False/False, rightAlt=False/False/False, leftCtrl=False/False/False, rightCtrl=False/False/False, asyncAlt=False/False, asyncCtrl=False/False, capturedKeys=0, capsCaptured=False, otherKeysCount=0, droppedLogs=0.
2026-10-08T10:49:36.8222480+09:00 Hooks registered: generation=175, keyboard=0x9404E5, mouse=0x12090DFF, keyboard callbacks=6337, mouse callbacks=28354.
2026-10-08T10:49:49.8288826+09:00 Hook status (periodic): generation=175, enabled=True, emacsEnabled=True, emacsActive=True, keyboardCallbacks=6337, mouseCallbacks=28354, suppressed=162, injectionFailures=0, refreshRequested=False, sinceRefreshMs=13000, leftAlt=False/False/False, rightAlt=False/False/False, leftCtrl=False/False/False, rightCtrl=False/False/False, asyncAlt=False/False, asyncCtrl=False/False, capturedKeys=0, capsCaptured=False, otherKeysCount=0, droppedLogs=0.
2026-10-08T10:50:06.8626773+09:00 Hooks registered: generation=176, keyboard=0x15D0C81, mouse=0x5990EEB, keyboard callbacks=6337, mouse callbacks=28354.
2026-10-08T10:50:19.9036407+09:00 Hook status (periodic): generation=176, enabled=True, emacsEnabled=True, emacsActive=True, keyboardCallbacks=6337, mouseCallbacks=28354, suppressed=162, injectionFailures=0, refreshRequested=False, sinceRefreshMs=13031, leftAlt=False/False/False, rightAlt=False/False/False, leftCtrl=False/False/False, rightCtrl=False/False/False, asyncAlt=False/False, asyncCtrl=False/False, capturedKeys=0, capsCaptured=False, otherKeysCount=0, droppedLogs=0.
2026-10-08T10:50:36.8994813+09:00 Hooks registered: generation=177, keyboard=0x58C0EC1, mouse=0x7490ECD, keyboard callbacks=6337, mouse callbacks=28354.
2026-10-08T10:50:49.9019856+09:00 Hook status (periodic): generation=177, enabled=True, emacsEnabled=True, emacsActive=True, keyboardCallbacks=6337, mouseCallbacks=28436, suppressed=162, injectionFailures=0, refreshRequested=False, sinceRefreshMs=13000, leftAlt=False/False/False, rightAlt=False/False/False, leftCtrl=False/False/False, rightCtrl=False/False/False, asyncAlt=False/False, asyncCtrl=False/False, capturedKeys=0, capsCaptured=False, otherKeysCount=0, droppedLogs=0.
2026-10-08T10:51:06.9036712+09:00 Hooks registered: generation=178, keyboard=0x1EB00E1D, mouse=0xADA0F77, keyboard callbacks=6341, mouse callbacks=28436.
2026-10-08T10:51:19.9102838+09:00 Hook status (periodic): generation=178, enabled=True, emacsEnabled=True, emacsActive=True, keyboardCallbacks=6345, mouseCallbacks=28436, suppressed=162, injectionFailures=0, refreshRequested=False, sinceRefreshMs=13016, leftAlt=False/False/False, rightAlt=False/False/False, leftCtrl=False/False/False, rightCtrl=False/False/False, asyncAlt=False/False, asyncCtrl=False/False, capturedKeys=0, capsCaptured=False, otherKeysCount=0, droppedLogs=0.
2026-10-08T10:51:36.9498316+09:00 Hooks registered: generation=179, keyboard=0xCCA030F, mouse=0x7550ECD, keyboard callbacks=6345, mouse callbacks=28436.
2026-10-08T10:51:50.0131233+09:00 Hook status (periodic): generation=179, enabled=True, emacsEnabled=True, emacsActive=True, keyboardCallbacks=6345, mouseCallbacks=28713, suppressed=162, injectionFailures=0, refreshRequested=False, sinceRefreshMs=13063, leftAlt=False/False/False, rightAlt=False/False/False, leftCtrl=False/False/False, rightCtrl=False/False/False, asyncAlt=False/False, asyncCtrl=False/False, capturedKeys=0, capsCaptured=False, otherKeysCount=0, droppedLogs=0.
2026-10-08T10:52:07.0202369+09:00 Hooks registered: generation=180, keyboard=0x18BD0C71, mouse=0x2100C85, keyboard callbacks=6355, mouse callbacks=28843.
2026-10-08T10:52:20.0477558+09:00 Hook status (periodic): generation=180, enabled=True, emacsEnabled=True, emacsActive=True, keyboardCallbacks=6355, mouseCallbacks=28843, suppressed=164, injectionFailures=0, refreshRequested=False, sinceRefreshMs=13016, leftAlt=False/False/False, rightAlt=False/False/False, leftCtrl=False/False/False, rightCtrl=False/False/False, asyncAlt=False/False, asyncCtrl=False/False, capturedKeys=0, capsCaptured=False, otherKeysCount=0, droppedLogs=0.
2026-10-08T10:52:49.1104359+09:00 Hooks registered: generation=181, keyboard=0x4D30E09, mouse=0x4EE0EC7, keyboard callbacks=6363, mouse callbacks=29600.
2026-10-08T10:52:50.0972032+09:00 Hook status (periodic): generation=181, enabled=True, emacsEnabled=True, emacsActive=True, keyboardCallbacks=6363, mouseCallbacks=29600, suppressed=164, injectionFailures=0, refreshRequested=False, sinceRefreshMs=1000, leftAlt=False/False/False, rightAlt=False/False/False, leftCtrl=False/False/False, rightCtrl=False/False/False, asyncAlt=False/False, asyncCtrl=False/False, capturedKeys=0, capsCaptured=False, otherKeysCount=0, droppedLogs=0.
2026-10-08T10:53:19.1654525+09:00 Hooks registered: generation=182, keyboard=0xD7B030F, mouse=0x10E70E71, keyboard callbacks=6363, mouse callbacks=30260.
2026-10-08T10:53:20.1821076+09:00 Hook status (periodic): generation=182, enabled=True, emacsEnabled=True, emacsActive=True, keyboardCallbacks=6363, mouseCallbacks=30260, suppressed=164, injectionFailures=0, refreshRequested=False, sinceRefreshMs=1016, leftAlt=False/False/False, rightAlt=False/False/False, leftCtrl=False/False/False, rightCtrl=False/False/False, asyncAlt=False/False, asyncCtrl=False/False, capturedKeys=0, capsCaptured=False, otherKeysCount=0, droppedLogs=0.
2026-10-08T10:53:49.2228513+09:00 Hooks registered: generation=183, keyboard=0xA560D19, mouse=0xA30EEF, keyboard callbacks=6453, mouse callbacks=30308.
2026-10-08T10:53:50.2270036+09:00 Hook status (periodic): generation=183, enabled=True, emacsEnabled=True, emacsActive=True, keyboardCallbacks=6453, mouseCallbacks=30308, suppressed=168, injectionFailures=0, refreshRequested=False, sinceRefreshMs=1000, leftAlt=False/False/False, rightAlt=False/False/False, leftCtrl=False/False/False, rightCtrl=False/False/False, asyncAlt=False/False, asyncCtrl=False/False, capturedKeys=0, capsCaptured=False, otherKeysCount=0, droppedLogs=0.
2026-10-08T10:54:19.2315608+09:00 Hooks registered: generation=184, keyboard=0xBCF0F77, mouse=0x21A0FB3, keyboard callbacks=6453, mouse callbacks=30308.
2026-10-08T10:54:20.2225589+09:00 Hook status (periodic): generation=184, enabled=True, emacsEnabled=True, emacsActive=True, keyboardCallbacks=6453, mouseCallbacks=30308, suppressed=168, injectionFailures=0, refreshRequested=False, sinceRefreshMs=1000, leftAlt=False/False/False, rightAlt=False/False/False, leftCtrl=False/False/False, rightCtrl=False/False/False, asyncAlt=False/False, asyncCtrl=False/False, capturedKeys=0, capsCaptured=False, otherKeysCount=0, droppedLogs=0.
2026-10-08T10:54:49.2306078+09:00 Hooks registered: generation=185, keyboard=0x2140313, mouse=0x3270E9D, keyboard callbacks=6477, mouse callbacks=30308.
2026-10-08T10:54:50.2343993+09:00 Hook status (periodic): generation=185, enabled=True, emacsEnabled=True, emacsActive=True, keyboardCallbacks=6477, mouseCallbacks=30308, suppressed=168, injectionFailures=0, refreshRequested=False, sinceRefreshMs=1000, leftAlt=False/False/False, rightAlt=False/False/False, leftCtrl=False/False/False, rightCtrl=False/False/False, asyncAlt=False/False, asyncCtrl=False/False, capturedKeys=0, capsCaptured=False, otherKeysCount=0, droppedLogs=0.
2026-10-08T10:55:19.2222606+09:00 Hooks registered: generation=186, keyboard=0xF3D0EA3, mouse=0xD450F77, keyboard callbacks=6477, mouse callbacks=30308.
2026-10-08T10:55:20.2231195+09:00 Hook status (periodic): generation=186, enabled=True, emacsEnabled=True, emacsActive=True, keyboardCallbacks=6477, mouseCallbacks=30308, suppressed=168, injectionFailures=0, refreshRequested=False, sinceRefreshMs=1000, leftAlt=False/False/False, rightAlt=False/False/False, leftCtrl=False/False/False, rightCtrl=False/False/False, asyncAlt=False/False, asyncCtrl=False/False, capturedKeys=0, capsCaptured=False, otherKeysCount=0, droppedLogs=0.
2026-10-08T10:55:49.2357865+09:00 Hooks registered: generation=187, keyboard=0x3620C85, mouse=0x80FAF, keyboard callbacks=6477, mouse callbacks=31568.
2026-10-08T10:55:50.2282064+09:00 Hook status (periodic): generation=187, enabled=True, emacsEnabled=True, emacsActive=True, keyboardCallbacks=6477, mouseCallbacks=31594, suppressed=168, injectionFailures=0, refreshRequested=False, sinceRefreshMs=1000, leftAlt=False/False/False, rightAlt=False/False/False, leftCtrl=False/False/False, rightCtrl=False/False/False, asyncAlt=False/False, asyncCtrl=False/False, capturedKeys=0, capsCaptured=False, otherKeysCount=0, droppedLogs=0.
2026-10-08T10:56:19.3300867+09:00 Hooks registered: generation=188, keyboard=0x27D04E5, mouse=0x60C0EC1, keyboard callbacks=6477, mouse callbacks=32179.
2026-10-08T10:56:20.3274222+09:00 Hook status (periodic): generation=188, enabled=True, emacsEnabled=True, emacsActive=True, keyboardCallbacks=6477, mouseCallbacks=32179, suppressed=168, injectionFailures=0, refreshRequested=False, sinceRefreshMs=1000, leftAlt=False/False/False, rightAlt=False/False/False, leftCtrl=False/False/False, rightCtrl=False/False/False, asyncAlt=False/False, asyncCtrl=False/False, capturedKeys=0, capsCaptured=False, otherKeysCount=0, droppedLogs=0.
2026-10-08T10:56:49.3254730+09:00 Hooks registered: generation=189, keyboard=0x1FBE0CD7, mouse=0x6C00E7D, keyboard callbacks=6477, mouse callbacks=32179.
2026-10-08T10:56:50.3310520+09:00 Hook status (periodic): generation=189, enabled=True, emacsEnabled=True, emacsActive=True, keyboardCallbacks=6477, mouseCallbacks=32179, suppressed=168, injectionFailures=0, refreshRequested=False, sinceRefreshMs=1016, leftAlt=False/False/False, rightAlt=False/False/False, leftCtrl=False/False/False, rightCtrl=False/False/False, asyncAlt=False/False, asyncCtrl=False/False, capturedKeys=0, capsCaptured=False, otherKeysCount=0, droppedLogs=0.
2026-10-08T10:57:20.3794271+09:00 Hook status (periodic): generation=189, enabled=True, emacsEnabled=True, emacsActive=True, keyboardCallbacks=6477, mouseCallbacks=32585, suppressed=168, injectionFailures=0, refreshRequested=False, sinceRefreshMs=31063, leftAlt=False/False/False, rightAlt=False/False/False, leftCtrl=False/False/False, rightCtrl=False/False/False, asyncAlt=False/False, asyncCtrl=False/False, capturedKeys=0, capsCaptured=False, otherKeysCount=0, droppedLogs=0.
2026-10-08T10:57:28.4039341+09:00 Hooks registered: generation=190, keyboard=0x24F0F59, mouse=0x1670E97, keyboard callbacks=6477, mouse callbacks=32987.
2026-10-08T10:57:50.4061612+09:00 Hook status (periodic): generation=190, enabled=True, emacsEnabled=True, emacsActive=True, keyboardCallbacks=6477, mouseCallbacks=33921, suppressed=168, injectionFailures=0, refreshRequested=False, sinceRefreshMs=22000, leftAlt=False/False/False, rightAlt=False/False/False, leftCtrl=False/False/False, rightCtrl=False/False/False, asyncAlt=False/False, asyncCtrl=False/False, capturedKeys=0, capsCaptured=False, otherKeysCount=0, droppedLogs=0.
2026-10-08T10:58:04.4243007+09:00 Hooks registered: generation=191, keyboard=0x18910DFF, mouse=0x6790E9B, keyboard callbacks=6495, mouse callbacks=34352.
2026-10-08T10:58:20.4694325+09:00 Hook status (periodic): generation=191, enabled=True, emacsEnabled=True, emacsActive=True, keyboardCallbacks=6567, mouseCallbacks=34559, suppressed=174, injectionFailures=0, refreshRequested=False, sinceRefreshMs=16047, leftAlt=False/False/False, rightAlt=False/False/False, leftCtrl=False/False/False, rightCtrl=True/True/False, asyncAlt=False/False, asyncCtrl=False/True, capturedKeys=0, capsCaptured=False, otherKeysCount=1, droppedLogs=0.
2026-10-08T10:58:37.5135384+09:00 Hooks registered: generation=192, keyboard=0x2B10F6D, mouse=0x4DD0EBB, keyboard callbacks=6569, mouse callbacks=35101.
2026-10-08T10:58:50.5377705+09:00 Hook status (periodic): generation=192, enabled=True, emacsEnabled=True, emacsActive=True, keyboardCallbacks=6573, mouseCallbacks=35509, suppressed=174, injectionFailures=0, refreshRequested=False, sinceRefreshMs=13031, leftAlt=False/False/False, rightAlt=False/False/False, leftCtrl=False/False/False, rightCtrl=False/False/False, asyncAlt=False/False, asyncCtrl=False/False, capturedKeys=0, capsCaptured=False, otherKeysCount=0, droppedLogs=0.
2026-10-08T10:59:07.5764417+09:00 Hooks registered: generation=193, keyboard=0x12D20E71, mouse=0x92E0F29, keyboard callbacks=6581, mouse callbacks=36000.
2026-10-08T10:59:20.5683275+09:00 Hook status (periodic): generation=193, enabled=True, emacsEnabled=True, emacsActive=True, keyboardCallbacks=6581, mouseCallbacks=36426, suppressed=174, injectionFailures=0, refreshRequested=False, sinceRefreshMs=13000, leftAlt=False/False/False, rightAlt=False/False/False, leftCtrl=False/False/False, rightCtrl=False/False/False, asyncAlt=False/False, asyncCtrl=False/False, capturedKeys=0, capsCaptured=False, otherKeysCount=0, droppedLogs=0.
2026-10-08T10:59:37.6068514+09:00 Hooks registered: generation=194, keyboard=0xAC0FA7, mouse=0x2420175, keyboard callbacks=6581, mouse callbacks=36557.
2026-10-08T10:59:50.5979154+09:00 Hook status (periodic): generation=194, enabled=True, emacsEnabled=True, emacsActive=True, keyboardCallbacks=6639, mouseCallbacks=36863, suppressed=178, injectionFailures=0, refreshRequested=False, sinceRefreshMs=13000, leftAlt=False/False/False, rightAlt=False/False/False, leftCtrl=False/False/False, rightCtrl=False/False/False, asyncAlt=False/False, asyncCtrl=False/False, capturedKeys=0, capsCaptured=False, otherKeysCount=0, droppedLogs=0.
2026-10-08T11:00:07.6467743+09:00 Hooks registered: generation=195, keyboard=0x11F90E29, mouse=0x130E83, keyboard callbacks=6639, mouse callbacks=36950.
2026-10-08T11:00:20.6550832+09:00 Hook status (periodic): generation=195, enabled=True, emacsEnabled=True, emacsActive=True, keyboardCallbacks=6639, mouseCallbacks=36950, suppressed=178, injectionFailures=0, refreshRequested=False, sinceRefreshMs=13000, leftAlt=False/False/False, rightAlt=False/False/False, leftCtrl=False/False/False, rightCtrl=False/False/False, asyncAlt=False/False, asyncCtrl=False/False, capturedKeys=0, capsCaptured=False, otherKeysCount=0, droppedLogs=0.
2026-10-08T11:00:37.6537129+09:00 Hooks registered: generation=196, keyboard=0x250E85, mouse=0x170EB5, keyboard callbacks=6639, mouse callbacks=36950.
2026-10-08T11:00:50.6507900+09:00 Hook status (periodic): generation=196, enabled=True, emacsEnabled=True, emacsActive=True, keyboardCallbacks=6639, mouseCallbacks=36950, suppressed=178, injectionFailures=0, refreshRequested=False, sinceRefreshMs=13000, leftAlt=False/False/False, rightAlt=False/False/False, leftCtrl=False/False/False, rightCtrl=False/False/False, asyncAlt=False/False, asyncCtrl=False/False, capturedKeys=0, capsCaptured=False, otherKeysCount=0, droppedLogs=0.
2026-10-08T11:01:07.6577389+09:00 Hooks registered: generation=197, keyboard=0xB10FB7, mouse=0x1100F9B, keyboard callbacks=6639, mouse callbacks=36950.
2026-10-08T11:01:20.6511456+09:00 Hook status (periodic): generation=197, enabled=True, emacsEnabled=True, emacsActive=True, keyboardCallbacks=6639, mouseCallbacks=36950, suppressed=178, injectionFailures=0, refreshRequested=False, sinceRefreshMs=13000, leftAlt=False/False/False, rightAlt=False/False/False, leftCtrl=False/False/False, rightCtrl=False/False/False, asyncAlt=False/False, asyncCtrl=False/False, capturedKeys=0, capsCaptured=False, otherKeysCount=0, droppedLogs=0.
2026-10-08T11:01:37.6511849+09:00 Hooks registered: generation=198, keyboard=0x1180F5F, mouse=0xE170ED1, keyboard callbacks=6639, mouse callbacks=36950.
2026-10-08T11:01:50.6972786+09:00 Hook status (periodic): generation=198, enabled=True, emacsEnabled=True, emacsActive=True, keyboardCallbacks=6639, mouseCallbacks=36950, suppressed=178, injectionFailures=0, refreshRequested=False, sinceRefreshMs=13047, leftAlt=False/False/False, rightAlt=False/False/False, leftCtrl=False/False/False, rightCtrl=False/False/False, asyncAlt=False/False, asyncCtrl=False/False, capturedKeys=0, capsCaptured=False, otherKeysCount=0, droppedLogs=0.
2026-10-08T11:02:07.7002790+09:00 Hooks registered: generation=199, keyboard=0x940D43, mouse=0x2670FB1, keyboard callbacks=6639, mouse callbacks=36950.
2026-10-08T11:02:20.6952218+09:00 Hook status (periodic): generation=199, enabled=True, emacsEnabled=True, emacsActive=True, keyboardCallbacks=6639, mouseCallbacks=36950, suppressed=178, injectionFailures=0, refreshRequested=False, sinceRefreshMs=13000, leftAlt=False/False/False, rightAlt=False/False/False, leftCtrl=False/False/False, rightCtrl=False/False/False, asyncAlt=False/False, asyncCtrl=False/False, capturedKeys=0, capsCaptured=False, otherKeysCount=0, droppedLogs=0.
2026-10-08T11:02:37.7225935+09:00 Hooks registered: generation=200, keyboard=0x5B0E7F, mouse=0x8C0E73, keyboard callbacks=6639, mouse callbacks=36950.
2026-10-08T11:02:50.7577178+09:00 Hook status (periodic): generation=200, enabled=True, emacsEnabled=True, emacsActive=True, keyboardCallbacks=6639, mouseCallbacks=36950, suppressed=178, injectionFailures=0, refreshRequested=False, sinceRefreshMs=13032, leftAlt=False/False/False, rightAlt=False/False/False, leftCtrl=False/False/False, rightCtrl=False/False/False, asyncAlt=False/False, asyncCtrl=False/False, capturedKeys=0, capsCaptured=False, otherKeysCount=0, droppedLogs=0.
2026-10-08T11:03:07.7807342+09:00 Hooks registered: generation=201, keyboard=0x128A0E23, mouse=0xE540C63, keyboard callbacks=6639, mouse callbacks=36950.
2026-10-08T11:03:20.8399758+09:00 Hook status (periodic): generation=201, enabled=True, emacsEnabled=True, emacsActive=True, keyboardCallbacks=6639, mouseCallbacks=36950, suppressed=178, injectionFailures=0, refreshRequested=False, sinceRefreshMs=13063, leftAlt=False/False/False, rightAlt=False/False/False, leftCtrl=False/False/False, rightCtrl=False/False/False, asyncAlt=False/False, asyncCtrl=False/False, capturedKeys=0, capsCaptured=False, otherKeysCount=0, droppedLogs=0.
2026-10-08T11:03:38.8549067+09:00 Hooks registered: generation=202, keyboard=0x1E770CCD, mouse=0x8B00FA9, keyboard callbacks=6639, mouse callbacks=37536.
2026-10-08T11:03:50.8525834+09:00 Hook status (periodic): generation=202, enabled=True, emacsEnabled=True, emacsActive=True, keyboardCallbacks=6639, mouseCallbacks=37804, suppressed=178, injectionFailures=0, refreshRequested=False, sinceRefreshMs=12000, leftAlt=False/False/False, rightAlt=False/False/False, leftCtrl=False/False/False, rightCtrl=False/False/False, asyncAlt=False/False, asyncCtrl=False/False, capturedKeys=0, capsCaptured=False, otherKeysCount=0, droppedLogs=0.
2026-10-08T11:04:08.8480814+09:00 Hooks registered: generation=203, keyboard=0xFD20C63, mouse=0x1840EB5, keyboard callbacks=6643, mouse callbacks=37804.
2026-10-08T11:04:20.8880923+09:00 Hook status (periodic): generation=203, enabled=True, emacsEnabled=True, emacsActive=True, keyboardCallbacks=6643, mouseCallbacks=37804, suppressed=178, injectionFailures=0, refreshRequested=False, sinceRefreshMs=12032, leftAlt=False/False/False, rightAlt=False/False/False, leftCtrl=False/False/False, rightCtrl=False/False/False, asyncAlt=False/False, asyncCtrl=False/False, capturedKeys=0, capsCaptured=False, otherKeysCount=0, droppedLogs=0.
2026-10-08T11:04:38.9386256+09:00 Hooks registered: generation=204, keyboard=0x2970175, mouse=0x2DF0FB1, keyboard callbacks=6669, mouse callbacks=37856.
2026-10-08T11:04:50.9599326+09:00 Hook status (periodic): generation=204, enabled=True, emacsEnabled=True, emacsActive=True, keyboardCallbacks=6697, mouseCallbacks=37950, suppressed=180, injectionFailures=0, refreshRequested=False, sinceRefreshMs=12031, leftAlt=False/False/False, rightAlt=False/False/False, leftCtrl=False/False/False, rightCtrl=False/False/False, asyncAlt=False/False, asyncCtrl=False/False, capturedKeys=0, capsCaptured=False, otherKeysCount=0, droppedLogs=0.
2026-10-08T11:05:08.9810796+09:00 Hooks registered: generation=205, keyboard=0x7040F75, mouse=0x1870FAF, keyboard callbacks=6733, mouse callbacks=37995.
2026-10-08T11:05:20.9824524+09:00 Hook status (periodic): generation=205, enabled=True, emacsEnabled=True, emacsActive=True, keyboardCallbacks=6733, mouseCallbacks=37995, suppressed=182, injectionFailures=0, refreshRequested=False, sinceRefreshMs=12000, leftAlt=False/False/False, rightAlt=False/False/False, leftCtrl=False/False/False, rightCtrl=False/False/False, asyncAlt=False/False, asyncCtrl=False/False, capturedKeys=0, capsCaptured=False, otherKeysCount=0, droppedLogs=0.
2026-10-08T11:05:43.9841723+09:00 Hooks registered: generation=206, keyboard=0x3EA0E9F, mouse=0x6EA0EEB, keyboard callbacks=6733, mouse callbacks=38728.
2026-10-08T11:05:50.9754301+09:00 Hook status (periodic): generation=206, enabled=True, emacsEnabled=True, emacsActive=True, keyboardCallbacks=6734, mouseCallbacks=38916, suppressed=183, injectionFailures=0, refreshRequested=False, sinceRefreshMs=7000, leftAlt=True/False/False, rightAlt=False/False/False, leftCtrl=False/False/False, rightCtrl=False/False/False, asyncAlt=False/False, asyncCtrl=False/False, capturedKeys=0, capsCaptured=False, otherKeysCount=0, droppedLogs=0.
2026-10-08T11:06:13.9892575+09:00 Hooks registered: generation=207, keyboard=0x8880ECD, mouse=0x4030FA5, keyboard callbacks=6811, mouse callbacks=38916.
2026-10-08T11:06:21.0088630+09:00 Hook status (periodic): generation=207, enabled=True, emacsEnabled=True, emacsActive=True, keyboardCallbacks=6811, mouseCallbacks=38916, suppressed=188, injectionFailures=0, refreshRequested=False, sinceRefreshMs=7016, leftAlt=False/False/False, rightAlt=False/False/False, leftCtrl=False/False/False, rightCtrl=False/False/False, asyncAlt=False/False, asyncCtrl=False/False, capturedKeys=0, capsCaptured=False, otherKeysCount=0, droppedLogs=0.
2026-10-08T11:06:44.0319037+09:00 Hooks registered: generation=208, keyboard=0x91D0FA9, mouse=0x1330FA7, keyboard callbacks=6811, mouse callbacks=38916.
2026-10-08T11:06:51.0500963+09:00 Hook status (periodic): generation=208, enabled=True, emacsEnabled=True, emacsActive=True, keyboardCallbacks=6811, mouseCallbacks=38916, suppressed=188, injectionFailures=0, refreshRequested=False, sinceRefreshMs=7032, leftAlt=False/False/False, rightAlt=False/False/False, leftCtrl=False/False/False, rightCtrl=False/False/False, asyncAlt=False/False, asyncCtrl=False/False, capturedKeys=0, capsCaptured=False, otherKeysCount=0, droppedLogs=0.
2026-10-08T11:07:14.0702865+09:00 Hooks registered: generation=209, keyboard=0x13830E23, mouse=0x9A50EAD, keyboard callbacks=6811, mouse callbacks=38916.
2026-10-08T11:07:21.0810571+09:00 Hook status (periodic): generation=209, enabled=True, emacsEnabled=True, emacsActive=True, keyboardCallbacks=6811, mouseCallbacks=38916, suppressed=188, injectionFailures=0, refreshRequested=False, sinceRefreshMs=7016, leftAlt=False/False/False, rightAlt=False/False/False, leftCtrl=False/False/False, rightCtrl=False/False/False, asyncAlt=False/False, asyncCtrl=False/False, capturedKeys=0, capsCaptured=False, otherKeysCount=0, droppedLogs=0.
2026-10-08T11:07:44.1057789+09:00 Hooks registered: generation=210, keyboard=0x4B40ECB, mouse=0x3760EF7, keyboard callbacks=6811, mouse callbacks=38916.
2026-10-08T11:07:51.1036172+09:00 Hook status (periodic): generation=210, enabled=True, emacsEnabled=True, emacsActive=True, keyboardCallbacks=6811, mouseCallbacks=38916, suppressed=188, injectionFailures=0, refreshRequested=False, sinceRefreshMs=7000, leftAlt=False/False/False, rightAlt=False/False/False, leftCtrl=False/False/False, rightCtrl=False/False/False, asyncAlt=False/False, asyncCtrl=False/False, capturedKeys=0, capsCaptured=False, otherKeysCount=0, droppedLogs=0.
2026-10-08T11:08:14.1048309+09:00 Hooks registered: generation=211, keyboard=0x3290F67, mouse=0x1DE0FC7, keyboard callbacks=6811, mouse callbacks=38916.
2026-10-08T11:08:21.1048807+09:00 Hook status (periodic): generation=211, enabled=True, emacsEnabled=True, emacsActive=True, keyboardCallbacks=6811, mouseCallbacks=38916, suppressed=188, injectionFailures=0, refreshRequested=False, sinceRefreshMs=7000, leftAlt=False/False/False, rightAlt=False/False/False, leftCtrl=False/False/False, rightCtrl=False/False/False, asyncAlt=False/False, asyncCtrl=False/False, capturedKeys=0, capsCaptured=False, otherKeysCount=0, droppedLogs=0.
2026-10-08T11:08:44.1075591+09:00 Hooks registered: generation=212, keyboard=0x2260E93, mouse=0x21940CD7, keyboard callbacks=6811, mouse callbacks=38916.
2026-10-08T11:08:51.1099254+09:00 Hook status (periodic): generation=212, enabled=True, emacsEnabled=True, emacsActive=True, keyboardCallbacks=6811, mouseCallbacks=38916, suppressed=188, injectionFailures=0, refreshRequested=False, sinceRefreshMs=7000, leftAlt=False/False/False, rightAlt=False/False/False, leftCtrl=False/False/False, rightCtrl=False/False/False, asyncAlt=False/False, asyncCtrl=False/False, capturedKeys=0, capsCaptured=False, otherKeysCount=0, droppedLogs=0.
2026-10-08T11:09:14.1126187+09:00 Hooks registered: generation=213, keyboard=0xA3F0E3F, mouse=0x81E02B1, keyboard callbacks=6811, mouse callbacks=38916.
2026-10-08T11:09:21.1351414+09:00 Hook status (periodic): generation=213, enabled=True, emacsEnabled=True, emacsActive=True, keyboardCallbacks=6811, mouseCallbacks=38916, suppressed=188, injectionFailures=0, refreshRequested=False, sinceRefreshMs=7016, leftAlt=False/False/False, rightAlt=False/False/False, leftCtrl=False/False/False, rightCtrl=False/False/False, asyncAlt=False/False, asyncCtrl=False/False, capturedKeys=0, capsCaptured=False, otherKeysCount=0, droppedLogs=0.
2026-10-08T11:09:44.1559707+09:00 Hooks registered: generation=214, keyboard=0x4300E9F, mouse=0x39A0F2F, keyboard callbacks=6811, mouse callbacks=38916.
2026-10-08T11:09:51.1448479+09:00 Hook status (periodic): generation=214, enabled=True, emacsEnabled=True, emacsActive=True, keyboardCallbacks=6811, mouseCallbacks=38916, suppressed=188, injectionFailures=0, refreshRequested=False, sinceRefreshMs=7000, leftAlt=False/False/False, rightAlt=False/False/False, leftCtrl=False/False/False, rightCtrl=False/False/False, asyncAlt=False/False, asyncCtrl=False/False, capturedKeys=0, capsCaptured=False, otherKeysCount=0, droppedLogs=0.
2026-10-08T11:10:14.1993744+09:00 Hooks registered: generation=215, keyboard=0xE130F31, mouse=0x2060EEF, keyboard callbacks=6811, mouse callbacks=38916.
2026-10-08T11:10:21.2057431+09:00 Hook status (periodic): generation=215, enabled=True, emacsEnabled=True, emacsActive=True, keyboardCallbacks=6811, mouseCallbacks=38916, suppressed=188, injectionFailures=0, refreshRequested=False, sinceRefreshMs=7000, leftAlt=False/False/False, rightAlt=False/False/False, leftCtrl=False/False/False, rightCtrl=False/False/False, asyncAlt=False/False, asyncCtrl=False/False, capturedKeys=0, capsCaptured=False, otherKeysCount=0, droppedLogs=0.
2026-10-08T11:10:44.2643513+09:00 Hooks registered: generation=216, keyboard=0x150BA7, mouse=0x1FA603C1, keyboard callbacks=6811, mouse callbacks=38916.
2026-10-08T11:10:51.2834343+09:00 Hook status (periodic): generation=216, enabled=True, emacsEnabled=True, emacsActive=True, keyboardCallbacks=6811, mouseCallbacks=38916, suppressed=188, injectionFailures=0, refreshRequested=False, sinceRefreshMs=7015, leftAlt=False/False/False, rightAlt=False/False/False, leftCtrl=False/False/False, rightCtrl=False/False/False, asyncAlt=False/False, asyncCtrl=False/False, capturedKeys=0, capsCaptured=False, otherKeysCount=0, droppedLogs=0.
2026-10-08T11:11:14.2944476+09:00 Hooks registered: generation=217, keyboard=0x2490F9B, mouse=0x18370E17, keyboard callbacks=6811, mouse callbacks=38916.
2026-10-08T11:11:21.3175999+09:00 Hook status (periodic): generation=217, enabled=True, emacsEnabled=True, emacsActive=True, keyboardCallbacks=6811, mouseCallbacks=38916, suppressed=188, injectionFailures=0, refreshRequested=False, sinceRefreshMs=7031, leftAlt=False/False/False, rightAlt=False/False/False, leftCtrl=False/False/False, rightCtrl=False/False/False, asyncAlt=False/False, asyncCtrl=False/False, capturedKeys=0, capsCaptured=False, otherKeysCount=0, droppedLogs=0.
2026-10-08T11:11:44.3233546+09:00 Hooks registered: generation=218, keyboard=0x6960E09, mouse=0xB660C83, keyboard callbacks=6811, mouse callbacks=38916.
2026-10-08T11:11:51.3193603+09:00 Hook status (periodic): generation=218, enabled=True, emacsEnabled=True, emacsActive=True, keyboardCallbacks=6811, mouseCallbacks=38916, suppressed=188, injectionFailures=0, refreshRequested=False, sinceRefreshMs=7000, leftAlt=False/False/False, rightAlt=False/False/False, leftCtrl=False/False/False, rightCtrl=False/False/False, asyncAlt=False/False, asyncCtrl=False/False, capturedKeys=0, capsCaptured=False, otherKeysCount=0, droppedLogs=0.
2026-10-08T11:12:14.3161748+09:00 Hooks registered: generation=219, keyboard=0xA9B0E95, mouse=0x13602D9, keyboard callbacks=6811, mouse callbacks=38916.
2026-10-08T11:12:21.3254394+09:00 Hook status (periodic): generation=219, enabled=True, emacsEnabled=True, emacsActive=True, keyboardCallbacks=6811, mouseCallbacks=38916, suppressed=188, injectionFailures=0, refreshRequested=False, sinceRefreshMs=7000, leftAlt=False/False/False, rightAlt=False/False/False, leftCtrl=False/False/False, rightCtrl=False/False/False, asyncAlt=False/False, asyncCtrl=False/False, capturedKeys=0, capsCaptured=False, otherKeysCount=0, droppedLogs=0.
2026-10-08T11:12:44.3195313+09:00 Hooks registered: generation=220, keyboard=0xE590F31, mouse=0xFC0E7F, keyboard callbacks=6811, mouse callbacks=38916.
2026-10-08T11:12:51.3247846+09:00 Hook status (periodic): generation=220, enabled=True, emacsEnabled=True, emacsActive=True, keyboardCallbacks=6811, mouseCallbacks=38916, suppressed=188, injectionFailures=0, refreshRequested=False, sinceRefreshMs=7000, leftAlt=False/False/False, rightAlt=False/False/False, leftCtrl=False/False/False, rightCtrl=False/False/False, asyncAlt=False/False, asyncCtrl=False/False, capturedKeys=0, capsCaptured=False, otherKeysCount=0, droppedLogs=0.
2026-10-08T11:13:14.4062655+09:00 Hooks registered: generation=221, keyboard=0x650BA7, mouse=0x18750E17, keyboard callbacks=6811, mouse callbacks=38916.
2026-10-08T11:13:21.4044916+09:00 Hook status (periodic): generation=221, enabled=True, emacsEnabled=True, emacsActive=True, keyboardCallbacks=6811, mouseCallbacks=38916, suppressed=188, injectionFailures=0, refreshRequested=False, sinceRefreshMs=7000, leftAlt=False/False/False, rightAlt=False/False/False, leftCtrl=False/False/False, rightCtrl=False/False/False, asyncAlt=False/False, asyncCtrl=False/False, capturedKeys=0, capsCaptured=False, otherKeysCount=0, droppedLogs=0.
2026-10-08T11:13:44.4249727+09:00 Hooks registered: generation=222, keyboard=0x4020175, mouse=0x112B0EA3, keyboard callbacks=6811, mouse callbacks=38916.
2026-10-08T11:13:51.4433845+09:00 Hook status (periodic): generation=222, enabled=True, emacsEnabled=True, emacsActive=True, keyboardCallbacks=6811, mouseCallbacks=38916, suppressed=188, injectionFailures=0, refreshRequested=False, sinceRefreshMs=7015, leftAlt=False/False/False, rightAlt=False/False/False, leftCtrl=False/False/False, rightCtrl=False/False/False, asyncAlt=False/False, asyncCtrl=False/False, capturedKeys=0, capsCaptured=False, otherKeysCount=0, droppedLogs=0.
2026-10-08T11:14:14.4926388+09:00 Hooks registered: generation=223, keyboard=0x72B0FC7, mouse=0x5B20F67, keyboard callbacks=6811, mouse callbacks=38916.
2026-10-08T11:14:21.5325154+09:00 Hook status (periodic): generation=223, enabled=True, emacsEnabled=True, emacsActive=True, keyboardCallbacks=6811, mouseCallbacks=38916, suppressed=188, injectionFailures=0, refreshRequested=False, sinceRefreshMs=7031, leftAlt=False/False/False, rightAlt=False/False/False, leftCtrl=False/False/False, rightCtrl=False/False/False, asyncAlt=False/False, asyncCtrl=False/False, capturedKeys=0, capsCaptured=False, otherKeysCount=0, droppedLogs=0.
2026-10-08T11:14:44.5805594+09:00 Hooks registered: generation=224, keyboard=0x6A70FD9, mouse=0xC1B0C83, keyboard callbacks=6811, mouse callbacks=38916.
2026-10-08T11:14:51.5717984+09:00 Hook status (periodic): generation=224, enabled=True, emacsEnabled=True, emacsActive=True, keyboardCallbacks=6811, mouseCallbacks=38916, suppressed=188, injectionFailures=0, refreshRequested=False, sinceRefreshMs=7000, leftAlt=False/False/False, rightAlt=False/False/False, leftCtrl=False/False/False, rightCtrl=False/False/False, asyncAlt=False/False, asyncCtrl=False/False, capturedKeys=0, capsCaptured=False, otherKeysCount=0, droppedLogs=0.
2026-10-08T11:15:14.6017683+09:00 Hooks registered: generation=225, keyboard=0x630F8D, mouse=0x10660C63, keyboard callbacks=6811, mouse callbacks=38916.
2026-10-08T11:15:21.6005315+09:00 Hook status (periodic): generation=225, enabled=True, emacsEnabled=True, emacsActive=True, keyboardCallbacks=6811, mouseCallbacks=38916, suppressed=188, injectionFailures=0, refreshRequested=False, sinceRefreshMs=7000, leftAlt=False/False/False, rightAlt=False/False/False, leftCtrl=False/False/False, rightCtrl=False/False/False, asyncAlt=False/False, asyncCtrl=False/False, capturedKeys=0, capsCaptured=False, otherKeysCount=0, droppedLogs=0.
2026-10-08T11:15:44.6107840+09:00 Hooks registered: generation=226, keyboard=0x4560EF7, mouse=0x5FD0F67, keyboard callbacks=6811, mouse callbacks=38916.
2026-10-08T11:15:51.6024604+09:00 Hook status (periodic): generation=226, enabled=True, emacsEnabled=True, emacsActive=True, keyboardCallbacks=6811, mouseCallbacks=38916, suppressed=188, injectionFailures=0, refreshRequested=False, sinceRefreshMs=7000, leftAlt=False/False/False, rightAlt=False/False/False, leftCtrl=False/False/False, rightCtrl=False/False/False, asyncAlt=False/False, asyncCtrl=False/False, capturedKeys=0, capsCaptured=False, otherKeysCount=0, droppedLogs=0.
2026-10-08T11:16:14.6569762+09:00 Hooks registered: generation=227, keyboard=0x19A10ED1, mouse=0xA960FA9, keyboard callbacks=6811, mouse callbacks=38916.
2026-10-08T11:16:21.6483142+09:00 Hook status (periodic): generation=227, enabled=True, emacsEnabled=True, emacsActive=True, keyboardCallbacks=6811, mouseCallbacks=38916, suppressed=188, injectionFailures=0, refreshRequested=False, sinceRefreshMs=7000, leftAlt=False/False/False, rightAlt=False/False/False, leftCtrl=False/False/False, rightCtrl=False/False/False, asyncAlt=False/False, asyncCtrl=False/False, capturedKeys=0, capsCaptured=False, otherKeysCount=0, droppedLogs=0.
2026-10-08T11:16:44.6850276+09:00 Hooks registered: generation=228, keyboard=0x8000423, mouse=0x2790E93, keyboard callbacks=6811, mouse callbacks=38916.
2026-10-08T11:16:51.7194809+09:00 Hook status (periodic): generation=228, enabled=True, emacsEnabled=True, emacsActive=True, keyboardCallbacks=6811, mouseCallbacks=38916, suppressed=188, injectionFailures=0, refreshRequested=False, sinceRefreshMs=7031, leftAlt=False/False/False, rightAlt=False/False/False, leftCtrl=False/False/False, rightCtrl=False/False/False, asyncAlt=False/False, asyncCtrl=False/False, capturedKeys=0, capsCaptured=False, otherKeysCount=0, droppedLogs=0.
2026-10-08T11:17:14.7384738+09:00 Hooks registered: generation=229, keyboard=0x6290F67, mouse=0x27980CD7, keyboard callbacks=6811, mouse callbacks=38916.
2026-10-08T11:17:21.7821083+09:00 Hook status (periodic): generation=229, enabled=True, emacsEnabled=True, emacsActive=True, keyboardCallbacks=6811, mouseCallbacks=38916, suppressed=188, injectionFailures=0, refreshRequested=False, sinceRefreshMs=7031, leftAlt=False/False/False, rightAlt=False/False/False, leftCtrl=False/False/False, rightCtrl=False/False/False, asyncAlt=False/False, asyncCtrl=False/False, capturedKeys=0, capsCaptured=False, otherKeysCount=0, droppedLogs=0.
2026-10-08T11:17:44.8115269+09:00 Hooks registered: generation=230, keyboard=0x98202B1, mouse=0x4600FB1, keyboard callbacks=6811, mouse callbacks=38916.
2026-10-08T11:17:51.8158148+09:00 Hook status (periodic): generation=230, enabled=True, emacsEnabled=True, emacsActive=True, keyboardCallbacks=6811, mouseCallbacks=38916, suppressed=188, injectionFailures=0, refreshRequested=False, sinceRefreshMs=7015, leftAlt=False/False/False, rightAlt=False/False/False, leftCtrl=False/False/False, rightCtrl=False/False/False, asyncAlt=False/False, asyncCtrl=False/False, capturedKeys=0, capsCaptured=False, otherKeysCount=0, droppedLogs=0.
2026-10-08T11:18:14.8171624+09:00 Hooks registered: generation=231, keyboard=0x2110EE1, mouse=0x45F0EB1, keyboard callbacks=6811, mouse callbacks=38916.
2026-10-08T11:18:21.8285566+09:00 Hook status (periodic): generation=231, enabled=True, emacsEnabled=True, emacsActive=True, keyboardCallbacks=6811, mouseCallbacks=38916, suppressed=188, injectionFailures=0, refreshRequested=False, sinceRefreshMs=7000, leftAlt=False/False/False, rightAlt=False/False/False, leftCtrl=False/False/False, rightCtrl=False/False/False, asyncAlt=False/False, asyncCtrl=False/False, capturedKeys=0, capsCaptured=False, otherKeysCount=0, droppedLogs=0.
2026-10-08T11:18:44.8214669+09:00 Hooks registered: generation=232, keyboard=0x3800D43, mouse=0x2BC0E83, keyboard callbacks=6811, mouse callbacks=38916.
2026-10-08T11:18:51.8591826+09:00 Hook status (periodic): generation=232, enabled=True, emacsEnabled=True, emacsActive=True, keyboardCallbacks=6811, mouseCallbacks=38916, suppressed=188, injectionFailures=0, refreshRequested=False, sinceRefreshMs=7031, leftAlt=False/False/False, rightAlt=False/False/False, leftCtrl=False/False/False, rightCtrl=False/False/False, asyncAlt=False/False, asyncCtrl=False/False, capturedKeys=0, capsCaptured=False, otherKeysCount=0, droppedLogs=0.
2026-10-08T11:19:14.8545885+09:00 Hooks registered: generation=233, keyboard=0xA700F61, mouse=0x14790E33, keyboard callbacks=6811, mouse callbacks=38916.
2026-10-08T11:19:21.8603240+09:00 Hook status (periodic): generation=233, enabled=True, emacsEnabled=True, emacsActive=True, keyboardCallbacks=6811, mouseCallbacks=38916, suppressed=188, injectionFailures=0, refreshRequested=False, sinceRefreshMs=7000, leftAlt=False/False/False, rightAlt=False/False/False, leftCtrl=False/False/False, rightCtrl=False/False/False, asyncAlt=False/False, asyncCtrl=False/False, capturedKeys=0, capsCaptured=False, otherKeysCount=0, droppedLogs=0.
2026-10-08T11:19:44.8541307+09:00 Hooks registered: generation=234, keyboard=0x20E803C1, mouse=0x28C20CD7, keyboard callbacks=6811, mouse callbacks=38916.
2026-10-08T11:19:51.8620338+09:00 Hook status (periodic): generation=234, enabled=True, emacsEnabled=True, emacsActive=True, keyboardCallbacks=6811, mouseCallbacks=38916, suppressed=188, injectionFailures=0, refreshRequested=False, sinceRefreshMs=7000, leftAlt=False/False/False, rightAlt=False/False/False, leftCtrl=False/False/False, rightCtrl=False/False/False, asyncAlt=False/False, asyncCtrl=False/False, capturedKeys=0, capsCaptured=False, otherKeysCount=0, droppedLogs=0.
2026-10-08T11:20:14.9079945+09:00 Hooks registered: generation=235, keyboard=0x14AB0E33, mouse=0xFC0E85, keyboard callbacks=6811, mouse callbacks=38916.
2026-10-08T11:20:21.8964727+09:00 Hook status (periodic): generation=235, enabled=True, emacsEnabled=True, emacsActive=True, keyboardCallbacks=6811, mouseCallbacks=38916, suppressed=188, injectionFailures=0, refreshRequested=False, sinceRefreshMs=7000, leftAlt=False/False/False, rightAlt=False/False/False, leftCtrl=False/False/False, rightCtrl=False/False/False, asyncAlt=False/False, asyncCtrl=False/False, capturedKeys=0, capsCaptured=False, otherKeysCount=0, droppedLogs=0.
2026-10-08T11:20:44.9055000+09:00 Hooks registered: generation=236, keyboard=0x1410F8D, mouse=0x7460E09, keyboard callbacks=6811, mouse callbacks=38916.
2026-10-08T11:20:51.9073868+09:00 Hook status (periodic): generation=236, enabled=True, emacsEnabled=True, emacsActive=True, keyboardCallbacks=6811, mouseCallbacks=38916, suppressed=188, injectionFailures=0, refreshRequested=False, sinceRefreshMs=7000, leftAlt=False/False/False, rightAlt=False/False/False, leftCtrl=False/False/False, rightCtrl=False/False/False, asyncAlt=False/False, asyncCtrl=False/False, capturedKeys=0, capsCaptured=False, otherKeysCount=0, droppedLogs=0.
2026-10-08T11:21:14.9525422+09:00 Hooks registered: generation=237, keyboard=0x15170EAD, mouse=0x39D0ED9, keyboard callbacks=6811, mouse callbacks=38916.
2026-10-08T11:21:21.9428353+09:00 Hook status (periodic): generation=237, enabled=True, emacsEnabled=True, emacsActive=True, keyboardCallbacks=6811, mouseCallbacks=38916, suppressed=188, injectionFailures=0, refreshRequested=False, sinceRefreshMs=7000, leftAlt=False/False/False, rightAlt=False/False/False, leftCtrl=False/False/False, rightCtrl=False/False/False, asyncAlt=False/False, asyncCtrl=False/False, capturedKeys=0, capsCaptured=False, otherKeysCount=0, droppedLogs=0.
2026-10-08T11:21:44.9792317+09:00 Hooks registered: generation=238, keyboard=0x3300FA7, mouse=0x217003C1, keyboard callbacks=6811, mouse callbacks=38916.
2026-10-08T11:21:51.9755428+09:00 Hook status (periodic): generation=238, enabled=True, emacsEnabled=True, emacsActive=True, keyboardCallbacks=6811, mouseCallbacks=38916, suppressed=188, injectionFailures=0, refreshRequested=False, sinceRefreshMs=7000, leftAlt=False/False/False, rightAlt=False/False/False, leftCtrl=False/False/False, rightCtrl=False/False/False, asyncAlt=False/False, asyncCtrl=False/False, capturedKeys=0, capsCaptured=False, otherKeysCount=0, droppedLogs=0.
2026-10-08T11:22:15.0393015+09:00 Hooks registered: generation=239, keyboard=0xB800E3F, mouse=0x19EF0ED1, keyboard callbacks=6811, mouse callbacks=38916.
2026-10-08T11:22:22.0369611+09:00 Hook status (periodic): generation=239, enabled=True, emacsEnabled=True, emacsActive=True, keyboardCallbacks=6811, mouseCallbacks=38916, suppressed=188, injectionFailures=0, refreshRequested=False, sinceRefreshMs=7000, leftAlt=False/False/False, rightAlt=False/False/False, leftCtrl=False/False/False, rightCtrl=False/False/False, asyncAlt=False/False, asyncCtrl=False/False, capturedKeys=0, capsCaptured=False, otherKeysCount=0, droppedLogs=0.
2026-10-08T11:22:45.0378292+09:00 Hooks registered: generation=240, keyboard=0x32E0E93, mouse=0x8C70423, keyboard callbacks=6811, mouse callbacks=38916.
2026-10-08T11:22:52.0488787+09:00 Hook status (periodic): generation=240, enabled=True, emacsEnabled=True, emacsActive=True, keyboardCallbacks=6811, mouseCallbacks=38916, suppressed=188, injectionFailures=0, refreshRequested=False, sinceRefreshMs=7000, leftAlt=False/False/False, rightAlt=False/False/False, leftCtrl=False/False/False, rightCtrl=False/False/False, asyncAlt=False/False, asyncCtrl=False/False, capturedKeys=0, capsCaptured=False, otherKeysCount=0, droppedLogs=0.
2026-10-08T11:23:15.0898188+09:00 Hooks registered: generation=241, keyboard=0x7F00E09, mouse=0x29830CD7, keyboard callbacks=6811, mouse callbacks=38916.
2026-10-08T11:23:22.1056294+09:00 Hook status (periodic): generation=241, enabled=True, emacsEnabled=True, emacsActive=True, keyboardCallbacks=6811, mouseCallbacks=38916, suppressed=188, injectionFailures=0, refreshRequested=False, sinceRefreshMs=7015, leftAlt=False/False/False, rightAlt=False/False/False, leftCtrl=False/False/False, rightCtrl=False/False/False, asyncAlt=False/False, asyncCtrl=False/False, capturedKeys=0, capsCaptured=False, otherKeysCount=0, droppedLogs=0.
2026-10-08T11:23:45.1113323+09:00 Hooks registered: generation=242, keyboard=0x14E0E85, mouse=0xD9B0FD3, keyboard callbacks=6811, mouse callbacks=38916.
2026-10-08T11:23:52.1037700+09:00 Hook status (periodic): generation=242, enabled=True, emacsEnabled=True, emacsActive=True, keyboardCallbacks=6811, mouseCallbacks=38916, suppressed=188, injectionFailures=0, refreshRequested=False, sinceRefreshMs=7000, leftAlt=False/False/False, rightAlt=False/False/False, leftCtrl=False/False/False, rightCtrl=False/False/False, asyncAlt=False/False, asyncCtrl=False/False, capturedKeys=0, capsCaptured=False, otherKeysCount=0, droppedLogs=0.
2026-10-08T11:24:15.1022880+09:00 Hooks registered: generation=243, keyboard=0xAE60F61, mouse=0x1CF0F41, keyboard callbacks=6811, mouse callbacks=38916.
2026-10-08T11:24:22.1110032+09:00 Hook status (periodic): generation=243, enabled=True, emacsEnabled=True, emacsActive=True, keyboardCallbacks=6811, mouseCallbacks=38916, suppressed=188, injectionFailures=0, refreshRequested=False, sinceRefreshMs=7000, leftAlt=False/False/False, rightAlt=False/False/False, leftCtrl=False/False/False, rightCtrl=False/False/False, asyncAlt=False/False, asyncCtrl=False/False, capturedKeys=0, capsCaptured=False, otherKeysCount=0, droppedLogs=0.
2026-10-08T11:24:47.1060817+09:00 Hooks registered: generation=244, keyboard=0x12F40EB1, mouse=0x19B90E17, keyboard callbacks=6811, mouse callbacks=39175.
2026-10-08T11:24:52.1012195+09:00 Hook status (periodic): generation=244, enabled=True, emacsEnabled=True, emacsActive=True, keyboardCallbacks=6811, mouseCallbacks=39175, suppressed=188, injectionFailures=0, refreshRequested=False, sinceRefreshMs=5000, leftAlt=False/False/False, rightAlt=False/False/False, leftCtrl=False/False/False, rightCtrl=False/False/False, asyncAlt=False/False, asyncCtrl=False/False, capturedKeys=0, capsCaptured=False, otherKeysCount=0, droppedLogs=0.
2026-10-08T11:25:17.1097348+09:00 Hooks registered: generation=245, keyboard=0x15E00EAD, mouse=0x420F9F, keyboard callbacks=6811, mouse callbacks=39175.
2026-10-08T11:25:22.1097398+09:00 Hook status (periodic): generation=245, enabled=True, emacsEnabled=True, emacsActive=True, keyboardCallbacks=6811, mouseCallbacks=39175, suppressed=188, injectionFailures=0, refreshRequested=False, sinceRefreshMs=5000, leftAlt=False/False/False, rightAlt=False/False/False, leftCtrl=False/False/False, rightCtrl=False/False/False, asyncAlt=False/False, asyncCtrl=False/False, capturedKeys=0, capsCaptured=False, otherKeysCount=0, droppedLogs=0.
2026-10-08T11:25:47.1496637+09:00 Hooks registered: generation=246, keyboard=0xC200FA9, mouse=0x5950D43, keyboard callbacks=6811, mouse callbacks=39175.
2026-10-08T11:25:52.1435526+09:00 Hook status (periodic): generation=246, enabled=True, emacsEnabled=True, emacsActive=True, keyboardCallbacks=6811, mouseCallbacks=39175, suppressed=188, injectionFailures=0, refreshRequested=False, sinceRefreshMs=5000, leftAlt=False/False/False, rightAlt=False/False/False, leftCtrl=False/False/False, rightCtrl=False/False/False, asyncAlt=False/False, asyncCtrl=False/False, capturedKeys=0, capsCaptured=False, otherKeysCount=0, droppedLogs=0.
2026-10-08T11:26:17.2209266+09:00 Hooks registered: generation=247, keyboard=0x36F0E83, mouse=0x35C0EE1, keyboard callbacks=6811, mouse callbacks=39175.
2026-10-08T11:26:22.2292092+09:00 Hook status (periodic): generation=247, enabled=True, emacsEnabled=True, emacsActive=True, keyboardCallbacks=6811, mouseCallbacks=39175, suppressed=188, injectionFailures=0, refreshRequested=False, sinceRefreshMs=5015, leftAlt=False/False/False, rightAlt=False/False/False, leftCtrl=False/False/False, rightCtrl=False/False/False, asyncAlt=False/False, asyncCtrl=False/False, capturedKeys=0, capsCaptured=False, otherKeysCount=0, droppedLogs=0.
2026-10-08T11:26:47.2830515+09:00 Hooks registered: generation=248, keyboard=0x19E80E17, mouse=0x116B0FB3, keyboard callbacks=6811, mouse callbacks=39175.
2026-10-08T11:26:52.2745256+09:00 Hook status (periodic): generation=248, enabled=True, emacsEnabled=True, emacsActive=True, keyboardCallbacks=6811, mouseCallbacks=39175, suppressed=188, injectionFailures=0, refreshRequested=False, sinceRefreshMs=5000, leftAlt=False/False/False, rightAlt=False/False/False, leftCtrl=False/False/False, rightCtrl=False/False/False, asyncAlt=False/False, asyncCtrl=False/False, capturedKeys=0, capsCaptured=False, otherKeysCount=0, droppedLogs=0.
2026-10-08T11:27:17.2826810+09:00 Hooks registered: generation=249, keyboard=0x86E0F81, mouse=0x6D10175, keyboard callbacks=6811, mouse callbacks=39385.
2026-10-08T11:27:22.2738011+09:00 Hook status (periodic): generation=249, enabled=True, emacsEnabled=True, emacsActive=True, keyboardCallbacks=6813, mouseCallbacks=39385, suppressed=188, injectionFailures=0, refreshRequested=False, sinceRefreshMs=5000, leftAlt=False/False/False, rightAlt=False/False/False, leftCtrl=False/False/False, rightCtrl=False/False/False, asyncAlt=False/False, asyncCtrl=False/False, capturedKeys=0, capsCaptured=False, otherKeysCount=0, droppedLogs=0.
2026-10-08T11:27:52.2921955+09:00 Hook status (periodic): generation=249, enabled=True, emacsEnabled=True, emacsActive=True, keyboardCallbacks=6843, mouseCallbacks=40034, suppressed=188, injectionFailures=0, refreshRequested=False, sinceRefreshMs=35016, leftAlt=False/False/False, rightAlt=False/False/False, leftCtrl=False/False/False, rightCtrl=False/False/False, asyncAlt=False/False, asyncCtrl=False/False, capturedKeys=0, capsCaptured=False, otherKeysCount=0, droppedLogs=0.
2026-10-08T11:27:56.2937386+09:00 Hooks registered: generation=250, keyboard=0x10B0F9F, mouse=0x8AD0FD9, keyboard callbacks=6851, mouse callbacks=40103.
2026-10-08T11:28:22.3445872+09:00 Hook status (periodic): generation=250, enabled=True, emacsEnabled=True, emacsActive=True, keyboardCallbacks=6851, mouseCallbacks=40808, suppressed=188, injectionFailures=0, refreshRequested=False, sinceRefreshMs=26047, leftAlt=False/False/False, rightAlt=False/False/False, leftCtrl=False/False/False, rightCtrl=False/False/False, asyncAlt=False/False, asyncCtrl=False/False, capturedKeys=0, capsCaptured=False, otherKeysCount=0, droppedLogs=0.
2026-10-08T11:28:37.3516173+09:00 Hooks registered: generation=251, keyboard=0x98A0F67, mouse=0x11C0F7D, keyboard callbacks=6857, mouse callbacks=41601.
2026-10-08T11:28:52.3528276+09:00 Hook status (periodic): generation=251, enabled=True, emacsEnabled=True, emacsActive=True, keyboardCallbacks=6857, mouseCallbacks=41716, suppressed=190, injectionFailures=0, refreshRequested=False, sinceRefreshMs=15000, leftAlt=False/False/False, rightAlt=False/False/False, leftCtrl=False/False/False, rightCtrl=False/False/False, asyncAlt=False/False, asyncCtrl=False/False, capturedKeys=0, capsCaptured=False, otherKeysCount=0, droppedLogs=0.
2026-10-08T11:29:09.3610435+09:00 Hooks registered: generation=252, keyboard=0x28C0F41, mouse=0xAC40E95, keyboard callbacks=6857, mouse callbacks=41883.
2026-10-08T11:29:22.3500279+09:00 Hook status (periodic): generation=252, enabled=True, emacsEnabled=True, emacsActive=True, keyboardCallbacks=6857, mouseCallbacks=42133, suppressed=190, injectionFailures=0, refreshRequested=False, sinceRefreshMs=13000, leftAlt=False/False/False, rightAlt=False/False/False, leftCtrl=False/False/False, rightCtrl=False/False/False, asyncAlt=False/False, asyncCtrl=False/False, capturedKeys=0, capsCaptured=False, otherKeysCount=0, droppedLogs=0.
2026-10-08T11:29:39.3498011+09:00 Hooks registered: generation=253, keyboard=0x3E50EE1, mouse=0xA6A0423, keyboard callbacks=6857, mouse callbacks=42221.
2026-10-08T11:29:52.3488306+09:00 Hook status (periodic): generation=253, enabled=True, emacsEnabled=True, emacsActive=True, keyboardCallbacks=6869, mouseCallbacks=42563, suppressed=194, injectionFailures=0, refreshRequested=False, sinceRefreshMs=13000, leftAlt=False/False/False, rightAlt=False/False/False, leftCtrl=False/False/False, rightCtrl=False/False/False, asyncAlt=False/False, asyncCtrl=False/False, capturedKeys=0, capsCaptured=False, otherKeysCount=0, droppedLogs=0.
2026-10-08T11:30:09.3600359+09:00 Hooks registered: generation=254, keyboard=0xA610F67, mouse=0x30A0EC3, keyboard callbacks=6869, mouse callbacks=42947.
2026-10-08T11:30:22.4025250+09:00 Hook status (periodic): generation=254, enabled=True, emacsEnabled=True, emacsActive=True, keyboardCallbacks=6875, mouseCallbacks=43476, suppressed=196, injectionFailures=0, refreshRequested=False, sinceRefreshMs=13047, leftAlt=False/False/False, rightAlt=False/False/False, leftCtrl=False/False/False, rightCtrl=False/False/False, asyncAlt=False/False, asyncCtrl=False/False, capturedKeys=0, capsCaptured=False, otherKeysCount=0, droppedLogs=0.
2026-10-08T11:30:52.4185083+09:00 Hook status (periodic): generation=254, enabled=True, emacsEnabled=True, emacsActive=True, keyboardCallbacks=6893, mouseCallbacks=44461, suppressed=202, injectionFailures=0, refreshRequested=False, sinceRefreshMs=43063, leftAlt=False/False/False, rightAlt=False/False/False, leftCtrl=False/False/False, rightCtrl=False/False/False, asyncAlt=False/False, asyncCtrl=False/False, capturedKeys=0, capsCaptured=False, otherKeysCount=0, droppedLogs=0.
2026-10-08T11:31:09.4551667+09:00 Hooks registered: generation=255, keyboard=0xA8B0FD9, mouse=0x54C0EB9, keyboard callbacks=6899, mouse callbacks=44863.
2026-10-08T11:31:22.4805587+09:00 Hook status (periodic): generation=255, enabled=True, emacsEnabled=True, emacsActive=True, keyboardCallbacks=6923, mouseCallbacks=44943, suppressed=212, injectionFailures=0, refreshRequested=False, sinceRefreshMs=13031, leftAlt=False/False/False, rightAlt=False/False/False, leftCtrl=False/False/False, rightCtrl=False/False/False, asyncAlt=False/False, asyncCtrl=False/False, capturedKeys=0, capsCaptured=False, otherKeysCount=0, droppedLogs=0.
2026-10-08T11:31:47.4811724+09:00 Hooks registered: generation=256, keyboard=0x64E0FB1, mouse=0x2580F89, keyboard callbacks=6953, mouse callbacks=46085.
2026-10-08T11:31:52.4715220+09:00 Hook status (periodic): generation=256, enabled=True, emacsEnabled=True, emacsActive=True, keyboardCallbacks=6985, mouseCallbacks=46202, suppressed=214, injectionFailures=0, refreshRequested=False, sinceRefreshMs=5000, leftAlt=False/False/False, rightAlt=False/False/False, leftCtrl=False/False/False, rightCtrl=False/False/False, asyncAlt=False/False, asyncCtrl=False/False, capturedKeys=0, capsCaptured=False, otherKeysCount=0, droppedLogs=0.
2026-10-08T11:32:19.4823234+09:00 Hooks registered: generation=257, keyboard=0x6E80F41, mouse=0xE50F0D, keyboard callbacks=7015, mouse callbacks=47190.
2026-10-08T11:32:22.4722324+09:00 Hook status (periodic): generation=257, enabled=True, emacsEnabled=True, emacsActive=True, keyboardCallbacks=7015, mouseCallbacks=47391, suppressed=216, injectionFailures=0, refreshRequested=False, sinceRefreshMs=3000, leftAlt=False/False/False, rightAlt=False/False/False, leftCtrl=False/False/False, rightCtrl=False/False/False, asyncAlt=False/False, asyncCtrl=False/False, capturedKeys=0, capsCaptured=False, otherKeysCount=0, droppedLogs=0.
2026-10-08T11:32:52.4764270+09:00 Hook status (periodic): generation=257, enabled=True, emacsEnabled=True, emacsActive=True, keyboardCallbacks=7057, mouseCallbacks=47894, suppressed=222, injectionFailures=0, refreshRequested=False, sinceRefreshMs=33000, leftAlt=False/False/False, rightAlt=False/False/False, leftCtrl=False/False/False, rightCtrl=False/False/False, asyncAlt=False/False, asyncCtrl=False/False, capturedKeys=0, capsCaptured=False, otherKeysCount=0, droppedLogs=0.
2026-10-08T11:33:07.4988371+09:00 Hooks registered: generation=258, keyboard=0x10550F61, mouse=0x3BB0F83, keyboard callbacks=7063, mouse callbacks=48344.
2026-10-08T11:33:22.5225626+09:00 Hook status (periodic): generation=258, enabled=True, emacsEnabled=True, emacsActive=True, keyboardCallbacks=7063, mouseCallbacks=48784, suppressed=224, injectionFailures=0, refreshRequested=False, sinceRefreshMs=15031, leftAlt=False/False/False, rightAlt=False/False/False, leftCtrl=False/False/False, rightCtrl=False/False/False, asyncAlt=False/False, asyncCtrl=False/False, capturedKeys=0, capsCaptured=False, otherKeysCount=0, droppedLogs=0.
2026-10-08T11:33:44.5210440+09:00 Hooks registered: generation=259, keyboard=0x15EE0FB3, mouse=0x1A2001CD, keyboard callbacks=7093, mouse callbacks=49453.
2026-10-08T11:33:52.5288697+09:00 Hook status (periodic): generation=259, enabled=True, emacsEnabled=True, emacsActive=True, keyboardCallbacks=7093, mouseCallbacks=49683, suppressed=234, injectionFailures=0, refreshRequested=False, sinceRefreshMs=8000, leftAlt=False/False/False, rightAlt=False/False/False, leftCtrl=False/False/False, rightCtrl=False/False/False, asyncAlt=False/False, asyncCtrl=False/False, capturedKeys=0, capsCaptured=False, otherKeysCount=0, droppedLogs=0.
2026-10-08T11:34:16.5677771+09:00 Hooks registered: generation=260, keyboard=0xA130EF7, mouse=0xD070E3F, keyboard callbacks=7141, mouse callbacks=50453.
2026-10-08T11:34:22.6121210+09:00 Hook status (periodic): generation=260, enabled=True, emacsEnabled=True, emacsActive=True, keyboardCallbacks=7152, mouseCallbacks=50539, suppressed=242, injectionFailures=0, refreshRequested=False, sinceRefreshMs=6047, leftAlt=False/False/False, rightAlt=False/False/False, leftCtrl=False/False/False, rightCtrl=False/False/False, asyncAlt=False/False, asyncCtrl=False/False, capturedKeys=0, capsCaptured=False, otherKeysCount=1, droppedLogs=0.
2026-10-08T11:34:46.6448733+09:00 Hooks registered: generation=261, keyboard=0xBD10D43, mouse=0x810FE7, keyboard callbacks=7203, mouse callbacks=51012.
2026-10-08T11:34:52.6457862+09:00 Hook status (periodic): generation=261, enabled=True, emacsEnabled=True, emacsActive=True, keyboardCallbacks=7203, mouseCallbacks=51012, suppressed=244, injectionFailures=0, refreshRequested=False, sinceRefreshMs=6000, leftAlt=False/False/False, rightAlt=False/False/False, leftCtrl=False/False/False, rightCtrl=False/False/False, asyncAlt=False/False, asyncCtrl=False/False, capturedKeys=0, capsCaptured=False, otherKeysCount=0, droppedLogs=0.
2026-10-08T11:35:22.6951971+09:00 Hook status (periodic): generation=261, enabled=True, emacsEnabled=True, emacsActive=True, keyboardCallbacks=7385, mouseCallbacks=51012, suppressed=244, injectionFailures=0, refreshRequested=False, sinceRefreshMs=36047, leftAlt=False/False/False, rightAlt=False/False/False, leftCtrl=False/False/False, rightCtrl=False/False/False, asyncAlt=False/False, asyncCtrl=False/False, capturedKeys=0, capsCaptured=False, otherKeysCount=1, droppedLogs=0.
2026-10-08T11:35:28.6951171+09:00 Hooks registered: generation=262, keyboard=0x1B290ED1, mouse=0x2D90F65, keyboard callbacks=7533, mouse callbacks=51012.
2026-10-08T11:35:52.6965321+09:00 Hook status (periodic): generation=262, enabled=True, emacsEnabled=True, emacsActive=True, keyboardCallbacks=7577, mouseCallbacks=51543, suppressed=244, injectionFailures=0, refreshRequested=False, sinceRefreshMs=24000, leftAlt=False/False/False, rightAlt=False/False/False, leftCtrl=False/False/False, rightCtrl=False/False/False, asyncAlt=False/False, asyncCtrl=False/False, capturedKeys=0, capsCaptured=False, otherKeysCount=0, droppedLogs=0.
2026-10-08T11:35:59.7136152+09:00 Hooks registered: generation=263, keyboard=0x640DFE, mouse=0x50F76, keyboard callbacks=7603, mouse callbacks=51543.
2026-10-08T11:36:22.7293702+09:00 Hook status (periodic): generation=263, enabled=True, emacsEnabled=True, emacsActive=True, keyboardCallbacks=7700, mouseCallbacks=51543, suppressed=250, injectionFailures=0, refreshRequested=False, sinceRefreshMs=23015, leftAlt=False/False/False, rightAlt=False/False/False, leftCtrl=False/False/False, rightCtrl=False/False/False, asyncAlt=False/False, asyncCtrl=False/False, capturedKeys=0, capsCaptured=False, otherKeysCount=0, droppedLogs=0.
2026-10-08T11:36:29.7271820+09:00 Hooks registered: generation=264, keyboard=0x2570F73, mouse=0x23F0E6F, keyboard callbacks=7714, mouse callbacks=51543.
2026-10-08T11:36:52.7306296+09:00 Hook status (periodic): generation=264, enabled=True, emacsEnabled=True, emacsActive=True, keyboardCallbacks=7772, mouseCallbacks=51999, suppressed=252, injectionFailures=0, refreshRequested=False, sinceRefreshMs=23000, leftAlt=False/False/False, rightAlt=False/False/False, leftCtrl=False/False/False, rightCtrl=False/False/False, asyncAlt=False/False, asyncCtrl=False/False, capturedKeys=0, capsCaptured=False, otherKeysCount=0, droppedLogs=0.
2026-10-08T11:37:06.7241665+09:00 Hooks registered: generation=265, keyboard=0x1440FEF, mouse=0xA890EF7, keyboard callbacks=7803, mouse callbacks=52326.
2026-10-08T11:37:22.7326913+09:00 Hook status (periodic): generation=265, enabled=True, emacsEnabled=True, emacsActive=True, keyboardCallbacks=7837, mouseCallbacks=52326, suppressed=254, injectionFailures=0, refreshRequested=False, sinceRefreshMs=16000, leftAlt=False/False/False, rightAlt=False/False/False, leftCtrl=False/False/False, rightCtrl=False/False/False, asyncAlt=False/False, asyncCtrl=False/False, capturedKeys=0, capsCaptured=False, otherKeysCount=0, droppedLogs=0.
2026-10-08T11:37:36.7283372+09:00 Hooks registered: generation=266, keyboard=0x6C0F8F, mouse=0x9FB0F75, keyboard callbacks=7837, mouse callbacks=52326.
2026-10-08T11:37:52.7272074+09:00 Hook status (periodic): generation=266, enabled=True, emacsEnabled=True, emacsActive=True, keyboardCallbacks=7837, mouseCallbacks=52326, suppressed=254, injectionFailures=0, refreshRequested=False, sinceRefreshMs=16000, leftAlt=False/False/False, rightAlt=False/False/False, leftCtrl=False/False/False, rightCtrl=False/False/False, asyncAlt=False/False, asyncCtrl=False/False, capturedKeys=0, capsCaptured=False, otherKeysCount=0, droppedLogs=0.
2026-10-08T11:38:06.7295265+09:00 Hooks registered: generation=267, keyboard=0x19D20F31, mouse=0x1D60FFF, keyboard callbacks=7837, mouse callbacks=52326.
2026-10-08T11:38:22.7757865+09:00 Hook status (periodic): generation=267, enabled=True, emacsEnabled=True, emacsActive=True, keyboardCallbacks=7837, mouseCallbacks=52326, suppressed=254, injectionFailures=0, refreshRequested=False, sinceRefreshMs=16047, leftAlt=False/False/False, rightAlt=False/False/False, leftCtrl=False/False/False, rightCtrl=False/False/False, asyncAlt=False/False, asyncCtrl=False/False, capturedKeys=0, capsCaptured=False, otherKeysCount=0, droppedLogs=0.
2026-10-08T11:38:36.7713101+09:00 Hooks registered: generation=268, keyboard=0x16320EAD, mouse=0x42F0F83, keyboard callbacks=7837, mouse callbacks=52326.
2026-10-08T11:38:52.7808874+09:00 Hook status (periodic): generation=268, enabled=True, emacsEnabled=True, emacsActive=True, keyboardCallbacks=7837, mouseCallbacks=52326, suppressed=254, injectionFailures=0, refreshRequested=False, sinceRefreshMs=16000, leftAlt=False/False/False, rightAlt=False/False/False, leftCtrl=False/False/False, rightCtrl=False/False/False, asyncAlt=False/False, asyncCtrl=False/False, capturedKeys=0, capsCaptured=False, otherKeysCount=0, droppedLogs=0.
2026-10-08T11:39:06.8129749+09:00 Hooks registered: generation=269, keyboard=0x5C20EDB, mouse=0x3820FB7, keyboard callbacks=7837, mouse callbacks=52326.
2026-10-08T11:39:22.8618091+09:00 Hook status (periodic): generation=269, enabled=True, emacsEnabled=True, emacsActive=True, keyboardCallbacks=7837, mouseCallbacks=52326, suppressed=254, injectionFailures=0, refreshRequested=False, sinceRefreshMs=16046, leftAlt=False/False/False, rightAlt=False/False/False, leftCtrl=False/False/False, rightCtrl=False/False/False, asyncAlt=False/False, asyncCtrl=False/False, capturedKeys=0, capsCaptured=False, otherKeysCount=0, droppedLogs=0.
2026-10-08T11:39:36.8588093+09:00 Hooks registered: generation=270, keyboard=0x37C0FBD, mouse=0xA900EF7, keyboard callbacks=7837, mouse callbacks=52326.
2026-10-08T11:39:52.8614162+09:00 Hook status (periodic): generation=270, enabled=True, emacsEnabled=True, emacsActive=True, keyboardCallbacks=7837, mouseCallbacks=52326, suppressed=254, injectionFailures=0, refreshRequested=False, sinceRefreshMs=16000, leftAlt=False/False/False, rightAlt=False/False/False, leftCtrl=False/False/False, rightCtrl=False/False/False, asyncAlt=False/False, asyncCtrl=False/False, capturedKeys=0, capsCaptured=False, otherKeysCount=0, droppedLogs=0.
2026-10-08T11:40:06.8984166+09:00 Hooks registered: generation=271, keyboard=0xE00FE1, mouse=0xBEE0E9F, keyboard callbacks=7899, mouse callbacks=52326.
2026-10-08T11:40:58.7131612+09:00 Session started: id=89d716fc03834599b868164ea41981d4, version=0.3.3.0, pid=15384, verbose=False, OS=10.0.26300.0, 64bit=True.
2026-10-08T11:40:58.7389857+09:00 Windows Forms initialized.
2026-10-08T11:40:58.8535997+09:00 Dedicated hook thread started: managed thread 7.
2026-10-08T11:40:58.8536143+09:00 Initial keyboard mode: Emacs.
2026-10-08T11:40:58.8547257+09:00 Hooks registered: generation=1, keyboard=0x9092B, mouse=0x10945, keyboard callbacks=0, mouse callbacks=0.
2026-10-08T11:40:58.8552048+09:00 Hook status (startup): generation=1, enabled=True, emacsEnabled=True, emacsActive=True, keyboardCallbacks=0, mouseCallbacks=0, suppressed=0, injectionFailures=0, refreshRequested=False, sinceRefreshMs=0, leftAlt=False/False/False, rightAlt=False/False/False, leftCtrl=False/False/False, rightCtrl=False/False/False, asyncAlt=False/False, asyncCtrl=False/False, capturedKeys=0, capsCaptured=False, otherKeysCount=0, droppedLogs=0.
2026-10-08T11:40:58.8943033+09:00 Tray application context initialized.
2026-10-08T11:41:28.8486642+09:00 Hook status (periodic): generation=1, enabled=True, emacsEnabled=True, emacsActive=True, keyboardCallbacks=70, mouseCallbacks=737, suppressed=0, injectionFailures=0, refreshRequested=False, sinceRefreshMs=30000, leftAlt=False/False/False, rightAlt=False/False/False, leftCtrl=False/False/False, rightCtrl=False/False/False, asyncAlt=False/False, asyncCtrl=False/False, capturedKeys=0, capsCaptured=False, otherKeysCount=0, droppedLogs=0.
2026-10-08T11:41:33.8514246+09:00 Hooks registered: generation=2, keyboard=0x1C0B7D, mouse=0x30B69, keyboard callbacks=80, mouse callbacks=923.
2026-10-08T11:41:58.8628241+09:00 Hook status (periodic): generation=2, enabled=True, emacsEnabled=True, emacsActive=True, keyboardCallbacks=80, mouseCallbacks=1833, suppressed=2, injectionFailures=0, refreshRequested=False, sinceRefreshMs=25016, leftAlt=False/False/False, rightAlt=False/False/False, leftCtrl=False/False/False, rightCtrl=False/False/False, asyncAlt=False/False, asyncCtrl=False/False, capturedKeys=0, capsCaptured=False, otherKeysCount=0, droppedLogs=0.
2026-10-08T11:42:14.9200759+09:00 Hooks registered: generation=3, keyboard=0x4E0DAF, mouse=0x30DF5, keyboard callbacks=112, mouse callbacks=2178.
2026-10-08T11:42:28.9186343+09:00 Hook status (periodic): generation=3, enabled=True, emacsEnabled=True, emacsActive=True, keyboardCallbacks=142, mouseCallbacks=2494, suppressed=4, injectionFailures=0, refreshRequested=False, sinceRefreshMs=14000, leftAlt=False/False/False, rightAlt=False/False/False, leftCtrl=False/False/False, rightCtrl=False/False/False, asyncAlt=False/False, asyncCtrl=False/False, capturedKeys=0, capsCaptured=False, otherKeysCount=0, droppedLogs=0.
2026-10-08T11:42:48.9550443+09:00 Hooks registered: generation=4, keyboard=0xB109FD, mouse=0x3A01CF, keyboard callbacks=190, mouse callbacks=3191.
2026-10-08T11:42:58.9758992+09:00 Hook status (periodic): generation=4, enabled=True, emacsEnabled=True, emacsActive=True, keyboardCallbacks=212, mouseCallbacks=3257, suppressed=4, injectionFailures=0, refreshRequested=False, sinceRefreshMs=10031, leftAlt=False/False/False, rightAlt=False/False/False, leftCtrl=False/False/False, rightCtrl=False/False/False, asyncAlt=False/False, asyncCtrl=False/False, capturedKeys=0, capsCaptured=False, otherKeysCount=0, droppedLogs=0.
2026-10-08T11:43:19.9800418+09:00 Hooks registered: generation=5, keyboard=0x6200F3, mouse=0x630991, keyboard callbacks=278, mouse callbacks=3515.
2026-10-08T11:43:28.9850824+09:00 Hook status (periodic): generation=5, enabled=True, emacsEnabled=True, emacsActive=True, keyboardCallbacks=278, mouseCallbacks=3753, suppressed=4, injectionFailures=0, refreshRequested=False, sinceRefreshMs=9000, leftAlt=False/False/False, rightAlt=False/False/False, leftCtrl=False/False/False, rightCtrl=False/False/False, asyncAlt=False/False, asyncCtrl=False/False, capturedKeys=0, capsCaptured=False, otherKeysCount=0, droppedLogs=0.
2026-10-08T11:43:57.0221542+09:00 Hooks registered: generation=6, keyboard=0x1303A9, mouse=0x4D08C9, keyboard callbacks=278, mouse callbacks=4463.
2026-10-08T11:43:59.0245142+09:00 Hook status (periodic): generation=6, enabled=True, emacsEnabled=True, emacsActive=True, keyboardCallbacks=278, mouseCallbacks=4463, suppressed=4, injectionFailures=0, refreshRequested=False, sinceRefreshMs=2000, leftAlt=False/False/False, rightAlt=False/False/False, leftCtrl=False/False/False, rightCtrl=False/False/False, asyncAlt=False/False, asyncCtrl=False/False, capturedKeys=0, capsCaptured=False, otherKeysCount=0, droppedLogs=0.
2026-10-08T11:44:29.0245725+09:00 Hook status (periodic): generation=6, enabled=True, emacsEnabled=True, emacsActive=True, keyboardCallbacks=344, mouseCallbacks=5325, suppressed=8, injectionFailures=0, refreshRequested=False, sinceRefreshMs=32000, leftAlt=False/False/False, rightAlt=False/False/False, leftCtrl=False/False/False, rightCtrl=False/False/False, asyncAlt=False/False, asyncCtrl=False/False, capturedKeys=0, capsCaptured=False, otherKeysCount=0, droppedLogs=0.
2026-10-08T11:44:30.0187806+09:00 Hooks registered: generation=7, keyboard=0x3A04A5, mouse=0x2C00A39, keyboard callbacks=344, mouse callbacks=5325.
2026-10-08T11:44:59.0295064+09:00 Hook status (periodic): generation=7, enabled=True, emacsEnabled=True, emacsActive=True, keyboardCallbacks=410, mouseCallbacks=5885, suppressed=8, injectionFailures=0, refreshRequested=False, sinceRefreshMs=29000, leftAlt=False/False/False, rightAlt=False/False/False, leftCtrl=False/False/False, rightCtrl=False/False/False, asyncAlt=False/False, asyncCtrl=False/False, capturedKeys=0, capsCaptured=False, otherKeysCount=0, droppedLogs=0.
2026-10-08T11:45:12.0589482+09:00 Hooks registered: generation=8, keyboard=0x16C099F, mouse=0x808C5, keyboard callbacks=442, mouse callbacks=6171.
2026-10-08T11:45:29.0964539+09:00 Hook status (periodic): generation=8, enabled=True, emacsEnabled=True, emacsActive=True, keyboardCallbacks=442, mouseCallbacks=6611, suppressed=8, injectionFailures=0, refreshRequested=False, sinceRefreshMs=17046, leftAlt=False/False/False, rightAlt=False/False/False, leftCtrl=False/False/False, rightCtrl=False/False/False, asyncAlt=False/False, asyncCtrl=False/False, capturedKeys=0, capsCaptured=False, otherKeysCount=0, droppedLogs=0.
2026-10-08T11:45:42.1013314+09:00 Hooks registered: generation=9, keyboard=0xBF020F, mouse=0x810363, keyboard callbacks=442, mouse callbacks=6752.
2026-10-08T11:45:59.1046546+09:00 Hook status (periodic): generation=9, enabled=True, emacsEnabled=True, emacsActive=True, keyboardCallbacks=516, mouseCallbacks=6752, suppressed=8, injectionFailures=0, refreshRequested=False, sinceRefreshMs=17000, leftAlt=False/False/False, rightAlt=False/False/False, leftCtrl=False/False/False, rightCtrl=False/False/False, asyncAlt=False/False, asyncCtrl=False/False, capturedKeys=0, capsCaptured=False, otherKeysCount=0, droppedLogs=0.
2026-10-08T11:46:12.1210040+09:00 Hooks registered: generation=10, keyboard=0x1EB09FD, mouse=0x7B0D4B, keyboard callbacks=534, mouse callbacks=6752.
2026-10-08T11:46:29.1523092+09:00 Hook status (periodic): generation=10, enabled=True, emacsEnabled=True, emacsActive=True, keyboardCallbacks=578, mouseCallbacks=6752, suppressed=8, injectionFailures=0, refreshRequested=False, sinceRefreshMs=17031, leftAlt=False/False/False, rightAlt=False/False/False, leftCtrl=False/False/False, rightCtrl=False/False/False, asyncAlt=False/False, asyncCtrl=False/False, capturedKeys=0, capsCaptured=False, otherKeysCount=0, droppedLogs=0.
2026-10-08T11:46:42.1460529+09:00 Hooks registered: generation=11, keyboard=0x950D4D, mouse=0xCE00C5, keyboard callbacks=598, mouse callbacks=6752.
2026-10-08T11:46:59.1818633+09:00 Hook status (periodic): generation=11, enabled=True, emacsEnabled=True, emacsActive=True, keyboardCallbacks=647, mouseCallbacks=6752, suppressed=10, injectionFailures=0, refreshRequested=False, sinceRefreshMs=17032, leftAlt=False/False/False, rightAlt=False/False/False, leftCtrl=False/False/False, rightCtrl=False/False/False, asyncAlt=False/False, asyncCtrl=False/False, capturedKeys=0, capsCaptured=False, otherKeysCount=1, droppedLogs=0.
2026-10-08T11:47:20.1984616+09:00 Hooks registered: generation=12, keyboard=0xC206BB, mouse=0x1120DB9, keyboard callbacks=664, mouse callbacks=7235.
2026-10-08T11:47:29.2003630+09:00 Hook status (periodic): generation=12, enabled=True, emacsEnabled=True, emacsActive=True, keyboardCallbacks=664, mouseCallbacks=7667, suppressed=12, injectionFailures=0, refreshRequested=False, sinceRefreshMs=9000, leftAlt=False/False/False, rightAlt=False/False/False, leftCtrl=False/False/False, rightCtrl=False/False/False, asyncAlt=False/False, asyncCtrl=False/False, capturedKeys=0, capsCaptured=False, otherKeysCount=0, droppedLogs=0.
2026-10-08T11:47:59.1961097+09:00 Hook status (periodic): generation=12, enabled=True, emacsEnabled=True, emacsActive=True, keyboardCallbacks=764, mouseCallbacks=8412, suppressed=22, injectionFailures=0, refreshRequested=False, sinceRefreshMs=39000, leftAlt=False/False/False, rightAlt=False/False/False, leftCtrl=False/False/False, rightCtrl=False/False/False, asyncAlt=False/False, asyncCtrl=False/False, capturedKeys=0, capsCaptured=False, otherKeysCount=0, droppedLogs=0.
2026-10-08T11:48:19.2052801+09:00 Hooks registered: generation=13, keyboard=0x1B006CF, mouse=0x9F045F, keyboard callbacks=892, mouse callbacks=8564.
2026-10-08T11:48:29.1996248+09:00 Hook status (periodic): generation=13, enabled=True, emacsEnabled=True, emacsActive=True, keyboardCallbacks=892, mouseCallbacks=8564, suppressed=28, injectionFailures=0, refreshRequested=False, sinceRefreshMs=10000, leftAlt=False/False/False, rightAlt=False/False/False, leftCtrl=False/False/False, rightCtrl=False/False/False, asyncAlt=False/False, asyncCtrl=False/False, capturedKeys=0, capsCaptured=False, otherKeysCount=0, droppedLogs=0.
2026-10-08T11:48:49.2231135+09:00 Hooks registered: generation=14, keyboard=0xF0053B, mouse=0xEA0B7D, keyboard callbacks=892, mouse callbacks=8702.
2026-10-08T11:48:59.2227970+09:00 Hook status (periodic): generation=14, enabled=True, emacsEnabled=True, emacsActive=True, keyboardCallbacks=892, mouseCallbacks=8702, suppressed=28, injectionFailures=0, refreshRequested=False, sinceRefreshMs=10000, leftAlt=False/False/False, rightAlt=False/False/False, leftCtrl=False/False/False, rightCtrl=False/False/False, asyncAlt=False/False, asyncCtrl=False/False, capturedKeys=0, capsCaptured=False, otherKeysCount=0, droppedLogs=0.
2026-10-08T11:49:19.2352297+09:00 Hooks registered: generation=15, keyboard=0x40461, mouse=0xB6015F, keyboard callbacks=892, mouse callbacks=8702.
2026-10-08T11:49:29.2329554+09:00 Hook status (periodic): generation=15, enabled=True, emacsEnabled=True, emacsActive=True, keyboardCallbacks=892, mouseCallbacks=8702, suppressed=28, injectionFailures=0, refreshRequested=False, sinceRefreshMs=10000, leftAlt=False/False/False, rightAlt=False/False/False, leftCtrl=False/False/False, rightCtrl=False/False/False, asyncAlt=False/False, asyncCtrl=False/False, capturedKeys=0, capsCaptured=False, otherKeysCount=0, droppedLogs=0.
2026-10-08T11:49:49.2953554+09:00 Hooks registered: generation=16, keyboard=0xB80391, mouse=0x1D700F1, keyboard callbacks=892, mouse callbacks=8702.
2026-10-08T11:49:59.2972684+09:00 Hook status (periodic): generation=16, enabled=True, emacsEnabled=True, emacsActive=True, keyboardCallbacks=892, mouseCallbacks=8702, suppressed=28, injectionFailures=0, refreshRequested=False, sinceRefreshMs=10000, leftAlt=False/False/False, rightAlt=False/False/False, leftCtrl=False/False/False, rightCtrl=False/False/False, asyncAlt=False/False, asyncCtrl=False/False, capturedKeys=0, capsCaptured=False, otherKeysCount=0, droppedLogs=0.
2026-10-08T11:50:19.3243372+09:00 Hooks registered: generation=17, keyboard=0x3C0913, mouse=0x12F04FB, keyboard callbacks=892, mouse callbacks=8702.
2026-10-08T11:50:29.3243388+09:00 Hook status (periodic): generation=17, enabled=True, emacsEnabled=True, emacsActive=True, keyboardCallbacks=912, mouseCallbacks=8835, suppressed=30, injectionFailures=0, refreshRequested=False, sinceRefreshMs=10000, leftAlt=False/False/False, rightAlt=False/False/False, leftCtrl=False/False/False, rightCtrl=False/False/False, asyncAlt=False/False, asyncCtrl=False/False, capturedKeys=0, capsCaptured=False, otherKeysCount=0, droppedLogs=0.
2026-10-08T11:50:59.3259383+09:00 Hook status (periodic): generation=17, enabled=True, emacsEnabled=True, emacsActive=True, keyboardCallbacks=932, mouseCallbacks=9424, suppressed=30, injectionFailures=0, refreshRequested=False, sinceRefreshMs=40000, leftAlt=False/False/False, rightAlt=False/False/False, leftCtrl=False/False/False, rightCtrl=False/False/False, asyncAlt=False/False, asyncCtrl=False/False, capturedKeys=0, capsCaptured=False, otherKeysCount=0, droppedLogs=0.
2026-10-08T11:51:11.3227271+09:00 Hooks registered: generation=18, keyboard=0x2E0E3D, mouse=0x3C0E1D, keyboard callbacks=1040, mouse callbacks=9424.
2026-10-08T11:51:29.3196321+09:00 Hook status (periodic): generation=18, enabled=True, emacsEnabled=True, emacsActive=True, keyboardCallbacks=1040, mouseCallbacks=9424, suppressed=32, injectionFailures=0, refreshRequested=False, sinceRefreshMs=18000, leftAlt=False/False/False, rightAlt=False/False/False, leftCtrl=False/False/False, rightCtrl=False/False/False, asyncAlt=False/False, asyncCtrl=False/False, capturedKeys=0, capsCaptured=False, otherKeysCount=0, droppedLogs=0.
2026-10-08T11:51:41.3293915+09:00 Hooks registered: generation=19, keyboard=0x4402D3, mouse=0x8B0DEF, keyboard callbacks=1040, mouse callbacks=9424.
2026-10-08T11:51:59.3255675+09:00 Hook status (periodic): generation=19, enabled=True, emacsEnabled=True, emacsActive=True, keyboardCallbacks=1040, mouseCallbacks=9424, suppressed=32, injectionFailures=0, refreshRequested=False, sinceRefreshMs=18000, leftAlt=False/False/False, rightAlt=False/False/False, leftCtrl=False/False/False, rightCtrl=False/False/False, asyncAlt=False/False, asyncCtrl=False/False, capturedKeys=0, capsCaptured=False, otherKeysCount=0, droppedLogs=0.
2026-10-08T11:52:11.3185437+09:00 Hooks registered: generation=20, keyboard=0xAA0123, mouse=0x50B9D, keyboard callbacks=1040, mouse callbacks=9424.
2026-10-08T11:52:29.3254094+09:00 Hook status (periodic): generation=20, enabled=True, emacsEnabled=True, emacsActive=True, keyboardCallbacks=1040, mouseCallbacks=9424, suppressed=32, injectionFailures=0, refreshRequested=False, sinceRefreshMs=18000, leftAlt=False/False/False, rightAlt=False/False/False, leftCtrl=False/False/False, rightCtrl=False/False/False, asyncAlt=False/False, asyncCtrl=False/False, capturedKeys=0, capsCaptured=False, otherKeysCount=0, droppedLogs=0.
2026-10-08T11:52:59.3161452+09:00 Hook status (periodic): generation=20, enabled=True, emacsEnabled=True, emacsActive=True, keyboardCallbacks=1229, mouseCallbacks=9424, suppressed=32, injectionFailures=0, refreshRequested=False, sinceRefreshMs=48000, leftAlt=False/False/False, rightAlt=False/False/False, leftCtrl=False/False/False, rightCtrl=False/False/False, asyncAlt=False/False, asyncCtrl=False/False, capturedKeys=0, capsCaptured=False, otherKeysCount=1, droppedLogs=0.
2026-10-08T11:53:03.3293995+09:00 Hooks registered: generation=21, keyboard=0x30702BD, mouse=0x135091F, keyboard callbacks=1262, mouse callbacks=9424.
2026-10-08T11:53:29.3237168+09:00 Hook status (periodic): generation=21, enabled=True, emacsEnabled=True, emacsActive=True, keyboardCallbacks=1334, mouseCallbacks=9424, suppressed=32, injectionFailures=0, refreshRequested=False, sinceRefreshMs=26000, leftAlt=False/False/False, rightAlt=False/False/False, leftCtrl=False/False/False, rightCtrl=False/False/False, asyncAlt=False/False, asyncCtrl=False/False, capturedKeys=0, capsCaptured=False, otherKeysCount=0, droppedLogs=0.
2026-10-08T11:53:50.3506881+09:00 Hooks registered: generation=22, keyboard=0x2A606AF, mouse=0x5E0913, keyboard callbacks=1526, mouse callbacks=9424.
2026-10-08T11:53:59.3483009+09:00 Hook status (periodic): generation=22, enabled=True, emacsEnabled=True, emacsActive=True, keyboardCallbacks=1526, mouseCallbacks=9480, suppressed=32, injectionFailures=0, refreshRequested=False, sinceRefreshMs=9000, leftAlt=False/False/False, rightAlt=False/False/False, leftCtrl=False/False/False, rightCtrl=False/False/False, asyncAlt=False/False, asyncCtrl=False/False, capturedKeys=0, capsCaptured=False, otherKeysCount=0, droppedLogs=0.
2026-10-08T11:54:20.4324478+09:00 Hooks registered: generation=23, keyboard=0x47E0881, mouse=0x2900541, keyboard callbacks=1528, mouse callbacks=9972.
2026-10-08T11:54:29.4451808+09:00 Hook status (periodic): generation=23, enabled=True, emacsEnabled=True, emacsActive=True, keyboardCallbacks=1528, mouseCallbacks=9972, suppressed=32, injectionFailures=0, refreshRequested=False, sinceRefreshMs=9015, leftAlt=False/False/False, rightAlt=False/False/False, leftCtrl=False/False/False, rightCtrl=False/False/False, asyncAlt=False/False, asyncCtrl=False/False, capturedKeys=0, capsCaptured=False, otherKeysCount=0, droppedLogs=0.
2026-10-08T11:54:50.4744820+09:00 Hooks registered: generation=24, keyboard=0x2BB01F7, mouse=0x2B10577, keyboard callbacks=1570, mouse callbacks=10086.
2026-10-08T11:54:59.5068452+09:00 Hook status (periodic): generation=24, enabled=True, emacsEnabled=True, emacsActive=True, keyboardCallbacks=1608, mouseCallbacks=10086, suppressed=32, injectionFailures=0, refreshRequested=False, sinceRefreshMs=9032, leftAlt=False/False/False, rightAlt=False/False/False, leftCtrl=False/False/False, rightCtrl=False/False/False, asyncAlt=False/False, asyncCtrl=False/False, capturedKeys=0, capsCaptured=False, otherKeysCount=0, droppedLogs=0.
2026-10-08T11:55:20.5429914+09:00 Hooks registered: generation=25, keyboard=0xA6E05ED, mouse=0x18A06BB, keyboard callbacks=1698, mouse callbacks=10086.
2026-10-08T11:55:29.5546673+09:00 Hook status (periodic): generation=25, enabled=True, emacsEnabled=True, emacsActive=True, keyboardCallbacks=1698, mouseCallbacks=10086, suppressed=32, injectionFailures=0, refreshRequested=False, sinceRefreshMs=9016, leftAlt=False/False/False, rightAlt=False/False/False, leftCtrl=False/False/False, rightCtrl=False/False/False, asyncAlt=False/False, asyncCtrl=False/False, capturedKeys=0, capsCaptured=False, otherKeysCount=0, droppedLogs=0.
2026-10-08T11:55:55.6066433+09:00 Hooks registered: generation=26, keyboard=0x6E40E31, mouse=0x1350DFD, keyboard callbacks=1774, mouse callbacks=10086.
2026-10-08T11:55:59.6032340+09:00 Hook status (periodic): generation=26, enabled=True, emacsEnabled=True, emacsActive=True, keyboardCallbacks=1774, mouseCallbacks=10086, suppressed=32, injectionFailures=0, refreshRequested=False, sinceRefreshMs=4000, leftAlt=False/False/False, rightAlt=False/False/False, leftCtrl=False/False/False, rightCtrl=False/False/False, asyncAlt=False/False, asyncCtrl=False/False, capturedKeys=0, capsCaptured=False, otherKeysCount=0, droppedLogs=0.
2026-10-08T11:56:28.6424113+09:00 Hooks registered: generation=27, keyboard=0x12A0E55, mouse=0x206091F, keyboard callbacks=1896, mouse callbacks=10086.
2026-10-08T11:56:29.6469848+09:00 Hook status (periodic): generation=27, enabled=True, emacsEnabled=True, emacsActive=True, keyboardCallbacks=1903, mouseCallbacks=10086, suppressed=38, injectionFailures=0, refreshRequested=False, sinceRefreshMs=1015, leftAlt=False/False/False, rightAlt=False/False/False, leftCtrl=False/False/False, rightCtrl=False/False/False, asyncAlt=False/False, asyncCtrl=False/False, capturedKeys=0, capsCaptured=False, otherKeysCount=1, droppedLogs=0.
2026-10-08T11:56:58.7386340+09:00 Hooks registered: generation=28, keyboard=0x1D90DBF, mouse=0x28E09FD, keyboard callbacks=1964, mouse callbacks=10184.
2026-10-08T11:56:59.7461520+09:00 Hook status (periodic): generation=28, enabled=True, emacsEnabled=True, emacsActive=True, keyboardCallbacks=1964, mouseCallbacks=10184, suppressed=38, injectionFailures=0, refreshRequested=False, sinceRefreshMs=1000, leftAlt=False/False/False, rightAlt=False/False/False, leftCtrl=False/False/False, rightCtrl=False/False/False, asyncAlt=False/False, asyncCtrl=False/False, capturedKeys=0, capsCaptured=False, otherKeysCount=0, droppedLogs=0.
2026-10-08T11:57:28.7998803+09:00 Hooks registered: generation=29, keyboard=0x272091F, mouse=0xCD0E43, keyboard callbacks=1978, mouse callbacks=10232.
2026-10-08T11:57:29.8044386+09:00 Hook status (periodic): generation=29, enabled=True, emacsEnabled=True, emacsActive=True, keyboardCallbacks=1978, mouseCallbacks=10232, suppressed=40, injectionFailures=0, refreshRequested=False, sinceRefreshMs=1000, leftAlt=False/False/False, rightAlt=False/False/False, leftCtrl=False/False/False, rightCtrl=False/False/False, asyncAlt=False/False, asyncCtrl=False/False, capturedKeys=0, capsCaptured=False, otherKeysCount=0, droppedLogs=0.
2026-10-08T11:57:58.8675708+09:00 Hooks registered: generation=30, keyboard=0x5B0E47, mouse=0x5F50881, keyboard callbacks=1978, mouse callbacks=10232.
2026-10-08T11:57:59.8725949+09:00 Hook status (periodic): generation=30, enabled=True, emacsEnabled=True, emacsActive=True, keyboardCallbacks=1978, mouseCallbacks=10232, suppressed=40, injectionFailures=0, refreshRequested=False, sinceRefreshMs=1000, leftAlt=False/False/False, rightAlt=False/False/False, leftCtrl=False/False/False, rightCtrl=False/False/False, asyncAlt=False/False, asyncCtrl=False/False, capturedKeys=0, capsCaptured=False, otherKeysCount=0, droppedLogs=0.
2026-10-08T11:58:28.8987764+09:00 Hooks registered: generation=31, keyboard=0x7080DF9, mouse=0x230393, keyboard callbacks=1978, mouse callbacks=10232.
2026-10-08T11:58:29.9034799+09:00 Hook status (periodic): generation=31, enabled=True, emacsEnabled=True, emacsActive=True, keyboardCallbacks=1980, mouseCallbacks=10232, suppressed=40, injectionFailures=0, refreshRequested=False, sinceRefreshMs=1000, leftAlt=False/False/False, rightAlt=False/False/False, leftCtrl=False/False/False, rightCtrl=False/False/False, asyncAlt=False/False, asyncCtrl=False/False, capturedKeys=0, capsCaptured=False, otherKeysCount=0, droppedLogs=0.
2026-10-08T11:58:58.9142746+09:00 Hooks registered: generation=32, keyboard=0xE70E43, mouse=0x2A80651, keyboard callbacks=2098, mouse callbacks=10232.
2026-10-08T11:58:59.9118369+09:00 Hook status (periodic): generation=32, enabled=True, emacsEnabled=True, emacsActive=True, keyboardCallbacks=2100, mouseCallbacks=10232, suppressed=42, injectionFailures=0, refreshRequested=False, sinceRefreshMs=1000, leftAlt=False/False/False, rightAlt=False/False/False, leftCtrl=False/False/False, rightCtrl=False/False/False, asyncAlt=False/False, asyncCtrl=False/False, capturedKeys=0, capsCaptured=False, otherKeysCount=0, droppedLogs=0.
2026-10-08T11:59:29.9728185+09:00 Hook status (periodic): generation=32, enabled=True, emacsEnabled=True, emacsActive=True, keyboardCallbacks=2150, mouseCallbacks=10268, suppressed=42, injectionFailures=0, refreshRequested=False, sinceRefreshMs=31062, leftAlt=False/False/False, rightAlt=False/False/False, leftCtrl=False/False/False, rightCtrl=False/False/False, asyncAlt=False/False, asyncCtrl=False/False, capturedKeys=0, capsCaptured=False, otherKeysCount=0, droppedLogs=0.
2026-10-08T11:59:29.9743454+09:00 Hooks registered: generation=33, keyboard=0x1010461, mouse=0x4F70E1F, keyboard callbacks=2150, mouse callbacks=10268.
2026-10-08T12:00:00.0613382+09:00 Hook status (periodic): generation=33, enabled=True, emacsEnabled=True, emacsActive=True, keyboardCallbacks=2264, mouseCallbacks=10268, suppressed=48, injectionFailures=0, refreshRequested=False, sinceRefreshMs=30079, leftAlt=False/False/False, rightAlt=False/False/False, leftCtrl=False/False/False, rightCtrl=False/False/False, asyncAlt=False/False, asyncCtrl=False/False, capturedKeys=0, capsCaptured=False, otherKeysCount=0, droppedLogs=0.
2026-10-08T12:00:00.0616178+09:00 Hooks registered: generation=34, keyboard=0x8F071F, mouse=0x1B40DEF, keyboard callbacks=2264, mouse callbacks=10268.
2026-10-08T12:00:30.1093978+09:00 Hook status (periodic): generation=34, enabled=True, emacsEnabled=True, emacsActive=True, keyboardCallbacks=2264, mouseCallbacks=10268, suppressed=48, injectionFailures=0, refreshRequested=False, sinceRefreshMs=30046, leftAlt=False/False/False, rightAlt=False/False/False, leftCtrl=False/False/False, rightCtrl=False/False/False, asyncAlt=False/False, asyncCtrl=False/False, capturedKeys=0, capsCaptured=False, otherKeysCount=0, droppedLogs=0.
2026-10-08T12:00:30.1096796+09:00 Hooks registered: generation=35, keyboard=0x3F60BB9, mouse=0x1100E19, keyboard callbacks=2264, mouse callbacks=10268.
2026-10-08T12:01:00.1069749+09:00 Hook status (periodic): generation=35, enabled=True, emacsEnabled=True, emacsActive=True, keyboardCallbacks=2264, mouseCallbacks=10512, suppressed=48, injectionFailures=0, refreshRequested=False, sinceRefreshMs=30000, leftAlt=False/False/False, rightAlt=False/False/False, leftCtrl=False/False/False, rightCtrl=False/False/False, asyncAlt=False/False, asyncCtrl=False/False, capturedKeys=0, capsCaptured=False, otherKeysCount=0, droppedLogs=0.
2026-10-08T12:01:27.1243791+09:00 Hooks registered: generation=36, keyboard=0xE0E35, mouse=0x10DE053B, keyboard callbacks=2270, mouse callbacks=10836.
2026-10-08T12:01:30.1347429+09:00 Hook status (periodic): generation=36, enabled=True, emacsEnabled=True, emacsActive=True, keyboardCallbacks=2270, mouseCallbacks=10943, suppressed=50, injectionFailures=0, refreshRequested=False, sinceRefreshMs=3016, leftAlt=False/False/False, rightAlt=False/False/False, leftCtrl=False/False/False, rightCtrl=False/False/False, asyncAlt=False/False, asyncCtrl=False/False, capturedKeys=0, capsCaptured=False, otherKeysCount=0, droppedLogs=0.
2026-10-08T12:01:57.1695105+09:00 Hooks registered: generation=37, keyboard=0xA30E49, mouse=0x31E06AF, keyboard callbacks=2288, mouse callbacks=11323.
2026-10-08T12:02:00.1744729+09:00 Hook status (periodic): generation=37, enabled=True, emacsEnabled=True, emacsActive=True, keyboardCallbacks=2288, mouseCallbacks=11323, suppressed=50, injectionFailures=0, refreshRequested=False, sinceRefreshMs=3000, leftAlt=False/False/False, rightAlt=False/False/False, leftCtrl=False/False/False, rightCtrl=False/False/False, asyncAlt=False/False, asyncCtrl=False/False, capturedKeys=0, capsCaptured=False, otherKeysCount=0, droppedLogs=0.
2026-10-08T12:02:27.2581739+09:00 Hooks registered: generation=38, keyboard=0x3AF05F9, mouse=0x10A60C51, keyboard callbacks=2288, mouse callbacks=11323.
2026-10-08T12:02:30.2814946+09:00 Hook status (periodic): generation=38, enabled=True, emacsEnabled=True, emacsActive=True, keyboardCallbacks=2288, mouseCallbacks=11323, suppressed=50, injectionFailures=0, refreshRequested=False, sinceRefreshMs=3015, leftAlt=False/False/False, rightAlt=False/False/False, leftCtrl=False/False/False, rightCtrl=False/False/False, asyncAlt=False/False, asyncCtrl=False/False, capturedKeys=0, capsCaptured=False, otherKeysCount=0, droppedLogs=0.
2026-10-08T12:03:00.2757631+09:00 Hook status (periodic): generation=38, enabled=True, emacsEnabled=True, emacsActive=True, keyboardCallbacks=2378, mouseCallbacks=11680, suppressed=54, injectionFailures=0, refreshRequested=False, sinceRefreshMs=33015, leftAlt=False/False/False, rightAlt=False/False/False, leftCtrl=False/False/False, rightCtrl=False/False/False, asyncAlt=False/False, asyncCtrl=False/False, capturedKeys=0, capsCaptured=False, otherKeysCount=0, droppedLogs=0.
2026-10-08T12:03:06.2794523+09:00 Hooks registered: generation=39, keyboard=0x21102EF, mouse=0x1390DF1, keyboard callbacks=2422, mouse callbacks=11680.
2026-10-08T12:03:30.3041940+09:00 Hook status (periodic): generation=39, enabled=True, emacsEnabled=True, emacsActive=True, keyboardCallbacks=2570, mouseCallbacks=11680, suppressed=54, injectionFailures=0, refreshRequested=False, sinceRefreshMs=24032, leftAlt=False/False/False, rightAlt=False/False/False, leftCtrl=False/False/False, rightCtrl=False/False/False, asyncAlt=False/False, asyncCtrl=False/False, capturedKeys=0, capsCaptured=False, otherKeysCount=0, droppedLogs=0.
2026-10-08T12:03:40.3246092+09:00 Hooks registered: generation=40, keyboard=0x40B0577, mouse=0x6AE0881, keyboard callbacks=2642, mouse callbacks=11680.
2026-10-08T12:04:00.3220207+09:00 Hook status (periodic): generation=40, enabled=True, emacsEnabled=True, emacsActive=True, keyboardCallbacks=2722, mouseCallbacks=11680, suppressed=54, injectionFailures=0, refreshRequested=False, sinceRefreshMs=20000, leftAlt=False/False/False, rightAlt=False/False/False, leftCtrl=False/False/False, rightCtrl=False/False/False, asyncAlt=False/False, asyncCtrl=False/False, capturedKeys=0, capsCaptured=False, otherKeysCount=0, droppedLogs=0.
2026-10-08T12:04:10.3208193+09:00 Hooks registered: generation=41, keyboard=0xCE0E2D, mouse=0x18703A9, keyboard callbacks=2728, mouse callbacks=11680.
2026-10-08T12:04:30.3248068+09:00 Hook status (periodic): generation=41, enabled=True, emacsEnabled=True, emacsActive=True, keyboardCallbacks=2738, mouseCallbacks=11954, suppressed=56, injectionFailures=0, refreshRequested=False, sinceRefreshMs=20000, leftAlt=False/False/False, rightAlt=False/False/False, leftCtrl=False/False/False, rightCtrl=False/False/False, asyncAlt=False/False, asyncCtrl=False/False, capturedKeys=0, capsCaptured=False, otherKeysCount=0, droppedLogs=0.
2026-10-08T12:04:40.3247583+09:00 Hooks registered: generation=42, keyboard=0x37002D3, mouse=0x19E0915, keyboard callbacks=2738, mouse callbacks=11954.
2026-10-08T12:05:00.3605893+09:00 Hook status (periodic): generation=42, enabled=True, emacsEnabled=True, emacsActive=True, keyboardCallbacks=2738, mouseCallbacks=11954, suppressed=56, injectionFailures=0, refreshRequested=False, sinceRefreshMs=20031, leftAlt=False/False/False, rightAlt=False/False/False, leftCtrl=False/False/False, rightCtrl=False/False/False, asyncAlt=False/False, asyncCtrl=False/False, capturedKeys=0, capsCaptured=False, otherKeysCount=0, droppedLogs=0.
2026-10-08T12:05:10.3611773+09:00 Hooks registered: generation=43, keyboard=0x8530881, mouse=0x10ED053B, keyboard callbacks=2738, mouse callbacks=11954.
2026-10-08T12:05:30.3950760+09:00 Hook status (periodic): generation=43, enabled=True, emacsEnabled=True, emacsActive=True, keyboardCallbacks=2738, mouseCallbacks=12047, suppressed=56, injectionFailures=0, refreshRequested=False, sinceRefreshMs=20047, leftAlt=False/False/False, rightAlt=False/False/False, leftCtrl=False/False/False, rightCtrl=False/False/False, asyncAlt=False/False, asyncCtrl=False/False, capturedKeys=0, capsCaptured=False, otherKeysCount=0, droppedLogs=0.
2026-10-08T12:05:40.3935720+09:00 Hooks registered: generation=44, keyboard=0x2040E1D, mouse=0x27A0E53, keyboard callbacks=2738, mouse callbacks=12147.
2026-10-08T12:06:00.4538827+09:00 Hook status (periodic): generation=44, enabled=True, emacsEnabled=True, emacsActive=True, keyboardCallbacks=2748, mouseCallbacks=12267, suppressed=58, injectionFailures=0, refreshRequested=False, sinceRefreshMs=20047, leftAlt=False/False/False, rightAlt=False/False/False, leftCtrl=False/False/False, rightCtrl=False/False/False, asyncAlt=False/False, asyncCtrl=False/False, capturedKeys=0, capsCaptured=False, otherKeysCount=0, droppedLogs=0.
2026-10-08T12:06:10.4831519+09:00 Hooks registered: generation=45, keyboard=0x1C20B83, mouse=0x8A60881, keyboard callbacks=2750, mouse callbacks=12267.
2026-10-08T12:06:30.4772818+09:00 Hook status (periodic): generation=45, enabled=True, emacsEnabled=True, emacsActive=True, keyboardCallbacks=2750, mouseCallbacks=12267, suppressed=58, injectionFailures=0, refreshRequested=False, sinceRefreshMs=20000, leftAlt=False/False/False, rightAlt=False/False/False, leftCtrl=False/False/False, rightCtrl=False/False/False, asyncAlt=False/False, asyncCtrl=False/False, capturedKeys=0, capsCaptured=False, otherKeysCount=0, droppedLogs=0.
2026-10-08T12:06:40.4722289+09:00 Hooks registered: generation=46, keyboard=0x2870E43, mouse=0x5A0E59, keyboard callbacks=2750, mouse callbacks=12267.
2026-10-08T12:07:00.4876276+09:00 Hook status (periodic): generation=46, enabled=True, emacsEnabled=True, emacsActive=True, keyboardCallbacks=2750, mouseCallbacks=12267, suppressed=58, injectionFailures=0, refreshRequested=False, sinceRefreshMs=20016, leftAlt=False/False/False, rightAlt=False/False/False, leftCtrl=False/False/False, rightCtrl=False/False/False, asyncAlt=False/False, asyncCtrl=False/False, capturedKeys=0, capsCaptured=False, otherKeysCount=0, droppedLogs=0.
2026-10-08T12:07:10.5344320+09:00 Hooks registered: generation=47, keyboard=0xB4205ED, mouse=0x2370E1D, keyboard callbacks=2750, mouse callbacks=12267.
2026-10-08T12:07:30.5740951+09:00 Hook status (periodic): generation=47, enabled=True, emacsEnabled=True, emacsActive=True, keyboardCallbacks=2852, mouseCallbacks=12267, suppressed=60, injectionFailures=0, refreshRequested=False, sinceRefreshMs=20031, leftAlt=False/False/False, rightAlt=False/False/False, leftCtrl=False/False/False, rightCtrl=False/False/False, asyncAlt=False/False, asyncCtrl=False/False, capturedKeys=0, capsCaptured=False, otherKeysCount=0, droppedLogs=0.
2026-10-08T12:07:44.6077073+09:00 Hooks registered: generation=48, keyboard=0x1BA0461, mouse=0x2260E47, keyboard callbacks=2916, mouse callbacks=12267.
2026-10-08T12:08:00.5989616+09:00 Hook status (periodic): generation=48, enabled=True, emacsEnabled=True, emacsActive=True, keyboardCallbacks=3027, mouseCallbacks=12267, suppressed=60, injectionFailures=0, refreshRequested=False, sinceRefreshMs=16000, leftAlt=False/False/False, rightAlt=False/False/False, leftCtrl=False/False/False, rightCtrl=False/False/False, asyncAlt=False/False, asyncCtrl=False/False, capturedKeys=0, capsCaptured=False, otherKeysCount=1, droppedLogs=0.
2026-10-08T12:08:14.6013584+09:00 Hooks registered: generation=49, keyboard=0xFF0E35, mouse=0x7A0E59, keyboard callbacks=3094, mouse callbacks=12332.
2026-10-08T12:08:30.6248937+09:00 Hook status (periodic): generation=49, enabled=True, emacsEnabled=True, emacsActive=True, keyboardCallbacks=3094, mouseCallbacks=12332, suppressed=62, injectionFailures=0, refreshRequested=False, sinceRefreshMs=16016, leftAlt=False/False/False, rightAlt=False/False/False, leftCtrl=False/False/False, rightCtrl=False/False/False, asyncAlt=False/False, asyncCtrl=False/False, capturedKeys=0, capsCaptured=False, otherKeysCount=0, droppedLogs=0.
2026-10-08T12:08:44.6559812+09:00 Hooks registered: generation=50, keyboard=0x14D0DF1, mouse=0x140071F, keyboard callbacks=3094, mouse callbacks=12332.
2026-10-08T12:09:00.6897115+09:00 Hook status (periodic): generation=50, enabled=True, emacsEnabled=True, emacsActive=True, keyboardCallbacks=3168, mouseCallbacks=12617, suppressed=66, injectionFailures=0, refreshRequested=False, sinceRefreshMs=16032, leftAlt=False/False/False, rightAlt=False/False/False, leftCtrl=False/False/False, rightCtrl=False/False/False, asyncAlt=False/False, asyncCtrl=False/False, capturedKeys=0, capsCaptured=False, otherKeysCount=0, droppedLogs=0.
2026-10-08T12:09:14.7001404+09:00 Hooks registered: generation=51, keyboard=0x2CC0E47, mouse=0x2E903A9, keyboard callbacks=3269, mouse callbacks=12617.
2026-10-08T12:09:30.6980833+09:00 Hook status (periodic): generation=51, enabled=True, emacsEnabled=True, emacsActive=True, keyboardCallbacks=3269, mouseCallbacks=12617, suppressed=68, injectionFailures=0, refreshRequested=False, sinceRefreshMs=16000, leftAlt=False/False/False, rightAlt=False/False/False, leftCtrl=False/False/False, rightCtrl=False/False/False, asyncAlt=False/False, asyncCtrl=False/False, capturedKeys=0, capsCaptured=False, otherKeysCount=0, droppedLogs=0.
2026-10-08T12:09:44.7006046+09:00 Hooks registered: generation=52, keyboard=0x1300E59, mouse=0xA50E61, keyboard callbacks=3269, mouse callbacks=12617.
2026-10-08T12:10:00.7396236+09:00 Hook status (periodic): generation=52, enabled=True, emacsEnabled=True, emacsActive=True, keyboardCallbacks=3269, mouseCallbacks=12617, suppressed=68, injectionFailures=0, refreshRequested=False, sinceRefreshMs=16047, leftAlt=False/False/False, rightAlt=False/False/False, leftCtrl=False/False/False, rightCtrl=False/False/False, asyncAlt=False/False, asyncCtrl=False/False, capturedKeys=0, capsCaptured=False, otherKeysCount=0, droppedLogs=0.
2026-10-08T12:10:14.7774945+09:00 Hooks registered: generation=53, keyboard=0xAEA0E33, mouse=0x5FB0E29, keyboard callbacks=3269, mouse callbacks=12617.
2026-10-08T12:10:30.7774017+09:00 Hook status (periodic): generation=53, enabled=True, emacsEnabled=True, emacsActive=True, keyboardCallbacks=3269, mouseCallbacks=12617, suppressed=68, injectionFailures=0, refreshRequested=False, sinceRefreshMs=16000, leftAlt=False/False/False, rightAlt=False/False/False, leftCtrl=False/False/False, rightCtrl=False/False/False, asyncAlt=False/False, asyncCtrl=False/False, capturedKeys=0, capsCaptured=False, otherKeysCount=0, droppedLogs=0.
2026-10-08T12:10:44.8279007+09:00 Hooks registered: generation=54, keyboard=0x5D9033F, mouse=0xD40E61, keyboard callbacks=3269, mouse callbacks=12617.
2026-10-08T12:11:00.8454637+09:00 Hook status (periodic): generation=54, enabled=True, emacsEnabled=True, emacsActive=True, keyboardCallbacks=3269, mouseCallbacks=12988, suppressed=68, injectionFailures=0, refreshRequested=False, sinceRefreshMs=16016, leftAlt=False/False/False, rightAlt=False/False/False, leftCtrl=False/False/False, rightCtrl=False/False/False, asyncAlt=False/False, asyncCtrl=False/False, capturedKeys=0, capsCaptured=False, otherKeysCount=0, droppedLogs=0.
2026-10-08T12:11:16.8694610+09:00 Hooks registered: generation=55, keyboard=0x37B0915, mouse=0x47202D3, keyboard callbacks=3323, mouse callbacks=13154.
2026-10-08T12:11:30.9048998+09:00 Hook status (periodic): generation=55, enabled=True, emacsEnabled=True, emacsActive=True, keyboardCallbacks=3328, mouseCallbacks=13154, suppressed=68, injectionFailures=0, refreshRequested=False, sinceRefreshMs=14031, leftAlt=False/False/False, rightAlt=False/False/False, leftCtrl=False/False/False, rightCtrl=False/False/False, asyncAlt=False/False, asyncCtrl=False/False, capturedKeys=0, capsCaptured=False, otherKeysCount=1, droppedLogs=0.
2026-10-08T12:11:46.8939119+09:00 Hooks registered: generation=56, keyboard=0x1010913, mouse=0x18C0DF1, keyboard callbacks=3411, mouse callbacks=13154.
2026-10-08T12:12:00.8983115+09:00 Hook status (periodic): generation=56, enabled=True, emacsEnabled=True, emacsActive=True, keyboardCallbacks=3411, mouseCallbacks=13154, suppressed=68, injectionFailures=0, refreshRequested=False, sinceRefreshMs=14000, leftAlt=False/False/False, rightAlt=False/False/False, leftCtrl=False/False/False, rightCtrl=False/False/False, asyncAlt=False/False, asyncCtrl=False/False, capturedKeys=0, capsCaptured=False, otherKeysCount=0, droppedLogs=0.
2026-10-08T12:12:21.9318010+09:00 Hooks registered: generation=57, keyboard=0x30361, mouse=0xCB70E33, keyboard callbacks=3411, mouse callbacks=13325.
2026-10-08T12:12:30.9536541+09:00 Hook status (periodic): generation=57, enabled=True, emacsEnabled=True, emacsActive=True, keyboardCallbacks=3411, mouseCallbacks=13325, suppressed=68, injectionFailures=0, refreshRequested=False, sinceRefreshMs=9015, leftAlt=False/False/False, rightAlt=False/False/False, leftCtrl=False/False/False, rightCtrl=False/False/False, asyncAlt=False/False, asyncCtrl=False/False, capturedKeys=0, capsCaptured=False, otherKeysCount=0, droppedLogs=0.
2026-10-08T12:12:51.9452749+09:00 Hooks registered: generation=58, keyboard=0xC020881, mouse=0x26302C9, keyboard callbacks=3411, mouse callbacks=13630.
2026-10-08T12:13:00.9440607+09:00 Hook status (periodic): generation=58, enabled=True, emacsEnabled=True, emacsActive=True, keyboardCallbacks=3411, mouseCallbacks=13630, suppressed=68, injectionFailures=0, refreshRequested=False, sinceRefreshMs=9000, leftAlt=False/False/False, rightAlt=False/False/False, leftCtrl=False/False/False, rightCtrl=False/False/False, asyncAlt=False/False, asyncCtrl=False/False, capturedKeys=0, capsCaptured=False, otherKeysCount=0, droppedLogs=0.
2026-10-08T12:13:21.9578673+09:00 Hooks registered: generation=59, keyboard=0x3230DF1, mouse=0x8AA0E43, keyboard callbacks=3411, mouse callbacks=13652.
2026-10-08T12:13:30.9819236+09:00 Hook status (periodic): generation=59, enabled=True, emacsEnabled=True, emacsActive=True, keyboardCallbacks=3411, mouseCallbacks=13652, suppressed=68, injectionFailures=0, refreshRequested=False, sinceRefreshMs=9015, leftAlt=False/False/False, rightAlt=False/False/False, leftCtrl=False/False/False, rightCtrl=False/False/False, asyncAlt=False/False, asyncCtrl=False/False, capturedKeys=0, capsCaptured=False, otherKeysCount=0, droppedLogs=0.
2026-10-08T12:13:52.9774046+09:00 Hooks registered: generation=60, keyboard=0xCBA0E33, mouse=0x598098F, keyboard callbacks=3443, mouse callbacks=13851.
2026-10-08T12:14:00.9854437+09:00 Hook status (periodic): generation=60, enabled=True, emacsEnabled=True, emacsActive=True, keyboardCallbacks=3443, mouseCallbacks=14238, suppressed=70, injectionFailures=0, refreshRequested=False, sinceRefreshMs=8000, leftAlt=False/False/False, rightAlt=False/False/False, leftCtrl=False/False/False, rightCtrl=False/False/False, asyncAlt=False/False, asyncCtrl=False/False, capturedKeys=0, capsCaptured=False, otherKeysCount=0, droppedLogs=0.
2026-10-08T12:14:31.0236838+09:00 Hook status (periodic): generation=60, enabled=True, emacsEnabled=True, emacsActive=True, keyboardCallbacks=3457, mouseCallbacks=15186, suppressed=74, injectionFailures=0, refreshRequested=False, sinceRefreshMs=38047, leftAlt=False/False/False, rightAlt=False/False/False, leftCtrl=False/False/False, rightCtrl=False/False/False, asyncAlt=False/False, asyncCtrl=False/False, capturedKeys=0, capsCaptured=False, otherKeysCount=0, droppedLogs=0.
2026-10-08T12:14:34.0291349+09:00 Hooks registered: generation=61, keyboard=0x4C00B83, mouse=0x69100F1, keyboard callbacks=3457, mouse callbacks=15218.
2026-10-08T12:15:01.0783597+09:00 Hook status (periodic): generation=61, enabled=True, emacsEnabled=True, emacsActive=True, keyboardCallbacks=3463, mouseCallbacks=15673, suppressed=76, injectionFailures=0, refreshRequested=False, sinceRefreshMs=27047, leftAlt=False/False/False, rightAlt=False/False/False, leftCtrl=False/False/False, rightCtrl=False/False/False, asyncAlt=False/False, asyncCtrl=False/False, capturedKeys=0, capsCaptured=False, otherKeysCount=0, droppedLogs=0.
2026-10-08T12:15:09.0748347+09:00 Hooks registered: generation=62, keyboard=0x1FE0D2B, mouse=0xA95031F, keyboard callbacks=3469, mouse callbacks=15953.
2026-10-08T12:15:31.0730507+09:00 Hook status (periodic): generation=62, enabled=True, emacsEnabled=True, emacsActive=True, keyboardCallbacks=3585, mouseCallbacks=15953, suppressed=80, injectionFailures=0, refreshRequested=False, sinceRefreshMs=22000, leftAlt=False/False/False, rightAlt=False/False/False, leftCtrl=False/False/False, rightCtrl=False/False/False, asyncAlt=False/False, asyncCtrl=False/False, capturedKeys=0, capsCaptured=False, otherKeysCount=0, droppedLogs=0.
2026-10-08T12:15:39.0951484+09:00 Hooks registered: generation=63, keyboard=0x1980D4B, mouse=0x5CC0DFD, keyboard callbacks=3585, mouse callbacks=15953.
2026-10-08T12:16:01.1038066+09:00 Hook status (periodic): generation=63, enabled=True, emacsEnabled=True, emacsActive=True, keyboardCallbacks=3585, mouseCallbacks=16418, suppressed=80, injectionFailures=0, refreshRequested=False, sinceRefreshMs=22015, leftAlt=False/False/False, rightAlt=False/False/False, leftCtrl=False/False/False, rightCtrl=False/False/False, asyncAlt=False/False, asyncCtrl=False/False, capturedKeys=0, capsCaptured=False, otherKeysCount=0, droppedLogs=0.
2026-10-08T12:16:09.1320187+09:00 Hooks registered: generation=64, keyboard=0x24B05A9, mouse=0x636091F, keyboard callbacks=3585, mouse callbacks=16522.
2026-10-08T12:16:31.2062811+09:00 Hook status (periodic): generation=64, enabled=True, emacsEnabled=True, emacsActive=True, keyboardCallbacks=3585, mouseCallbacks=17086, suppressed=80, injectionFailures=0, refreshRequested=False, sinceRefreshMs=22078, leftAlt=False/False/False, rightAlt=False/False/False, leftCtrl=False/False/False, rightCtrl=False/False/False, asyncAlt=False/False, asyncCtrl=False/False, capturedKeys=0, capsCaptured=False, otherKeysCount=0, droppedLogs=0.
2026-10-08T12:16:50.2329929+09:00 Hooks registered: generation=65, keyboard=0x7F1098F, mouse=0xB50961, keyboard callbacks=3595, mouse callbacks=17550.
2026-10-08T12:17:01.2391022+09:00 Hook status (periodic): generation=65, enabled=True, emacsEnabled=True, emacsActive=True, keyboardCallbacks=3595, mouseCallbacks=17719, suppressed=80, injectionFailures=0, refreshRequested=False, sinceRefreshMs=11016, leftAlt=False/False/False, rightAlt=False/False/False, leftCtrl=False/False/False, rightCtrl=False/False/False, asyncAlt=False/False, asyncCtrl=False/False, capturedKeys=0, capsCaptured=False, otherKeysCount=0, droppedLogs=0.
2026-10-08T12:17:20.2430830+09:00 Hooks registered: generation=66, keyboard=0x5370E2D, mouse=0x2B90D2B, keyboard callbacks=3634, mouse callbacks=18039.
2026-10-08T12:17:31.2650738+09:00 Hook status (periodic): generation=66, enabled=True, emacsEnabled=True, emacsActive=True, keyboardCallbacks=3634, mouseCallbacks=18083, suppressed=80, injectionFailures=0, refreshRequested=False, sinceRefreshMs=11016, leftAlt=False/False/False, rightAlt=False/False/False, leftCtrl=False/False/False, rightCtrl=False/False/False, asyncAlt=False/False, asyncCtrl=False/False, capturedKeys=0, capsCaptured=False, otherKeysCount=0, droppedLogs=0.
2026-10-08T12:17:52.2792862+09:00 Hooks registered: generation=67, keyboard=0x4ED0461, mouse=0xBF0E7F, keyboard callbacks=3634, mouse callbacks=18097.
2026-10-08T12:18:01.3240620+09:00 Hook status (periodic): generation=67, enabled=True, emacsEnabled=True, emacsActive=True, keyboardCallbacks=3634, mouseCallbacks=18449, suppressed=80, injectionFailures=0, refreshRequested=False, sinceRefreshMs=9047, leftAlt=False/False/False, rightAlt=False/False/False, leftCtrl=False/False/False, rightCtrl=False/False/False, asyncAlt=False/False, asyncCtrl=False/False, capturedKeys=0, capsCaptured=False, otherKeysCount=0, droppedLogs=0.
2026-10-08T12:18:22.3169202+09:00 Hooks registered: generation=68, keyboard=0x5170E19, mouse=0x2BE0E89, keyboard callbacks=3634, mouse callbacks=18619.
2026-10-08T12:18:31.3176743+09:00 Hook status (periodic): generation=68, enabled=True, emacsEnabled=True, emacsActive=True, keyboardCallbacks=3638, mouseCallbacks=18747, suppressed=80, injectionFailures=0, refreshRequested=False, sinceRefreshMs=9000, leftAlt=False/False/False, rightAlt=False/False/False, leftCtrl=False/False/False, rightCtrl=False/False/False, asyncAlt=False/False, asyncCtrl=False/False, capturedKeys=0, capsCaptured=False, otherKeysCount=0, droppedLogs=0.
2026-10-08T12:18:52.3720282+09:00 Hooks registered: generation=69, keyboard=0x51602F7, mouse=0xEDB00F9, keyboard callbacks=3638, mouse callbacks=18981.
2026-10-08T12:19:01.3903936+09:00 Hook status (periodic): generation=69, enabled=True, emacsEnabled=True, emacsActive=True, keyboardCallbacks=3638, mouseCallbacks=19008, suppressed=80, injectionFailures=0, refreshRequested=False, sinceRefreshMs=9016, leftAlt=False/False/False, rightAlt=False/False/False, leftCtrl=False/False/False, rightCtrl=False/False/False, asyncAlt=False/False, asyncCtrl=False/False, capturedKeys=0, capsCaptured=False, otherKeysCount=0, droppedLogs=0.
2026-10-08T12:19:31.3964906+09:00 Hook status (periodic): generation=69, enabled=True, emacsEnabled=True, emacsActive=True, keyboardCallbacks=3642, mouseCallbacks=19621, suppressed=80, injectionFailures=0, refreshRequested=False, sinceRefreshMs=39031, leftAlt=False/False/False, rightAlt=False/False/False, leftCtrl=False/False/False, rightCtrl=False/False/False, asyncAlt=False/False, asyncCtrl=False/False, capturedKeys=0, capsCaptured=False, otherKeysCount=0, droppedLogs=0.
2026-10-08T12:19:37.4039582+09:00 Hooks registered: generation=70, keyboard=0x2200D4B, mouse=0xCB032B, keyboard callbacks=3644, mouse callbacks=19776.
2026-10-08T12:20:01.4544567+09:00 Hook status (periodic): generation=70, enabled=True, emacsEnabled=True, emacsActive=True, keyboardCallbacks=3648, mouseCallbacks=20082, suppressed=80, injectionFailures=0, refreshRequested=False, sinceRefreshMs=24047, leftAlt=False/False/False, rightAlt=False/False/False, leftCtrl=False/False/False, rightCtrl=False/False/False, asyncAlt=False/False, asyncCtrl=False/False, capturedKeys=0, capsCaptured=False, otherKeysCount=0, droppedLogs=0.
2026-10-08T12:20:07.4514248+09:00 Hooks registered: generation=71, keyboard=0x3DB0E79, mouse=0x8E50367, keyboard callbacks=3648, mouse callbacks=20082.
2026-10-08T12:20:31.4800230+09:00 Hook status (periodic): generation=71, enabled=True, emacsEnabled=True, emacsActive=True, keyboardCallbacks=3648, mouseCallbacks=20216, suppressed=80, injectionFailures=0, refreshRequested=False, sinceRefreshMs=24031, leftAlt=False/False/False, rightAlt=False/False/False, leftCtrl=False/False/False, rightCtrl=False/False/False, asyncAlt=False/False, asyncCtrl=False/False, capturedKeys=0, capsCaptured=False, otherKeysCount=0, droppedLogs=0.
2026-10-08T12:20:40.4906086+09:00 Hooks registered: generation=72, keyboard=0x37006AF, mouse=0xA0900EB, keyboard callbacks=3648, mouse callbacks=20311.
2026-10-08T12:21:01.5198094+09:00 Hook status (periodic): generation=72, enabled=True, emacsEnabled=True, emacsActive=True, keyboardCallbacks=3668, mouseCallbacks=20756, suppressed=80, injectionFailures=0, refreshRequested=False, sinceRefreshMs=21031, leftAlt=False/False/False, rightAlt=False/False/False, leftCtrl=False/False/False, rightCtrl=False/False/False, asyncAlt=False/False, asyncCtrl=False/False, capturedKeys=0, capsCaptured=False, otherKeysCount=0, droppedLogs=0.
2026-10-08T12:21:21.5298168+09:00 Hooks registered: generation=73, keyboard=0xAAD042D, mouse=0xA505FB, keyboard callbacks=3786, mouse callbacks=20792.
2026-10-08T12:21:31.5320115+09:00 Hook status (periodic): generation=73, enabled=True, emacsEnabled=True, emacsActive=True, keyboardCallbacks=3941, mouseCallbacks=20792, suppressed=82, injectionFailures=0, refreshRequested=False, sinceRefreshMs=10000, leftAlt=False/False/False, rightAlt=False/False/False, leftCtrl=False/False/False, rightCtrl=False/False/False, asyncAlt=False/False, asyncCtrl=False/False, capturedKeys=0, capsCaptured=False, otherKeysCount=1, droppedLogs=0.
2026-10-08T12:21:52.5486960+09:00 Hooks registered: generation=74, keyboard=0x31406BB, mouse=0x41E053F, keyboard callbacks=3988, mouse callbacks=20792.
2026-10-08T12:22:01.5693741+09:00 Hook status (periodic): generation=74, enabled=True, emacsEnabled=True, emacsActive=True, keyboardCallbacks=4000, mouseCallbacks=20792, suppressed=82, injectionFailures=0, refreshRequested=False, sinceRefreshMs=9031, leftAlt=False/False/False, rightAlt=False/False/False, leftCtrl=False/False/False, rightCtrl=False/False/False, asyncAlt=False/False, asyncCtrl=False/False, capturedKeys=0, capsCaptured=False, otherKeysCount=0, droppedLogs=0.
2026-10-08T12:22:31.6036637+09:00 Hook status (periodic): generation=74, enabled=True, emacsEnabled=True, emacsActive=True, keyboardCallbacks=4014, mouseCallbacks=21334, suppressed=82, injectionFailures=0, refreshRequested=False, sinceRefreshMs=39062, leftAlt=False/False/False, rightAlt=False/False/False, leftCtrl=False/False/False, rightCtrl=False/False/False, asyncAlt=False/False, asyncCtrl=False/False, capturedKeys=0, capsCaptured=False, otherKeysCount=0, droppedLogs=0.
2026-10-08T12:22:31.6039515+09:00 Hooks registered: generation=75, keyboard=0xAA700EB, mouse=0x770E69, keyboard callbacks=4014, mouse callbacks=21334.
2026-10-08T12:23:01.6013634+09:00 Hook status (periodic): generation=75, enabled=True, emacsEnabled=True, emacsActive=True, keyboardCallbacks=4094, mouseCallbacks=21931, suppressed=86, injectionFailures=0, refreshRequested=False, sinceRefreshMs=30000, leftAlt=False/False/False, rightAlt=False/False/False, leftCtrl=False/False/False, rightCtrl=False/False/False, asyncAlt=False/False, asyncCtrl=False/False, capturedKeys=0, capsCaptured=False, otherKeysCount=0, droppedLogs=0.
2026-10-08T12:23:01.6018440+09:00 Hooks registered: generation=76, keyboard=0xCC05FB, mouse=0x760E73, keyboard callbacks=4094, mouse callbacks=21931.
2026-10-08T12:23:31.6458791+09:00 Hook status (periodic): generation=76, enabled=True, emacsEnabled=True, emacsActive=True, keyboardCallbacks=4165, mouseCallbacks=22260, suppressed=88, injectionFailures=0, refreshRequested=False, sinceRefreshMs=30047, leftAlt=False/False/False, rightAlt=False/False/False, leftCtrl=False/False/False, rightCtrl=False/False/False, asyncAlt=False/False, asyncCtrl=False/False, capturedKeys=0, capsCaptured=False, otherKeysCount=1, droppedLogs=0.
2026-10-08T12:23:35.6540930+09:00 Hooks registered: generation=77, keyboard=0x8F305A9, mouse=0xB5800EB, keyboard callbacks=4196, mouse callbacks=22260.
2026-10-08T12:24:01.6435883+09:00 Hook status (periodic): generation=77, enabled=True, emacsEnabled=True, emacsActive=True, keyboardCallbacks=4452, mouseCallbacks=22260, suppressed=88, injectionFailures=0, refreshRequested=False, sinceRefreshMs=26000, leftAlt=False/False/False, rightAlt=False/False/False, leftCtrl=False/False/False, rightCtrl=False/False/False, asyncAlt=False/False, asyncCtrl=False/False, capturedKeys=0, capsCaptured=False, otherKeysCount=0, droppedLogs=0.
2026-10-08T12:24:08.6498036+09:00 Hooks registered: generation=78, keyboard=0x3720E21, mouse=0x89A098F, keyboard callbacks=4506, mouse callbacks=22260.
2026-10-08T12:24:31.7028424+09:00 Hook status (periodic): generation=78, enabled=True, emacsEnabled=True, emacsActive=True, keyboardCallbacks=4506, mouseCallbacks=22260, suppressed=88, injectionFailures=0, refreshRequested=False, sinceRefreshMs=23047, leftAlt=False/False/False, rightAlt=False/False/False, leftCtrl=False/False/False, rightCtrl=False/False/False, asyncAlt=False/False, asyncCtrl=False/False, capturedKeys=0, capsCaptured=False, otherKeysCount=0, droppedLogs=0.
2026-10-08T12:24:38.7029555+09:00 Hooks registered: generation=79, keyboard=0x7F5091F, mouse=0x1E80E87, keyboard callbacks=4506, mouse callbacks=22260.
2026-10-08T12:25:01.6966312+09:00 Hook status (periodic): generation=79, enabled=True, emacsEnabled=True, emacsActive=True, keyboardCallbacks=4512, mouseCallbacks=22520, suppressed=88, injectionFailures=0, refreshRequested=False, sinceRefreshMs=23000, leftAlt=False/False/False, rightAlt=False/False/False, leftCtrl=False/False/False, rightCtrl=False/False/False, asyncAlt=False/False, asyncCtrl=False/False, capturedKeys=0, capsCaptured=False, otherKeysCount=0, droppedLogs=0.
2026-10-08T12:25:10.7139106+09:00 Hooks registered: generation=80, keyboard=0x9660367, mouse=0x52806AF, keyboard callbacks=4554, mouse callbacks=22520.
2026-10-08T12:25:31.7281929+09:00 Hook status (periodic): generation=80, enabled=True, emacsEnabled=True, emacsActive=True, keyboardCallbacks=4686, mouseCallbacks=22522, suppressed=90, injectionFailures=0, refreshRequested=False, sinceRefreshMs=21015, leftAlt=False/False/False, rightAlt=False/False/False, leftCtrl=False/False/False, rightCtrl=False/False/False, asyncAlt=False/False, asyncCtrl=False/False, capturedKeys=0, capsCaptured=False, otherKeysCount=0, droppedLogs=0.
2026-10-08T12:25:48.7369835+09:00 Hooks registered: generation=81, keyboard=0x680008F, mouse=0xC00EA3, keyboard callbacks=4686, mouse callbacks=23158.
2026-10-08T12:26:01.7254780+09:00 Hook status (periodic): generation=81, enabled=True, emacsEnabled=True, emacsActive=True, keyboardCallbacks=4686, mouseCallbacks=23548, suppressed=90, injectionFailures=0, refreshRequested=False, sinceRefreshMs=13000, leftAlt=False/False/False, rightAlt=False/False/False, leftCtrl=False/False/False, rightCtrl=False/False/False, asyncAlt=False/False, asyncCtrl=False/False, capturedKeys=0, capsCaptured=False, otherKeysCount=0, droppedLogs=0.
2026-10-08T12:26:18.7713908+09:00 Hooks registered: generation=82, keyboard=0x54B0589, mouse=0xF8E0E11, keyboard callbacks=4686, mouse callbacks=23723.
2026-10-08T12:26:31.7815498+09:00 Hook status (periodic): generation=82, enabled=True, emacsEnabled=True, emacsActive=True, keyboardCallbacks=4766, mouseCallbacks=23783, suppressed=92, injectionFailures=0, refreshRequested=False, sinceRefreshMs=13000, leftAlt=False/False/False, rightAlt=False/False/False, leftCtrl=False/False/False, rightCtrl=False/False/False, asyncAlt=False/False, asyncCtrl=False/False, capturedKeys=0, capsCaptured=False, otherKeysCount=0, droppedLogs=0.
2026-10-08T12:26:53.7803600+09:00 Hooks registered: generation=83, keyboard=0x4140D4B, mouse=0xA0A0DFD, keyboard callbacks=4862, mouse callbacks=24221.
2026-10-08T12:27:01.7837264+09:00 Hook status (periodic): generation=83, enabled=True, emacsEnabled=True, emacsActive=True, keyboardCallbacks=4862, mouseCallbacks=24443, suppressed=92, injectionFailures=0, refreshRequested=False, sinceRefreshMs=8000, leftAlt=False/False/False, rightAlt=False/False/False, leftCtrl=False/False/False, rightCtrl=False/False/False, asyncAlt=False/False, asyncCtrl=False/False, capturedKeys=0, capsCaptured=False, otherKeysCount=0, droppedLogs=0.
2026-10-08T12:27:30.8027213+09:00 Hooks registered: generation=84, keyboard=0x8F801F5, mouse=0x1AB0E6D, keyboard callbacks=4946, mouse callbacks=24458.
2026-10-08T12:27:31.8235101+09:00 Hook status (periodic): generation=84, enabled=True, emacsEnabled=True, emacsActive=True, keyboardCallbacks=4946, mouseCallbacks=24458, suppressed=94, injectionFailures=0, refreshRequested=False, sinceRefreshMs=1015, leftAlt=False/False/False, rightAlt=False/False/False, leftCtrl=False/False/False, rightCtrl=False/False/False, asyncAlt=False/False, asyncCtrl=False/False, capturedKeys=0, capsCaptured=False, otherKeysCount=0, droppedLogs=0.
2026-10-08T12:28:00.9204532+09:00 Hooks registered: generation=85, keyboard=0x4D70E5D, mouse=0x6BD0089, keyboard callbacks=5098, mouse callbacks=24458.
2026-10-08T12:28:01.9217229+09:00 Hook status (periodic): generation=85, enabled=True, emacsEnabled=True, emacsActive=True, keyboardCallbacks=5098, mouseCallbacks=24458, suppressed=94, injectionFailures=0, refreshRequested=False, sinceRefreshMs=1000, leftAlt=False/False/False, rightAlt=False/False/False, leftCtrl=False/False/False, rightCtrl=False/False/False, asyncAlt=False/False, asyncCtrl=False/False, capturedKeys=0, capsCaptured=False, otherKeysCount=0, droppedLogs=0.
2026-10-08T12:28:31.9524098+09:00 Hook status (periodic): generation=85, enabled=True, emacsEnabled=True, emacsActive=True, keyboardCallbacks=5160, mouseCallbacks=25291, suppressed=94, injectionFailures=0, refreshRequested=False, sinceRefreshMs=31031, leftAlt=False/False/False, rightAlt=False/False/False, leftCtrl=False/False/False, rightCtrl=False/False/False, asyncAlt=False/False, asyncCtrl=False/False, capturedKeys=0, capsCaptured=False, otherKeysCount=0, droppedLogs=0.
2026-10-08T12:28:36.9442447+09:00 Hooks registered: generation=86, keyboard=0xBD100EB, mouse=0xC25055D, keyboard callbacks=5160, mouse callbacks=25409.
2026-10-08T12:29:02.0332527+09:00 Hook status (periodic): generation=86, enabled=True, emacsEnabled=True, emacsActive=True, keyboardCallbacks=5160, mouseCallbacks=26021, suppressed=94, injectionFailures=0, refreshRequested=False, sinceRefreshMs=25078, leftAlt=False/False/False, rightAlt=False/False/False, leftCtrl=False/False/False, rightCtrl=False/False/False, asyncAlt=False/False, asyncCtrl=False/False, capturedKeys=0, capsCaptured=False, otherKeysCount=0, droppedLogs=0.
2026-10-08T12:29:10.0348098+09:00 Hooks registered: generation=87, keyboard=0x930F1D, mouse=0x6A0F03, keyboard callbacks=5160, mouse callbacks=26312.
2026-10-08T12:29:32.0677131+09:00 Hook status (periodic): generation=87, enabled=True, emacsEnabled=True, emacsActive=True, keyboardCallbacks=5175, mouseCallbacks=26814, suppressed=94, injectionFailures=0, refreshRequested=False, sinceRefreshMs=22031, leftAlt=False/False/False, rightAlt=False/False/False, leftCtrl=False/False/False, rightCtrl=True/True/False, asyncAlt=False/False, asyncCtrl=False/True, capturedKeys=0, capsCaptured=False, otherKeysCount=0, droppedLogs=0.
2026-10-08T12:29:52.0849911+09:00 Hooks registered: generation=88, keyboard=0x90F23, mouse=0xF930461, keyboard callbacks=5180, mouse callbacks=27137.
2026-10-08T12:30:02.0960335+09:00 Hook status (periodic): generation=88, enabled=True, emacsEnabled=True, emacsActive=True, keyboardCallbacks=5180, mouseCallbacks=27146, suppressed=94, injectionFailures=0, refreshRequested=False, sinceRefreshMs=10000, leftAlt=False/False/False, rightAlt=False/False/False, leftCtrl=False/False/False, rightCtrl=False/False/False, asyncAlt=False/False, asyncCtrl=False/False, capturedKeys=0, capsCaptured=False, otherKeysCount=0, droppedLogs=0.
2026-10-08T12:30:25.1032412+09:00 Hooks registered: generation=89, keyboard=0x1EE0F17, mouse=0x8D60089, keyboard callbacks=5196, mouse callbacks=27547.
2026-10-08T12:30:32.0976826+09:00 Hook status (periodic): generation=89, enabled=True, emacsEnabled=True, emacsActive=True, keyboardCallbacks=5198, mouseCallbacks=27589, suppressed=94, injectionFailures=0, refreshRequested=False, sinceRefreshMs=7000, leftAlt=False/False/False, rightAlt=False/False/False, leftCtrl=False/False/False, rightCtrl=False/False/False, asyncAlt=False/False, asyncCtrl=False/False, capturedKeys=0, capsCaptured=False, otherKeysCount=0, droppedLogs=0.
2026-10-08T12:30:57.1097405+09:00 Hooks registered: generation=90, keyboard=0xC8A0913, mouse=0xAB0EE7, keyboard callbacks=5204, mouse callbacks=28129.
2026-10-08T12:31:02.1045239+09:00 Hook status (periodic): generation=90, enabled=True, emacsEnabled=True, emacsActive=True, keyboardCallbacks=5204, mouseCallbacks=28174, suppressed=96, injectionFailures=0, refreshRequested=False, sinceRefreshMs=5000, leftAlt=False/False/False, rightAlt=False/False/False, leftCtrl=False/False/False, rightCtrl=False/False/False, asyncAlt=False/False, asyncCtrl=False/False, capturedKeys=0, capsCaptured=False, otherKeysCount=0, droppedLogs=0.
2026-10-08T12:31:27.1467928+09:00 Hooks registered: generation=91, keyboard=0x8D00E21, mouse=0x62C0D2B, keyboard callbacks=5318, mouse callbacks=28454.
2026-10-08T12:31:32.1479273+09:00 Hook status (periodic): generation=91, enabled=True, emacsEnabled=True, emacsActive=True, keyboardCallbacks=5318, mouseCallbacks=28454, suppressed=102, injectionFailures=0, refreshRequested=False, sinceRefreshMs=5000, leftAlt=False/False/False, rightAlt=False/False/False, leftCtrl=False/False/False, rightCtrl=False/False/False, asyncAlt=False/False, asyncCtrl=False/False, capturedKeys=0, capsCaptured=False, otherKeysCount=0, droppedLogs=0.
2026-10-08T12:31:57.1934503+09:00 Hooks registered: generation=92, keyboard=0x6B6044B, mouse=0xFC10461, keyboard callbacks=5318, mouse callbacks=28454.
2026-10-08T12:32:02.1948888+09:00 Hook status (periodic): generation=92, enabled=True, emacsEnabled=True, emacsActive=True, keyboardCallbacks=5318, mouseCallbacks=28454, suppressed=102, injectionFailures=0, refreshRequested=False, sinceRefreshMs=5000, leftAlt=False/False/False, rightAlt=False/False/False, leftCtrl=False/False/False, rightCtrl=False/False/False, asyncAlt=False/False, asyncCtrl=False/False, capturedKeys=0, capsCaptured=False, otherKeysCount=0, droppedLogs=0.
2026-10-08T12:32:32.1937307+09:00 Hook status (periodic): generation=92, enabled=True, emacsEnabled=True, emacsActive=True, keyboardCallbacks=5323, mouseCallbacks=28956, suppressed=102, injectionFailures=0, refreshRequested=False, sinceRefreshMs=35000, leftAlt=False/False/False, rightAlt=False/False/False, leftCtrl=True/True/False, rightCtrl=False/False/False, asyncAlt=False/False, asyncCtrl=True/False, capturedKeys=0, capsCaptured=False, otherKeysCount=0, droppedLogs=0.
2026-10-08T12:32:39.1922343+09:00 Hooks registered: generation=93, keyboard=0x4810F17, mouse=0x3260F23, keyboard callbacks=5358, mouse callbacks=28956.
2026-10-08T12:33:02.2286295+09:00 Hook status (periodic): generation=93, enabled=True, emacsEnabled=True, emacsActive=True, keyboardCallbacks=5460, mouseCallbacks=28956, suppressed=104, injectionFailures=0, refreshRequested=False, sinceRefreshMs=23031, leftAlt=False/False/False, rightAlt=False/False/False, leftCtrl=False/False/False, rightCtrl=False/False/False, asyncAlt=False/False, asyncCtrl=False/False, capturedKeys=0, capsCaptured=False, otherKeysCount=0, droppedLogs=0.
2026-10-08T12:33:09.2327550+09:00 Hooks registered: generation=94, keyboard=0x1270EE3, mouse=0x59A06BB, keyboard callbacks=5460, mouse callbacks=28956.
2026-10-08T12:33:32.2306331+09:00 Hook status (periodic): generation=94, enabled=True, emacsEnabled=True, emacsActive=True, keyboardCallbacks=5460, mouseCallbacks=28956, suppressed=104, injectionFailures=0, refreshRequested=False, sinceRefreshMs=23000, leftAlt=False/False/False, rightAlt=False/False/False, leftCtrl=False/False/False, rightCtrl=False/False/False, asyncAlt=False/False, asyncCtrl=False/False, capturedKeys=0, capsCaptured=False, otherKeysCount=0, droppedLogs=0.
2026-10-08T12:33:39.2367195+09:00 Hooks registered: generation=95, keyboard=0xE320E33, mouse=0x1760E6B, keyboard callbacks=5460, mouse callbacks=28956.
2026-10-08T12:34:02.2323529+09:00 Hook status (periodic): generation=95, enabled=True, emacsEnabled=True, emacsActive=True, keyboardCallbacks=5460, mouseCallbacks=29349, suppressed=104, injectionFailures=0, refreshRequested=False, sinceRefreshMs=23000, leftAlt=False/False/False, rightAlt=False/False/False, leftCtrl=False/False/False, rightCtrl=False/False/False, asyncAlt=False/False, asyncCtrl=False/False, capturedKeys=0, capsCaptured=False, otherKeysCount=0, droppedLogs=0.
2026-10-08T12:34:21.2267043+09:00 Hooks registered: generation=96, keyboard=0x2990EA7, mouse=0xC6C0DFD, keyboard callbacks=5466, mouse callbacks=29924.
2026-10-08T12:34:32.2341657+09:00 Hook status (periodic): generation=96, enabled=True, emacsEnabled=True, emacsActive=True, keyboardCallbacks=5502, mouseCallbacks=30156, suppressed=118, injectionFailures=0, refreshRequested=False, sinceRefreshMs=11000, leftAlt=False/False/False, rightAlt=False/False/False, leftCtrl=False/False/False, rightCtrl=False/False/False, asyncAlt=False/False, asyncCtrl=False/False, capturedKeys=0, capsCaptured=False, otherKeysCount=0, droppedLogs=0.
2026-10-08T12:34:51.2841131+09:00 Hooks registered: generation=97, keyboard=0xFC905ED, mouse=0x2CD0EC9, keyboard callbacks=5504, mouse callbacks=30293.
2026-10-08T12:35:02.2749342+09:00 Hook status (periodic): generation=97, enabled=True, emacsEnabled=True, emacsActive=True, keyboardCallbacks=5506, mouseCallbacks=30295, suppressed=118, injectionFailures=0, refreshRequested=False, sinceRefreshMs=11000, leftAlt=False/False/False, rightAlt=False/False/False, leftCtrl=False/False/False, rightCtrl=False/False/False, asyncAlt=False/False, asyncCtrl=False/False, capturedKeys=0, capsCaptured=False, otherKeysCount=0, droppedLogs=0.
2026-10-08T12:35:25.2783605+09:00 Hooks registered: generation=98, keyboard=0x121100F9, mouse=0x6950DC1, keyboard callbacks=5506, mouse callbacks=30817.
2026-10-08T12:35:32.3117873+09:00 Hook status (periodic): generation=98, enabled=True, emacsEnabled=True, emacsActive=True, keyboardCallbacks=5506, mouseCallbacks=30959, suppressed=118, injectionFailures=0, refreshRequested=False, sinceRefreshMs=7032, leftAlt=False/False/False, rightAlt=False/False/False, leftCtrl=False/False/False, rightCtrl=False/False/False, asyncAlt=False/False, asyncCtrl=False/False, capturedKeys=0, capsCaptured=False, otherKeysCount=0, droppedLogs=0.
2026-10-08T12:35:55.4192148+09:00 Hooks registered: generation=99, keyboard=0x2610EDD, mouse=0x3EF0EFF, keyboard callbacks=5526, mouse callbacks=31526.
2026-10-08T12:36:02.4383521+09:00 Hook status (periodic): generation=99, enabled=True, emacsEnabled=True, emacsActive=True, keyboardCallbacks=5578, mouseCallbacks=31526, suppressed=120, injectionFailures=0, refreshRequested=False, sinceRefreshMs=7016, leftAlt=False/False/False, rightAlt=False/False/False, leftCtrl=False/False/False, rightCtrl=False/False/False, asyncAlt=False/False, asyncCtrl=False/False, capturedKeys=0, capsCaptured=False, otherKeysCount=0, droppedLogs=0.
2026-10-08T12:36:32.4437098+09:00 Hook status (periodic): generation=99, enabled=True, emacsEnabled=True, emacsActive=True, keyboardCallbacks=5769, mouseCallbacks=31526, suppressed=120, injectionFailures=0, refreshRequested=False, sinceRefreshMs=37031, leftAlt=False/False/False, rightAlt=False/False/False, leftCtrl=False/False/False, rightCtrl=False/False/False, asyncAlt=False/False, asyncCtrl=False/False, capturedKeys=0, capsCaptured=False, otherKeysCount=1, droppedLogs=0.
2026-10-08T12:36:47.4770816+09:00 Hooks registered: generation=100, keyboard=0x5AC0E49, mouse=0x10D205F9, keyboard callbacks=5870, mouse callbacks=31526.
2026-10-08T12:37:02.4775745+09:00 Hook status (periodic): generation=100, enabled=True, emacsEnabled=True, emacsActive=True, keyboardCallbacks=5946, mouseCallbacks=31526, suppressed=120, injectionFailures=0, refreshRequested=False, sinceRefreshMs=15000, leftAlt=False/False/False, rightAlt=False/False/False, leftCtrl=False/False/False, rightCtrl=False/False/False, asyncAlt=False/False, asyncCtrl=False/False, capturedKeys=0, capsCaptured=False, otherKeysCount=0, droppedLogs=0.
2026-10-08T12:37:17.4763787+09:00 Hooks registered: generation=101, keyboard=0x6B08BF, mouse=0x1650EE7, keyboard callbacks=5956, mouse callbacks=31583.
2026-10-08T12:37:32.5148608+09:00 Hook status (periodic): generation=101, enabled=True, emacsEnabled=True, emacsActive=True, keyboardCallbacks=5956, mouseCallbacks=31661, suppressed=120, injectionFailures=0, refreshRequested=False, sinceRefreshMs=15032, leftAlt=False/False/False, rightAlt=False/False/False, leftCtrl=False/False/False, rightCtrl=False/False/False, asyncAlt=False/False, asyncCtrl=False/False, capturedKeys=0, capsCaptured=False, otherKeysCount=0, droppedLogs=0.
2026-10-08T12:37:56.5238952+09:00 Hooks registered: generation=102, keyboard=0xD660DB9, mouse=0x5340F19, keyboard callbacks=5960, mouse callbacks=32309.
2026-10-08T12:38:02.5313410+09:00 Hook status (periodic): generation=102, enabled=True, emacsEnabled=True, emacsActive=True, keyboardCallbacks=5997, mouseCallbacks=32309, suppressed=126, injectionFailures=0, refreshRequested=False, sinceRefreshMs=6000, leftAlt=False/False/False, rightAlt=False/False/False, leftCtrl=False/False/False, rightCtrl=False/False/False, asyncAlt=False/False, asyncCtrl=False/False, capturedKeys=0, capsCaptured=False, otherKeysCount=1, droppedLogs=0.
2026-10-08T12:38:32.5502856+09:00 Hook status (periodic): generation=102, enabled=True, emacsEnabled=True, emacsActive=True, keyboardCallbacks=6060, mouseCallbacks=32687, suppressed=126, injectionFailures=0, refreshRequested=False, sinceRefreshMs=36032, leftAlt=False/False/False, rightAlt=False/False/False, leftCtrl=False/False/False, rightCtrl=False/False/False, asyncAlt=False/False, asyncCtrl=False/False, capturedKeys=0, capsCaptured=False, otherKeysCount=0, droppedLogs=0.
2026-10-08T12:38:51.5573183+09:00 Hooks registered: generation=103, keyboard=0x2570EA9, mouse=0x9B706BB, keyboard callbacks=6076, mouse callbacks=33152.
2026-10-08T12:39:02.5663585+09:00 Hook status (periodic): generation=103, enabled=True, emacsEnabled=True, emacsActive=True, keyboardCallbacks=6116, mouseCallbacks=33152, suppressed=132, injectionFailures=0, refreshRequested=False, sinceRefreshMs=11015, leftAlt=False/False/False, rightAlt=False/False/False, leftCtrl=False/False/False, rightCtrl=False/False/False, asyncAlt=False/False, asyncCtrl=False/False, capturedKeys=0, capsCaptured=False, otherKeysCount=0, droppedLogs=0.
2026-10-08T12:39:23.6174085+09:00 Hooks registered: generation=104, keyboard=0x55B0E7B, mouse=0x10A10461, keyboard callbacks=6190, mouse callbacks=33152.
2026-10-08T12:39:32.6580475+09:00 Hook status (periodic): generation=104, enabled=True, emacsEnabled=True, emacsActive=True, keyboardCallbacks=6204, mouseCallbacks=33152, suppressed=132, injectionFailures=0, refreshRequested=False, sinceRefreshMs=9031, leftAlt=False/False/False, rightAlt=False/False/False, leftCtrl=False/False/False, rightCtrl=False/False/False, asyncAlt=False/False, asyncCtrl=False/False, capturedKeys=0, capsCaptured=False, otherKeysCount=0, droppedLogs=0.
2026-10-08T12:39:53.6555161+09:00 Hooks registered: generation=105, keyboard=0xC540E5D, mouse=0x48E0EC9, keyboard callbacks=6204, mouse callbacks=33240.
2026-10-08T12:40:02.6461207+09:00 Hook status (periodic): generation=105, enabled=True, emacsEnabled=True, emacsActive=True, keyboardCallbacks=6204, mouseCallbacks=33472, suppressed=132, injectionFailures=0, refreshRequested=False, sinceRefreshMs=9000, leftAlt=False/False/False, rightAlt=False/False/False, leftCtrl=False/False/False, rightCtrl=False/False/False, asyncAlt=False/False, asyncCtrl=False/False, capturedKeys=0, capsCaptured=False, otherKeysCount=0, droppedLogs=0.
2026-10-08T12:40:23.7150385+09:00 Hooks registered: generation=106, keyboard=0x7970915, mouse=0xA0406BB, keyboard callbacks=6224, mouse callbacks=33844.
2026-10-08T12:40:32.7125438+09:00 Hook status (periodic): generation=106, enabled=True, emacsEnabled=True, emacsActive=True, keyboardCallbacks=6224, mouseCallbacks=33844, suppressed=132, injectionFailures=0, refreshRequested=False, sinceRefreshMs=9000, leftAlt=False/False/False, rightAlt=False/False/False, leftCtrl=False/False/False, rightCtrl=False/False/False, asyncAlt=False/False, asyncCtrl=False/False, capturedKeys=0, capsCaptured=False, otherKeysCount=0, droppedLogs=0.
2026-10-08T12:40:57.7282502+09:00 Hooks registered: generation=107, keyboard=0x10110089, mouse=0x12FE00F9, keyboard callbacks=6224, mouse callbacks=34274.
2026-10-08T12:41:02.7356200+09:00 Hook status (periodic): generation=107, enabled=True, emacsEnabled=True, emacsActive=True, keyboardCallbacks=6224, mouseCallbacks=34507, suppressed=132, injectionFailures=0, refreshRequested=False, sinceRefreshMs=5000, leftAlt=False/False/False, rightAlt=False/False/False, leftCtrl=False/False/False, rightCtrl=False/False/False, asyncAlt=False/False, asyncCtrl=False/False, capturedKeys=0, capsCaptured=False, otherKeysCount=0, droppedLogs=0.
2026-10-08T12:41:32.7958643+09:00 Hook status (periodic): generation=107, enabled=True, emacsEnabled=True, emacsActive=True, keyboardCallbacks=6330, mouseCallbacks=34783, suppressed=138, injectionFailures=0, refreshRequested=False, sinceRefreshMs=35063, leftAlt=False/False/False, rightAlt=False/False/False, leftCtrl=False/False/False, rightCtrl=False/False/False, asyncAlt=False/False, asyncCtrl=False/False, capturedKeys=0, capsCaptured=False, otherKeysCount=0, droppedLogs=0.
2026-10-08T12:41:54.8162535+09:00 Hooks registered: generation=108, keyboard=0x5D0F45, mouse=0x2B10175, keyboard callbacks=6436, mouse callbacks=35248.
2026-10-08T12:42:02.8283222+09:00 Hook status (periodic): generation=108, enabled=True, emacsEnabled=True, emacsActive=True, keyboardCallbacks=6436, mouseCallbacks=35444, suppressed=140, injectionFailures=0, refreshRequested=False, sinceRefreshMs=8000, leftAlt=False/False/False, rightAlt=False/False/False, leftCtrl=False/False/False, rightCtrl=False/False/False, asyncAlt=False/False, asyncCtrl=False/False, capturedKeys=0, capsCaptured=False, otherKeysCount=0, droppedLogs=0.
2026-10-08T12:42:26.8505120+09:00 Hooks registered: generation=109, keyboard=0x96B01F5, mouse=0x1E90F35, keyboard callbacks=6436, mouse callbacks=35920.
2026-10-08T12:42:32.8478036+09:00 Hook status (periodic): generation=109, enabled=True, emacsEnabled=True, emacsActive=True, keyboardCallbacks=6436, mouseCallbacks=35920, suppressed=140, injectionFailures=0, refreshRequested=False, sinceRefreshMs=6000, leftAlt=False/False/False, rightAlt=False/False/False, leftCtrl=False/False/False, rightCtrl=False/False/False, asyncAlt=False/False, asyncCtrl=False/False, capturedKeys=0, capsCaptured=False, otherKeysCount=0, droppedLogs=0.
2026-10-08T12:42:56.8817831+09:00 Hooks registered: generation=110, keyboard=0xDA80E27, mouse=0x4D10E89, keyboard callbacks=6502, mouse callbacks=35941.
2026-10-08T12:43:02.9088417+09:00 Hook status (periodic): generation=110, enabled=True, emacsEnabled=True, emacsActive=True, keyboardCallbacks=6502, mouseCallbacks=35941, suppressed=142, injectionFailures=0, refreshRequested=False, sinceRefreshMs=6031, leftAlt=False/False/False, rightAlt=False/False/False, leftCtrl=False/False/False, rightCtrl=False/False/False, asyncAlt=False/False, asyncCtrl=False/False, capturedKeys=0, capsCaptured=False, otherKeysCount=0, droppedLogs=0.
2026-10-08T12:43:28.9459596+09:00 Hooks registered: generation=111, keyboard=0x10FF0F0D, mouse=0x1FA0EE7, keyboard callbacks=6502, mouse callbacks=36314.
2026-10-08T12:43:32.9529169+09:00 Hook status (periodic): generation=111, enabled=True, emacsEnabled=True, emacsActive=True, keyboardCallbacks=6502, mouseCallbacks=36361, suppressed=142, injectionFailures=0, refreshRequested=False, sinceRefreshMs=4000, leftAlt=False/False/False, rightAlt=False/False/False, leftCtrl=False/False/False, rightCtrl=False/False/False, asyncAlt=False/False, asyncCtrl=False/False, capturedKeys=0, capsCaptured=False, otherKeysCount=0, droppedLogs=0.
2026-10-08T12:44:02.9467603+09:00 Hook status (periodic): generation=111, enabled=True, emacsEnabled=True, emacsActive=True, keyboardCallbacks=6611, mouseCallbacks=36981, suppressed=151, injectionFailures=0, refreshRequested=False, sinceRefreshMs=34000, leftAlt=False/False/False, rightAlt=False/False/False, leftCtrl=False/False/False, rightCtrl=False/False/False, asyncAlt=False/False, asyncCtrl=False/False, capturedKeys=0, capsCaptured=False, otherKeysCount=0, droppedLogs=0.
2026-10-08T12:44:05.9551148+09:00 Hooks registered: generation=112, keyboard=0xE0600EB, mouse=0x11ED05ED, keyboard callbacks=6611, mouse callbacks=37045.
2026-10-08T12:44:32.9495264+09:00 Hook status (periodic): generation=112, enabled=True, emacsEnabled=True, emacsActive=True, keyboardCallbacks=6611, mouseCallbacks=37146, suppressed=151, injectionFailures=0, refreshRequested=False, sinceRefreshMs=27000, leftAlt=False/False/False, rightAlt=False/False/False, leftCtrl=False/False/False, rightCtrl=False/False/False, asyncAlt=False/False, asyncCtrl=False/False, capturedKeys=0, capsCaptured=False, otherKeysCount=0, droppedLogs=0.
2026-10-08T12:44:42.9613126+09:00 Hooks registered: generation=113, keyboard=0x142D055D, mouse=0x5DF0E73, keyboard callbacks=6615, mouse callbacks=37425.
2026-10-08T12:45:02.9837966+09:00 Hook status (periodic): generation=113, enabled=True, emacsEnabled=True, emacsActive=True, keyboardCallbacks=6615, mouseCallbacks=37601, suppressed=151, injectionFailures=0, refreshRequested=False, sinceRefreshMs=20015, leftAlt=False/False/False, rightAlt=False/False/False, leftCtrl=False/False/False, rightCtrl=False/False/False, asyncAlt=False/False, asyncCtrl=False/False, capturedKeys=0, capsCaptured=False, otherKeysCount=0, droppedLogs=0.
2026-10-08T12:45:16.0015731+09:00 Hooks registered: generation=114, keyboard=0x80D0F23, mouse=0xF490BB9, keyboard callbacks=6615, mouse callbacks=37825.
2026-10-08T12:45:33.0002128+09:00 Hook status (periodic): generation=114, enabled=True, emacsEnabled=True, emacsActive=True, keyboardCallbacks=6615, mouseCallbacks=37954, suppressed=151, injectionFailures=0, refreshRequested=False, sinceRefreshMs=17000, leftAlt=False/False/False, rightAlt=False/False/False, leftCtrl=False/False/False, rightCtrl=False/False/False, asyncAlt=False/False, asyncCtrl=False/False, capturedKeys=0, capsCaptured=False, otherKeysCount=0, droppedLogs=0.
2026-10-08T12:45:47.9907787+09:00 Hooks registered: generation=115, keyboard=0x9FB0EA7, mouse=0xEFC008F, keyboard callbacks=6615, mouse callbacks=38356.
2026-10-08T12:46:03.0300225+09:00 Hook status (periodic): generation=115, enabled=True, emacsEnabled=True, emacsActive=True, keyboardCallbacks=6633, mouseCallbacks=38356, suppressed=153, injectionFailures=0, refreshRequested=False, sinceRefreshMs=15031, leftAlt=False/False/False, rightAlt=False/False/False, leftCtrl=False/False/False, rightCtrl=False/False/False, asyncAlt=False/False, asyncCtrl=False/False, capturedKeys=0, capsCaptured=False, otherKeysCount=0, droppedLogs=0.
2026-10-08T12:46:18.0247019+09:00 Hooks registered: generation=116, keyboard=0x6030F19, mouse=0x14CF05F9, keyboard callbacks=6680, mouse callbacks=38356.
2026-10-08T12:46:33.0280551+09:00 Hook status (periodic): generation=116, enabled=True, emacsEnabled=True, emacsActive=True, keyboardCallbacks=6684, mouseCallbacks=38397, suppressed=153, injectionFailures=0, refreshRequested=False, sinceRefreshMs=15000, leftAlt=False/False/False, rightAlt=False/False/False, leftCtrl=False/False/False, rightCtrl=False/False/False, asyncAlt=False/False, asyncCtrl=False/False, capturedKeys=0, capsCaptured=False, otherKeysCount=0, droppedLogs=0.
2026-10-08T12:46:56.0384003+09:00 Hooks registered: generation=117, keyboard=0xB94044B, mouse=0x10490089, keyboard callbacks=6688, mouse callbacks=38790.
2026-10-08T12:47:03.0722163+09:00 Hook status (periodic): generation=117, enabled=True, emacsEnabled=True, emacsActive=True, keyboardCallbacks=6688, mouseCallbacks=38790, suppressed=153, injectionFailures=0, refreshRequested=False, sinceRefreshMs=7031, leftAlt=False/False/False, rightAlt=False/False/False, leftCtrl=False/False/False, rightCtrl=False/False/False, asyncAlt=False/False, asyncCtrl=False/False, capturedKeys=0, capsCaptured=False, otherKeysCount=0, droppedLogs=0.
2026-10-08T12:47:26.0692162+09:00 Hooks registered: generation=118, keyboard=0xAAE027F, mouse=0x5A00E87, keyboard callbacks=6690, mouse callbacks=38925.
2026-10-08T12:47:33.0664052+09:00 Hook status (periodic): generation=118, enabled=True, emacsEnabled=True, emacsActive=True, keyboardCallbacks=6690, mouseCallbacks=38929, suppressed=153, injectionFailures=0, refreshRequested=False, sinceRefreshMs=7000, leftAlt=False/False/False, rightAlt=False/False/False, leftCtrl=False/False/False, rightCtrl=False/False/False, asyncAlt=False/False, asyncCtrl=False/False, capturedKeys=0, capsCaptured=False, otherKeysCount=0, droppedLogs=0.
2026-10-08T12:47:57.0700563+09:00 Hooks registered: generation=119, keyboard=0x95A0EEB, mouse=0x3170F0B, keyboard callbacks=6690, mouse callbacks=39296.
2026-10-08T12:48:03.0785628+09:00 Hook status (periodic): generation=119, enabled=True, emacsEnabled=True, emacsActive=True, keyboardCallbacks=6690, mouseCallbacks=39298, suppressed=153, injectionFailures=0, refreshRequested=False, sinceRefreshMs=6000, leftAlt=False/False/False, rightAlt=False/False/False, leftCtrl=False/False/False, rightCtrl=False/False/False, asyncAlt=False/False, asyncCtrl=False/False, capturedKeys=0, capsCaptured=False, otherKeysCount=0, droppedLogs=0.
2026-10-08T12:48:27.1068303+09:00 Hooks registered: generation=120, keyboard=0x31A0F3D, mouse=0x220F59, keyboard callbacks=6690, mouse callbacks=39305.
2026-10-08T12:48:33.1136495+09:00 Hook status (periodic): generation=120, enabled=True, emacsEnabled=True, emacsActive=True, keyboardCallbacks=6692, mouseCallbacks=39457, suppressed=153, injectionFailures=0, refreshRequested=False, sinceRefreshMs=6016, leftAlt=False/False/False, rightAlt=False/False/False, leftCtrl=False/False/False, rightCtrl=False/False/False, asyncAlt=False/False, asyncCtrl=False/False, capturedKeys=0, capsCaptured=False, otherKeysCount=0, droppedLogs=0.
2026-10-08T12:49:00.1454409+09:00 Hooks registered: generation=121, keyboard=0xC4501F5, mouse=0xAB80E73, keyboard callbacks=6696, mouse callbacks=39823.
2026-10-08T12:49:03.1727910+09:00 Hook status (periodic): generation=121, enabled=True, emacsEnabled=True, emacsActive=True, keyboardCallbacks=6708, mouseCallbacks=39823, suppressed=155, injectionFailures=0, refreshRequested=False, sinceRefreshMs=3016, leftAlt=False/False/False, rightAlt=False/False/False, leftCtrl=False/False/False, rightCtrl=False/False/False, asyncAlt=False/False, asyncCtrl=False/False, capturedKeys=0, capsCaptured=False, otherKeysCount=0, droppedLogs=0.
2026-10-08T12:49:30.2015406+09:00 Hooks registered: generation=122, keyboard=0xC140F49, mouse=0x8870F23, keyboard callbacks=6718, mouse callbacks=40088.
2026-10-08T12:49:33.2022242+09:00 Hook status (periodic): generation=122, enabled=True, emacsEnabled=True, emacsActive=True, keyboardCallbacks=6718, mouseCallbacks=40090, suppressed=155, injectionFailures=0, refreshRequested=False, sinceRefreshMs=3000, leftAlt=False/False/False, rightAlt=False/False/False, leftCtrl=False/False/False, rightCtrl=False/False/False, asyncAlt=False/False, asyncCtrl=False/False, capturedKeys=0, capsCaptured=False, otherKeysCount=0, droppedLogs=0.
2026-10-08T12:50:00.2211782+09:00 Hooks registered: generation=123, keyboard=0x4660F4D, mouse=0x3290F0B, keyboard callbacks=6722, mouse callbacks=40525.
2026-10-08T12:50:03.2219343+09:00 Hook status (periodic): generation=123, enabled=True, emacsEnabled=True, emacsActive=True, keyboardCallbacks=6722, mouseCallbacks=40556, suppressed=155, injectionFailures=0, refreshRequested=False, sinceRefreshMs=3015, leftAlt=False/False/False, rightAlt=False/False/False, leftCtrl=False/False/False, rightCtrl=False/False/False, asyncAlt=False/False, asyncCtrl=False/False, capturedKeys=0, capsCaptured=False, otherKeysCount=0, droppedLogs=0.
2026-10-08T12:50:30.2250826+09:00 Hooks registered: generation=124, keyboard=0x7650EDD, mouse=0x13F4042D, keyboard callbacks=6722, mouse callbacks=40660.
2026-10-08T12:50:33.2280439+09:00 Hook status (periodic): generation=124, enabled=True, emacsEnabled=True, emacsActive=True, keyboardCallbacks=6722, mouseCallbacks=40678, suppressed=155, injectionFailures=0, refreshRequested=False, sinceRefreshMs=3000, leftAlt=False/False/False, rightAlt=False/False/False, leftCtrl=False/False/False, rightCtrl=False/False/False, asyncAlt=False/False, asyncCtrl=False/False, capturedKeys=0, capsCaptured=False, otherKeysCount=0, droppedLogs=0.
2026-10-08T12:51:00.2538485+09:00 Hooks registered: generation=125, keyboard=0x9540E29, mouse=0xAE01AF, keyboard callbacks=6730, mouse callbacks=41307.
2026-10-08T12:51:03.2674336+09:00 Hook status (periodic): generation=125, enabled=True, emacsEnabled=True, emacsActive=True, keyboardCallbacks=6730, mouseCallbacks=41380, suppressed=155, injectionFailures=0, refreshRequested=False, sinceRefreshMs=3000, leftAlt=False/False/False, rightAlt=False/False/False, leftCtrl=False/False/False, rightCtrl=False/False/False, asyncAlt=False/False, asyncCtrl=False/False, capturedKeys=0, capsCaptured=False, otherKeysCount=0, droppedLogs=0.
2026-10-08T12:51:32.3036244+09:00 Hooks registered: generation=126, keyboard=0xD770363, mouse=0x9250915, keyboard callbacks=6824, mouse callbacks=41723.
2026-10-08T12:51:33.3059999+09:00 Hook status (periodic): generation=126, enabled=True, emacsEnabled=True, emacsActive=True, keyboardCallbacks=6824, mouseCallbacks=41760, suppressed=159, injectionFailures=0, refreshRequested=False, sinceRefreshMs=1000, leftAlt=False/False/False, rightAlt=False/False/False, leftCtrl=False/False/False, rightCtrl=False/False/False, asyncAlt=False/False, asyncCtrl=False/False, capturedKeys=0, capsCaptured=False, otherKeysCount=0, droppedLogs=0.
2026-10-08T12:52:02.3283782+09:00 Hooks registered: generation=127, keyboard=0x2A0F55, mouse=0x5CD0E87, keyboard callbacks=6824, mouse callbacks=42252.
2026-10-08T12:52:03.3298266+09:00 Hook status (periodic): generation=127, enabled=True, emacsEnabled=True, emacsActive=True, keyboardCallbacks=6824, mouseCallbacks=42252, suppressed=159, injectionFailures=0, refreshRequested=False, sinceRefreshMs=1000, leftAlt=False/False/False, rightAlt=False/False/False, leftCtrl=False/False/False, rightCtrl=False/False/False, asyncAlt=False/False, asyncCtrl=False/False, capturedKeys=0, capsCaptured=False, otherKeysCount=0, droppedLogs=0.
2026-10-08T12:52:32.3645462+09:00 Hooks registered: generation=128, keyboard=0xFF4008F, mouse=0x2650F57, keyboard callbacks=6840, mouse callbacks=42432.
2026-10-08T12:52:33.3661284+09:00 Hook status (periodic): generation=128, enabled=True, emacsEnabled=True, emacsActive=True, keyboardCallbacks=6840, mouseCallbacks=42485, suppressed=159, injectionFailures=0, refreshRequested=False, sinceRefreshMs=1000, leftAlt=False/False/False, rightAlt=False/False/False, leftCtrl=False/False/False, rightCtrl=False/False/False, asyncAlt=False/False, asyncCtrl=False/False, capturedKeys=0, capsCaptured=False, otherKeysCount=0, droppedLogs=0.
2026-10-08T12:53:03.4345616+09:00 Hook status (periodic): generation=128, enabled=True, emacsEnabled=True, emacsActive=True, keyboardCallbacks=6840, mouseCallbacks=42686, suppressed=159, injectionFailures=0, refreshRequested=False, sinceRefreshMs=31063, leftAlt=False/False/False, rightAlt=False/False/False, leftCtrl=False/False/False, rightCtrl=False/False/False, asyncAlt=False/False, asyncCtrl=False/False, capturedKeys=0, capsCaptured=False, otherKeysCount=0, droppedLogs=0.
2026-10-08T12:53:06.4514945+09:00 Hooks registered: generation=129, keyboard=0xA2D0915, mouse=0x11070BB9, keyboard callbacks=6840, mouse callbacks=42741.
2026-10-08T12:53:33.4407654+09:00 Hook status (periodic): generation=129, enabled=True, emacsEnabled=True, emacsActive=True, keyboardCallbacks=6868, mouseCallbacks=42890, suppressed=161, injectionFailures=0, refreshRequested=False, sinceRefreshMs=27000, leftAlt=False/False/False, rightAlt=False/False/False, leftCtrl=False/False/False, rightCtrl=False/False/False, asyncAlt=False/False, asyncCtrl=False/False, capturedKeys=0, capsCaptured=False, otherKeysCount=0, droppedLogs=0.
2026-10-08T12:53:39.4712449+09:00 Hooks registered: generation=130, keyboard=0x11D2091F, mouse=0xE560363, keyboard callbacks=6904, mouse callbacks=42890.
2026-10-08T12:54:03.4753481+09:00 Hook status (periodic): generation=130, enabled=True, emacsEnabled=True, emacsActive=True, keyboardCallbacks=6904, mouseCallbacks=43304, suppressed=161, injectionFailures=0, refreshRequested=False, sinceRefreshMs=24015, leftAlt=False/False/False, rightAlt=False/False/False, leftCtrl=False/False/False, rightCtrl=False/False/False, asyncAlt=False/False, asyncCtrl=False/False, capturedKeys=0, capsCaptured=False, otherKeysCount=0, droppedLogs=0.
2026-10-08T12:54:09.4798874+09:00 Hooks registered: generation=131, keyboard=0xA2A0E69, mouse=0x1F0EBD, keyboard callbacks=6904, mouse callbacks=43357.
2026-10-08T12:54:33.5588558+09:00 Hook status (periodic): generation=131, enabled=True, emacsEnabled=True, emacsActive=True, keyboardCallbacks=6916, mouseCallbacks=43535, suppressed=161, injectionFailures=0, refreshRequested=False, sinceRefreshMs=24079, leftAlt=False/False/False, rightAlt=False/False/False, leftCtrl=False/False/False, rightCtrl=False/False/False, asyncAlt=False/False, asyncCtrl=False/False, capturedKeys=0, capsCaptured=False, otherKeysCount=0, droppedLogs=0.
2026-10-08T12:54:39.5810170+09:00 Hooks registered: generation=132, keyboard=0xA6D0343, mouse=0x1547055D, keyboard callbacks=6922, mouse callbacks=43535.
2026-10-08T12:55:03.5880656+09:00 Hook status (periodic): generation=132, enabled=True, emacsEnabled=True, emacsActive=True, keyboardCallbacks=6946, mouseCallbacks=43535, suppressed=161, injectionFailures=0, refreshRequested=False, sinceRefreshMs=24000, leftAlt=False/False/False, rightAlt=False/False/False, leftCtrl=False/False/False, rightCtrl=False/False/False, asyncAlt=False/False, asyncCtrl=False/False, capturedKeys=0, capsCaptured=False, otherKeysCount=0, droppedLogs=0.
2026-10-08T12:55:11.6089929+09:00 Hooks registered: generation=133, keyboard=0xA610173, mouse=0xE280F49, keyboard callbacks=6946, mouse callbacks=43689.
2026-10-08T12:55:33.6035776+09:00 Hook status (periodic): generation=133, enabled=True, emacsEnabled=True, emacsActive=True, keyboardCallbacks=6954, mouseCallbacks=44027, suppressed=163, injectionFailures=0, refreshRequested=False, sinceRefreshMs=22000, leftAlt=False/False/False, rightAlt=False/False/False, leftCtrl=False/False/False, rightCtrl=False/False/False, asyncAlt=False/False, asyncCtrl=False/False, capturedKeys=0, capsCaptured=False, otherKeysCount=0, droppedLogs=0.
2026-10-08T12:55:41.6118537+09:00 Hooks registered: generation=134, keyboard=0x9560123, mouse=0x3950F51, keyboard callbacks=6954, mouse callbacks=44027.
2026-10-08T12:56:03.6690599+09:00 Hook status (periodic): generation=134, enabled=True, emacsEnabled=True, emacsActive=True, keyboardCallbacks=6958, mouseCallbacks=44096, suppressed=163, injectionFailures=0, refreshRequested=False, sinceRefreshMs=22063, leftAlt=False/False/False, rightAlt=False/False/False, leftCtrl=False/False/False, rightCtrl=False/False/False, asyncAlt=False/False, asyncCtrl=False/False, capturedKeys=0, capsCaptured=False, otherKeysCount=0, droppedLogs=0.
2026-10-08T12:56:11.6608163+09:00 Hooks registered: generation=135, keyboard=0xAF406BB, mouse=0x12F805ED, keyboard callbacks=6958, mouse callbacks=44096.
2026-10-08T12:56:33.6668906+09:00 Hook status (periodic): generation=135, enabled=True, emacsEnabled=True, emacsActive=True, keyboardCallbacks=6958, mouseCallbacks=44797, suppressed=163, injectionFailures=0, refreshRequested=False, sinceRefreshMs=22000, leftAlt=False/False/False, rightAlt=False/False/False, leftCtrl=False/False/False, rightCtrl=False/False/False, asyncAlt=False/False, asyncCtrl=False/False, capturedKeys=0, capsCaptured=False, otherKeysCount=0, droppedLogs=0.
2026-10-08T12:57:03.6849142+09:00 Hook status (periodic): generation=135, enabled=True, emacsEnabled=True, emacsActive=True, keyboardCallbacks=6958, mouseCallbacks=45905, suppressed=163, injectionFailures=0, refreshRequested=False, sinceRefreshMs=52016, leftAlt=False/False/False, rightAlt=False/False/False, leftCtrl=False/False/False, rightCtrl=False/False/False, asyncAlt=False/False, asyncCtrl=False/False, capturedKeys=0, capsCaptured=False, otherKeysCount=0, droppedLogs=0.
2026-10-08T12:57:03.7133079+09:00 Hooks registered: generation=136, keyboard=0xC0FD3, mouse=0xD0FE3, keyboard callbacks=6958, mouse callbacks=45905.
2026-10-08T12:57:33.7220006+09:00 Hook status (periodic): generation=136, enabled=True, emacsEnabled=True, emacsActive=True, keyboardCallbacks=6958, mouseCallbacks=46281, suppressed=163, injectionFailures=0, refreshRequested=False, sinceRefreshMs=30015, leftAlt=False/False/False, rightAlt=False/False/False, leftCtrl=False/False/False, rightCtrl=False/False/False, asyncAlt=False/False, asyncCtrl=False/False, capturedKeys=0, capsCaptured=False, otherKeysCount=0, droppedLogs=0.
2026-10-08T12:57:33.7224933+09:00 Hooks registered: generation=137, keyboard=0x16910F0D, mouse=0x1970F3B, keyboard callbacks=6958, mouse callbacks=46281.
2026-10-08T12:58:03.7462199+09:00 Hook status (periodic): generation=137, enabled=True, emacsEnabled=True, emacsActive=True, keyboardCallbacks=6958, mouseCallbacks=46395, suppressed=163, injectionFailures=0, refreshRequested=False, sinceRefreshMs=30016, leftAlt=False/False/False, rightAlt=False/False/False, leftCtrl=False/False/False, rightCtrl=False/False/False, asyncAlt=False/False, asyncCtrl=False/False, capturedKeys=0, capsCaptured=False, otherKeysCount=0, droppedLogs=0.
2026-10-08T12:58:08.7466299+09:00 Hooks registered: generation=138, keyboard=0xC030F03, mouse=0xD0F73, keyboard callbacks=6958, mouse callbacks=46463.
2026-10-08T12:58:33.7827572+09:00 Hook status (periodic): generation=138, enabled=True, emacsEnabled=True, emacsActive=True, keyboardCallbacks=6958, mouseCallbacks=46792, suppressed=163, injectionFailures=0, refreshRequested=False, sinceRefreshMs=25031, leftAlt=False/False/False, rightAlt=False/False/False, leftCtrl=False/False/False, rightCtrl=False/False/False, asyncAlt=False/False, asyncCtrl=False/False, capturedKeys=0, capsCaptured=False, otherKeysCount=0, droppedLogs=0.
2026-10-08T12:58:38.7922205+09:00 Hooks registered: generation=139, keyboard=0x88102EF, mouse=0x540F7B, keyboard callbacks=6958, mouse callbacks=46888.
2026-10-08T12:59:03.8205948+09:00 Hook status (periodic): generation=139, enabled=True, emacsEnabled=True, emacsActive=True, keyboardCallbacks=6958, mouseCallbacks=47265, suppressed=163, injectionFailures=0, refreshRequested=False, sinceRefreshMs=25031, leftAlt=False/False/False, rightAlt=False/False/False, leftCtrl=False/False/False, rightCtrl=False/False/False, asyncAlt=False/False, asyncCtrl=False/False, capturedKeys=0, capsCaptured=False, otherKeysCount=0, droppedLogs=0.
2026-10-08T12:59:08.8292773+09:00 Hooks registered: generation=140, keyboard=0xD90FEF, mouse=0x108100EB, keyboard callbacks=6958, mouse callbacks=47267.
2026-10-08T12:59:33.8597479+09:00 Hook status (periodic): generation=140, enabled=True, emacsEnabled=True, emacsActive=True, keyboardCallbacks=6958, mouseCallbacks=47983, suppressed=163, injectionFailures=0, refreshRequested=False, sinceRefreshMs=25031, leftAlt=False/False/False, rightAlt=False/False/False, leftCtrl=False/False/False, rightCtrl=False/False/False, asyncAlt=False/False, asyncCtrl=False/False, capturedKeys=0, capsCaptured=False, otherKeysCount=0, droppedLogs=0.
2026-10-08T12:59:46.8603372+09:00 Hooks registered: generation=141, keyboard=0x970EAD, mouse=0xF51025, keyboard callbacks=6958, mouse callbacks=48470.
2026-10-08T13:00:03.8714848+09:00 Hook status (periodic): generation=141, enabled=True, emacsEnabled=True, emacsActive=True, keyboardCallbacks=7022, mouseCallbacks=48609, suppressed=165, injectionFailures=0, refreshRequested=False, sinceRefreshMs=17016, leftAlt=False/False/False, rightAlt=False/False/False, leftCtrl=False/False/False, rightCtrl=False/False/False, asyncAlt=False/False, asyncCtrl=False/False, capturedKeys=0, capsCaptured=False, otherKeysCount=0, droppedLogs=0.
2026-10-08T13:00:21.9048549+09:00 Hooks registered: generation=142, keyboard=0x920F73, mouse=0xB490361, keyboard callbacks=7022, mouse callbacks=49161.
2026-10-08T13:00:33.9148480+09:00 Hook status (periodic): generation=142, enabled=True, emacsEnabled=True, emacsActive=True, keyboardCallbacks=7022, mouseCallbacks=49411, suppressed=165, injectionFailures=0, refreshRequested=False, sinceRefreshMs=12016, leftAlt=False/False/False, rightAlt=False/False/False, leftCtrl=False/False/False, rightCtrl=False/False/False, asyncAlt=False/False, asyncCtrl=False/False, capturedKeys=0, capsCaptured=False, otherKeysCount=0, droppedLogs=0.
2026-10-08T13:00:51.9332170+09:00 Hooks registered: generation=143, keyboard=0xA50FDB, mouse=0x2F80FEF, keyboard callbacks=7022, mouse callbacks=49546.
2026-10-08T13:01:03.9821621+09:00 Hook status (periodic): generation=143, enabled=True, emacsEnabled=True, emacsActive=True, keyboardCallbacks=7022, mouseCallbacks=49546, suppressed=165, injectionFailures=0, refreshRequested=False, sinceRefreshMs=12046, leftAlt=False/False/False, rightAlt=False/False/False, leftCtrl=False/False/False, rightCtrl=False/False/False, asyncAlt=False/False, asyncCtrl=False/False, capturedKeys=0, capsCaptured=False, otherKeysCount=0, droppedLogs=0.
2026-10-08T13:01:22.0258311+09:00 Hooks registered: generation=144, keyboard=0x6B0FE1, mouse=0x1F60F3F, keyboard callbacks=7022, mouse callbacks=49546.
2026-10-08T13:01:34.0500245+09:00 Hook status (periodic): generation=144, enabled=True, emacsEnabled=True, emacsActive=True, keyboardCallbacks=7022, mouseCallbacks=49546, suppressed=165, injectionFailures=0, refreshRequested=False, sinceRefreshMs=12032, leftAlt=False/False/False, rightAlt=False/False/False, leftCtrl=False/False/False, rightCtrl=False/False/False, asyncAlt=False/False, asyncCtrl=False/False, capturedKeys=0, capsCaptured=False, otherKeysCount=0, droppedLogs=0.
2026-10-08T13:01:52.0808465+09:00 Hooks registered: generation=145, keyboard=0xB6806BB, mouse=0x710F95, keyboard callbacks=7022, mouse callbacks=49546.
2026-10-08T13:02:04.0948123+09:00 Hook status (periodic): generation=145, enabled=True, emacsEnabled=True, emacsActive=True, keyboardCallbacks=7022, mouseCallbacks=49546, suppressed=165, injectionFailures=0, refreshRequested=False, sinceRefreshMs=12000, leftAlt=False/False/False, rightAlt=False/False/False, leftCtrl=False/False/False, rightCtrl=False/False/False, asyncAlt=False/False, asyncCtrl=False/False, capturedKeys=0, capsCaptured=False, otherKeysCount=0, droppedLogs=0.
2026-10-08T13:02:22.1255743+09:00 Hooks registered: generation=146, keyboard=0x96E0EDB, mouse=0x1300EC7, keyboard callbacks=7022, mouse callbacks=49546.
2026-10-08T13:02:34.1197693+09:00 Hook status (periodic): generation=146, enabled=True, emacsEnabled=True, emacsActive=True, keyboardCallbacks=7022, mouseCallbacks=49882, suppressed=165, injectionFailures=0, refreshRequested=False, sinceRefreshMs=12000, leftAlt=False/False/False, rightAlt=False/False/False, leftCtrl=False/False/False, rightCtrl=False/False/False, asyncAlt=False/False, asyncCtrl=False/False, capturedKeys=0, capsCaptured=False, otherKeysCount=0, droppedLogs=0.
2026-10-08T13:02:58.1779295+09:00 Hooks registered: generation=147, keyboard=0x2B01023, mouse=0x3EB0F4B, keyboard callbacks=7022, mouse callbacks=51089.
2026-10-08T13:03:04.1888117+09:00 Hook status (periodic): generation=147, enabled=True, emacsEnabled=True, emacsActive=True, keyboardCallbacks=7022, mouseCallbacks=51135, suppressed=165, injectionFailures=0, refreshRequested=False, sinceRefreshMs=6000, leftAlt=False/False/False, rightAlt=False/False/False, leftCtrl=False/False/False, rightCtrl=False/False/False, asyncAlt=False/False, asyncCtrl=False/False, capturedKeys=0, capsCaptured=False, otherKeysCount=0, droppedLogs=0.
2026-10-08T13:03:28.2346739+09:00 Hooks registered: generation=148, keyboard=0x2BF0F95, mouse=0xF900F03, keyboard callbacks=7022, mouse callbacks=51758.
2026-10-08T13:03:34.2415978+09:00 Hook status (periodic): generation=148, enabled=True, emacsEnabled=True, emacsActive=True, keyboardCallbacks=7022, mouseCallbacks=51758, suppressed=165, injectionFailures=0, refreshRequested=False, sinceRefreshMs=6016, leftAlt=False/False/False, rightAlt=False/False/False, leftCtrl=False/False/False, rightCtrl=False/False/False, asyncAlt=False/False, asyncCtrl=False/False, capturedKeys=0, capsCaptured=False, otherKeysCount=0, droppedLogs=0.
2026-10-08T13:03:58.2819746+09:00 Hooks registered: generation=149, keyboard=0xC1C0F23, mouse=0x14F80089, keyboard callbacks=7022, mouse callbacks=51758.
2026-10-08T13:04:04.2977123+09:00 Hook status (periodic): generation=149, enabled=True, emacsEnabled=True, emacsActive=True, keyboardCallbacks=7022, mouseCallbacks=51876, suppressed=165, injectionFailures=0, refreshRequested=False, sinceRefreshMs=6016, leftAlt=False/False/False, rightAlt=False/False/False, leftCtrl=False/False/False, rightCtrl=False/False/False, asyncAlt=False/False, asyncCtrl=False/False, capturedKeys=0, capsCaptured=False, otherKeysCount=0, droppedLogs=0.
2026-10-08T13:04:28.3270693+09:00 Hooks registered: generation=150, keyboard=0x1E40EBD, mouse=0xBF40E59, keyboard callbacks=7022, mouse callbacks=52704.
2026-10-08T13:04:34.3569071+09:00 Hook status (periodic): generation=150, enabled=True, emacsEnabled=True, emacsActive=True, keyboardCallbacks=7022, mouseCallbacks=52822, suppressed=165, injectionFailures=0, refreshRequested=False, sinceRefreshMs=6031, leftAlt=False/False/False, rightAlt=False/False/False, leftCtrl=False/False/False, rightCtrl=False/False/False, asyncAlt=False/False, asyncCtrl=False/False, capturedKeys=0, capsCaptured=False, otherKeysCount=0, droppedLogs=0.
2026-10-08T13:05:04.3610985+09:00 Hook status (periodic): generation=150, enabled=True, emacsEnabled=True, emacsActive=True, keyboardCallbacks=7022, mouseCallbacks=53681, suppressed=165, injectionFailures=0, refreshRequested=False, sinceRefreshMs=36031, leftAlt=False/False/False, rightAlt=False/False/False, leftCtrl=False/False/False, rightCtrl=False/False/False, asyncAlt=False/False, asyncCtrl=False/False, capturedKeys=0, capsCaptured=False, otherKeysCount=0, droppedLogs=0.
2026-10-08T13:05:05.3496495+09:00 Hooks registered: generation=151, keyboard=0x3900F3F, mouse=0x1730FDB, keyboard callbacks=7022, mouse callbacks=53681.
2026-10-08T13:05:34.4067649+09:00 Hook status (periodic): generation=151, enabled=True, emacsEnabled=True, emacsActive=True, keyboardCallbacks=7022, mouseCallbacks=54528, suppressed=165, injectionFailures=0, refreshRequested=False, sinceRefreshMs=29047, leftAlt=False/False/False, rightAlt=False/False/False, leftCtrl=False/False/False, rightCtrl=False/False/False, asyncAlt=False/False, asyncCtrl=False/False, capturedKeys=0, capsCaptured=False, otherKeysCount=0, droppedLogs=0.
2026-10-08T13:05:38.4065383+09:00 Hooks registered: generation=152, keyboard=0xA500EDB, mouse=0x4770FEF, keyboard callbacks=7022, mouse callbacks=54674.
2026-10-08T13:06:04.4153556+09:00 Hook status (periodic): generation=152, enabled=True, emacsEnabled=True, emacsActive=True, keyboardCallbacks=7022, mouseCallbacks=54674, suppressed=165, injectionFailures=0, refreshRequested=False, sinceRefreshMs=26016, leftAlt=False/False/False, rightAlt=False/False/False, leftCtrl=False/False/False, rightCtrl=False/False/False, asyncAlt=False/False, asyncCtrl=False/False, capturedKeys=0, capsCaptured=False, otherKeysCount=0, droppedLogs=0.
2026-10-08T13:06:08.4244378+09:00 Hooks registered: generation=153, keyboard=0xC870F23, mouse=0x85E0FDF, keyboard callbacks=7022, mouse callbacks=54674.
2026-10-08T13:06:34.5012025+09:00 Hook status (periodic): generation=153, enabled=True, emacsEnabled=True, emacsActive=True, keyboardCallbacks=7022, mouseCallbacks=54674, suppressed=165, injectionFailures=0, refreshRequested=False, sinceRefreshMs=26062, leftAlt=False/False/False, rightAlt=False/False/False, leftCtrl=False/False/False, rightCtrl=False/False/False, asyncAlt=False/False, asyncCtrl=False/False, capturedKeys=0, capsCaptured=False, otherKeysCount=0, droppedLogs=0.
2026-10-08T13:06:38.5158473+09:00 Hooks registered: generation=154, keyboard=0x4850F37, mouse=0x980FC3, keyboard callbacks=7022, mouse callbacks=54674.
2026-10-08T13:07:04.6409064+09:00 Hook status (periodic): generation=154, enabled=True, emacsEnabled=True, emacsActive=True, keyboardCallbacks=7022, mouseCallbacks=54674, suppressed=165, injectionFailures=0, refreshRequested=False, sinceRefreshMs=26125, leftAlt=False/False/False, rightAlt=False/False/False, leftCtrl=False/False/False, rightCtrl=False/False/False, asyncAlt=False/False, asyncCtrl=False/False, capturedKeys=0, capsCaptured=False, otherKeysCount=0, droppedLogs=0.
2026-10-08T13:07:08.6414352+09:00 Hooks registered: generation=155, keyboard=0x3960FCB, mouse=0xB9C0915, keyboard callbacks=7022, mouse callbacks=54674.
2026-10-08T13:07:34.6991251+09:00 Hook status (periodic): generation=155, enabled=True, emacsEnabled=True, emacsActive=True, keyboardCallbacks=7022, mouseCallbacks=54674, suppressed=165, injectionFailures=0, refreshRequested=False, sinceRefreshMs=26062, leftAlt=False/False/False, rightAlt=False/False/False, leftCtrl=False/False/False, rightCtrl=False/False/False, asyncAlt=False/False, asyncCtrl=False/False, capturedKeys=0, capsCaptured=False, otherKeysCount=0, droppedLogs=0.
2026-10-08T13:07:38.7030716+09:00 Hooks registered: generation=156, keyboard=0x37E0F5F, mouse=0x47B0F0B, keyboard callbacks=7022, mouse callbacks=54674.
2026-10-08T13:08:04.7364226+09:00 Hook status (periodic): generation=156, enabled=True, emacsEnabled=True, emacsActive=True, keyboardCallbacks=7022, mouseCallbacks=54674, suppressed=165, injectionFailures=0, refreshRequested=False, sinceRefreshMs=26031, leftAlt=False/False/False, rightAlt=False/False/False, leftCtrl=False/False/False, rightCtrl=False/False/False, asyncAlt=False/False, asyncCtrl=False/False, capturedKeys=0, capsCaptured=False, otherKeysCount=0, droppedLogs=0.
2026-10-08T13:08:08.7350144+09:00 Hooks registered: generation=157, keyboard=0x950F6D, mouse=0x7B40ECB, keyboard callbacks=7022, mouse callbacks=54674.
2026-10-08T13:08:34.7797101+09:00 Hook status (periodic): generation=157, enabled=True, emacsEnabled=True, emacsActive=True, keyboardCallbacks=7022, mouseCallbacks=54674, suppressed=165, injectionFailures=0, refreshRequested=False, sinceRefreshMs=26047, leftAlt=False/False/False, rightAlt=False/False/False, leftCtrl=False/False/False, rightCtrl=False/False/False, asyncAlt=False/False, asyncCtrl=False/False, capturedKeys=0, capsCaptured=False, otherKeysCount=0, droppedLogs=0.
2026-10-08T13:08:38.7815025+09:00 Hooks registered: generation=158, keyboard=0x17340F0D, mouse=0xB590361, keyboard callbacks=7022, mouse callbacks=54674.
2026-10-08T13:09:04.8573237+09:00 Hook status (periodic): generation=158, enabled=True, emacsEnabled=True, emacsActive=True, keyboardCallbacks=7022, mouseCallbacks=54674, suppressed=165, injectionFailures=0, refreshRequested=False, sinceRefreshMs=26078, leftAlt=False/False/False, rightAlt=False/False/False, leftCtrl=False/False/False, rightCtrl=False/False/False, asyncAlt=False/False, asyncCtrl=False/False, capturedKeys=0, capsCaptured=False, otherKeysCount=0, droppedLogs=0.
2026-10-08T13:09:08.8608034+09:00 Hooks registered: generation=159, keyboard=0x2CD0EBF, mouse=0x47D0F4B, keyboard callbacks=7022, mouse callbacks=54674.
2026-10-08T13:09:34.8656703+09:00 Hook status (periodic): generation=159, enabled=True, emacsEnabled=True, emacsActive=True, keyboardCallbacks=7022, mouseCallbacks=54674, suppressed=165, injectionFailures=0, refreshRequested=False, sinceRefreshMs=26016, leftAlt=False/False/False, rightAlt=False/False/False, leftCtrl=False/False/False, rightCtrl=False/False/False, asyncAlt=False/False, asyncCtrl=False/False, capturedKeys=0, capsCaptured=False, otherKeysCount=0, droppedLogs=0.
2026-10-08T13:09:38.9027212+09:00 Hooks registered: generation=160, keyboard=0x8AF0EC9, mouse=0x3F50F3F, keyboard callbacks=7022, mouse callbacks=54674.
2026-10-08T13:10:04.9520678+09:00 Hook status (periodic): generation=160, enabled=True, emacsEnabled=True, emacsActive=True, keyboardCallbacks=7022, mouseCallbacks=54674, suppressed=165, injectionFailures=0, refreshRequested=False, sinceRefreshMs=26047, leftAlt=False/False/False, rightAlt=False/False/False, leftCtrl=False/False/False, rightCtrl=False/False/False, asyncAlt=False/False, asyncCtrl=False/False, capturedKeys=0, capsCaptured=False, otherKeysCount=0, droppedLogs=0.
2026-10-08T13:10:08.9412771+09:00 Hooks registered: generation=161, keyboard=0x11E0FD1, mouse=0x8E80F4D, keyboard callbacks=7022, mouse callbacks=54674.
2026-10-08T13:10:34.9476946+09:00 Hook status (periodic): generation=161, enabled=True, emacsEnabled=True, emacsActive=True, keyboardCallbacks=7022, mouseCallbacks=55127, suppressed=165, injectionFailures=0, refreshRequested=False, sinceRefreshMs=26000, leftAlt=False/False/False, rightAlt=False/False/False, leftCtrl=False/False/False, rightCtrl=False/False/False, asyncAlt=False/False, asyncCtrl=False/False, capturedKeys=0, capsCaptured=False, otherKeysCount=0, droppedLogs=0.
2026-10-08T13:10:38.9528864+09:00 Hooks registered: generation=162, keyboard=0x8510F41, mouse=0x221102B, keyboard callbacks=7022, mouse callbacks=55189.
2026-10-08T13:11:04.9740514+09:00 Hook status (periodic): generation=162, enabled=True, emacsEnabled=True, emacsActive=True, keyboardCallbacks=7022, mouseCallbacks=55658, suppressed=165, injectionFailures=0, refreshRequested=False, sinceRefreshMs=26031, leftAlt=False/False/False, rightAlt=False/False/False, leftCtrl=False/False/False, rightCtrl=False/False/False, asyncAlt=False/False, asyncCtrl=False/False, capturedKeys=0, capsCaptured=False, otherKeysCount=0, droppedLogs=0.
2026-10-08T13:11:15.0019667+09:00 Hooks registered: generation=163, keyboard=0x10010E59, mouse=0xD3E06AF, keyboard callbacks=7022, mouse callbacks=55893.
2026-10-08T13:11:35.0784627+09:00 Hook status (periodic): generation=163, enabled=True, emacsEnabled=True, emacsActive=True, keyboardCallbacks=7022, mouseCallbacks=56684, suppressed=165, injectionFailures=0, refreshRequested=False, sinceRefreshMs=20078, leftAlt=False/False/False, rightAlt=False/False/False, leftCtrl=False/False/False, rightCtrl=False/False/False, asyncAlt=False/False, asyncCtrl=False/False, capturedKeys=0, capsCaptured=False, otherKeysCount=0, droppedLogs=0.
2026-10-08T13:11:47.0992391+09:00 Hooks registered: generation=164, keyboard=0x6761025, mouse=0x6960F3F, keyboard callbacks=7022, mouse callbacks=57344.
2026-10-08T13:12:05.1058489+09:00 Hook status (periodic): generation=164, enabled=True, emacsEnabled=True, emacsActive=True, keyboardCallbacks=7022, mouseCallbacks=57848, suppressed=165, injectionFailures=0, refreshRequested=False, sinceRefreshMs=18000, leftAlt=False/False/False, rightAlt=False/False/False, leftCtrl=False/False/False, rightCtrl=False/False/False, asyncAlt=False/False, asyncCtrl=False/False, capturedKeys=0, capsCaptured=False, otherKeysCount=0, droppedLogs=0.
2026-10-08T13:12:17.1053086+09:00 Hooks registered: generation=165, keyboard=0xC3106BB, mouse=0xB700F4D, keyboard callbacks=7022, mouse callbacks=58251.
2026-10-08T13:12:35.1276602+09:00 Hook status (periodic): generation=165, enabled=True, emacsEnabled=True, emacsActive=True, keyboardCallbacks=7036, mouseCallbacks=58662, suppressed=165, injectionFailures=0, refreshRequested=False, sinceRefreshMs=18032, leftAlt=False/False/False, rightAlt=False/False/False, leftCtrl=False/False/False, rightCtrl=False/False/False, asyncAlt=False/False, asyncCtrl=False/False, capturedKeys=0, capsCaptured=False, otherKeysCount=0, droppedLogs=0.
2026-10-08T13:12:48.1352344+09:00 Hooks registered: generation=166, keyboard=0x7A90F3F, mouse=0x2F90F71, keyboard callbacks=7088, mouse callbacks=58662.
2026-10-08T13:13:05.1979697+09:00 Hook status (periodic): generation=166, enabled=True, emacsEnabled=True, emacsActive=True, keyboardCallbacks=7094, mouseCallbacks=58948, suppressed=165, injectionFailures=0, refreshRequested=False, sinceRefreshMs=17062, leftAlt=False/False/False, rightAlt=False/False/False, leftCtrl=False/False/False, rightCtrl=False/False/False, asyncAlt=False/False, asyncCtrl=False/False, capturedKeys=0, capsCaptured=False, otherKeysCount=0, droppedLogs=0.
2026-10-08T13:13:35.2234856+09:00 Hook status (periodic): generation=166, enabled=True, emacsEnabled=True, emacsActive=True, keyboardCallbacks=7108, mouseCallbacks=59828, suppressed=165, injectionFailures=0, refreshRequested=False, sinceRefreshMs=47093, leftAlt=False/False/False, rightAlt=False/False/False, leftCtrl=False/False/False, rightCtrl=False/False/False, asyncAlt=False/False, asyncCtrl=False/False, capturedKeys=0, capsCaptured=False, otherKeysCount=0, droppedLogs=0.
2026-10-08T13:14:04.2238948+09:00 Hooks registered: generation=167, keyboard=0x3600125, mouse=0x13310E1F, keyboard callbacks=7200, mouse callbacks=60659.
2026-10-08T13:14:05.2243172+09:00 Hook status (periodic): generation=167, enabled=True, emacsEnabled=True, emacsActive=True, keyboardCallbacks=7200, mouseCallbacks=60659, suppressed=167, injectionFailures=0, refreshRequested=False, sinceRefreshMs=1000, leftAlt=False/False/False, rightAlt=False/False/False, leftCtrl=False/False/False, rightCtrl=False/False/False, asyncAlt=False/False, asyncCtrl=False/False, capturedKeys=0, capsCaptured=False, otherKeysCount=0, droppedLogs=0.
2026-10-08T13:14:35.2968253+09:00 Hook status (periodic): generation=167, enabled=True, emacsEnabled=True, emacsActive=True, keyboardCallbacks=7200, mouseCallbacks=61032, suppressed=167, injectionFailures=0, refreshRequested=False, sinceRefreshMs=31063, leftAlt=False/False/False, rightAlt=False/False/False, leftCtrl=False/False/False, rightCtrl=False/False/False, asyncAlt=False/False, asyncCtrl=False/False, capturedKeys=0, capsCaptured=False, otherKeysCount=0, droppedLogs=0.
2026-10-08T13:14:42.3239953+09:00 Hooks registered: generation=168, keyboard=0x5620F33, mouse=0x9B0EAB, keyboard callbacks=7200, mouse callbacks=61262.
2026-10-08T13:15:05.3539450+09:00 Hook status (periodic): generation=168, enabled=True, emacsEnabled=True, emacsActive=True, keyboardCallbacks=7200, mouseCallbacks=61498, suppressed=167, injectionFailures=0, refreshRequested=False, sinceRefreshMs=23031, leftAlt=False/False/False, rightAlt=False/False/False, leftCtrl=False/False/False, rightCtrl=False/False/False, asyncAlt=False/False, asyncCtrl=False/False, capturedKeys=0, capsCaptured=False, otherKeysCount=0, droppedLogs=0.
2026-10-08T13:15:12.3493846+09:00 Hooks registered: generation=169, keyboard=0x6560FD9, mouse=0xB470F19, keyboard callbacks=7200, mouse callbacks=61498.
2026-10-08T13:15:35.3596627+09:00 Hook status (periodic): generation=169, enabled=True, emacsEnabled=True, emacsActive=True, keyboardCallbacks=7200, mouseCallbacks=61498, suppressed=167, injectionFailures=0, refreshRequested=False, sinceRefreshMs=23000, leftAlt=False/False/False, rightAlt=False/False/False, leftCtrl=False/False/False, rightCtrl=False/False/False, asyncAlt=False/False, asyncCtrl=False/False, capturedKeys=0, capsCaptured=False, otherKeysCount=0, droppedLogs=0.
2026-10-08T13:15:42.3493820+09:00 Hooks registered: generation=170, keyboard=0x15350175, mouse=0x2400F7B, keyboard callbacks=7200, mouse callbacks=61498.
2026-10-08T13:16:05.3524185+09:00 Hook status (periodic): generation=170, enabled=True, emacsEnabled=True, emacsActive=True, keyboardCallbacks=7200, mouseCallbacks=61498, suppressed=167, injectionFailures=0, refreshRequested=False, sinceRefreshMs=23000, leftAlt=False/False/False, rightAlt=False/False/False, leftCtrl=False/False/False, rightCtrl=False/False/False, asyncAlt=False/False, asyncCtrl=False/False, capturedKeys=0, capsCaptured=False, otherKeysCount=0, droppedLogs=0.
2026-10-08T13:16:12.3514728+09:00 Hooks registered: generation=171, keyboard=0x4CF0FCD, mouse=0x13D90E1F, keyboard callbacks=7200, mouse callbacks=61648.
2026-10-08T13:16:35.3592057+09:00 Hook status (periodic): generation=171, enabled=True, emacsEnabled=True, emacsActive=True, keyboardCallbacks=7220, mouseCallbacks=61648, suppressed=169, injectionFailures=0, refreshRequested=False, sinceRefreshMs=23000, leftAlt=False/False/False, rightAlt=False/False/False, leftCtrl=False/False/False, rightCtrl=False/False/False, asyncAlt=False/False, asyncCtrl=False/False, capturedKeys=0, capsCaptured=False, otherKeysCount=0, droppedLogs=0.
2026-10-08T13:16:42.3570965+09:00 Hooks registered: generation=172, keyboard=0xD61027, mouse=0xF730EC9, keyboard callbacks=7220, mouse callbacks=61648.
2026-10-08T13:17:05.3823847+09:00 Hook status (periodic): generation=172, enabled=True, emacsEnabled=True, emacsActive=True, keyboardCallbacks=7220, mouseCallbacks=61648, suppressed=169, injectionFailures=0, refreshRequested=False, sinceRefreshMs=23032, leftAlt=False/False/False, rightAlt=False/False/False, leftCtrl=False/False/False, rightCtrl=False/False/False, asyncAlt=False/False, asyncCtrl=False/False, capturedKeys=0, capsCaptured=False, otherKeysCount=0, droppedLogs=0.
2026-10-08T13:17:12.3804832+09:00 Hooks registered: generation=173, keyboard=0x71A0EC3, mouse=0x1331019, keyboard callbacks=7220, mouse callbacks=61648.
2026-10-08T13:17:35.4390255+09:00 Hook status (periodic): generation=173, enabled=True, emacsEnabled=True, emacsActive=True, keyboardCallbacks=7220, mouseCallbacks=61648, suppressed=169, injectionFailures=0, refreshRequested=False, sinceRefreshMs=23047, leftAlt=False/False/False, rightAlt=False/False/False, leftCtrl=False/False/False, rightCtrl=False/False/False, asyncAlt=False/False, asyncCtrl=False/False, capturedKeys=0, capsCaptured=False, otherKeysCount=0, droppedLogs=0.
2026-10-08T13:17:42.4460941+09:00 Hooks registered: generation=174, keyboard=0x6C70F33, mouse=0xCA80F19, keyboard callbacks=7220, mouse callbacks=61648.
2026-10-08T13:18:05.4442901+09:00 Hook status (periodic): generation=174, enabled=True, emacsEnabled=True, emacsActive=True, keyboardCallbacks=7220, mouseCallbacks=61648, suppressed=169, injectionFailures=0, refreshRequested=False, sinceRefreshMs=23000, leftAlt=False/False/False, rightAlt=False/False/False, leftCtrl=False/False/False, rightCtrl=False/False/False, asyncAlt=False/False, asyncCtrl=False/False, capturedKeys=0, capsCaptured=False, otherKeysCount=0, droppedLogs=0.
2026-10-08T13:18:12.4715645+09:00 Hooks registered: generation=175, keyboard=0x3E31019, mouse=0x1160FF7, keyboard callbacks=7220, mouse callbacks=61648.
2026-10-08T13:18:35.4926978+09:00 Hook status (periodic): generation=175, enabled=True, emacsEnabled=True, emacsActive=True, keyboardCallbacks=7220, mouseCallbacks=61648, suppressed=169, injectionFailures=0, refreshRequested=False, sinceRefreshMs=23016, leftAlt=False/False/False, rightAlt=False/False/False, leftCtrl=False/False/False, rightCtrl=False/False/False, asyncAlt=False/False, asyncCtrl=False/False, capturedKeys=0, capsCaptured=False, otherKeysCount=0, droppedLogs=0.
2026-10-08T13:18:42.4906648+09:00 Hooks registered: generation=176, keyboard=0xC5D0F95, mouse=0x64B01AF, keyboard callbacks=7220, mouse callbacks=61648.
2026-10-08T13:19:05.5227570+09:00 Hook status (periodic): generation=176, enabled=True, emacsEnabled=True, emacsActive=True, keyboardCallbacks=7220, mouseCallbacks=61648, suppressed=169, injectionFailures=0, refreshRequested=False, sinceRefreshMs=23031, leftAlt=False/False/False, rightAlt=False/False/False, leftCtrl=False/False/False, rightCtrl=False/False/False, asyncAlt=False/False, asyncCtrl=False/False, capturedKeys=0, capsCaptured=False, otherKeysCount=0, droppedLogs=0.
2026-10-08T13:19:12.5575907+09:00 Hooks registered: generation=177, keyboard=0x49E0F87, mouse=0x17000E19, keyboard callbacks=7220, mouse callbacks=61648.
2026-10-08T13:19:35.5785725+09:00 Hook status (periodic): generation=177, enabled=True, emacsEnabled=True, emacsActive=True, keyboardCallbacks=7220, mouseCallbacks=61648, suppressed=169, injectionFailures=0, refreshRequested=False, sinceRefreshMs=23015, leftAlt=False/False/False, rightAlt=False/False/False, leftCtrl=False/False/False, rightCtrl=False/False/False, asyncAlt=False/False, asyncCtrl=False/False, capturedKeys=0, capsCaptured=False, otherKeysCount=0, droppedLogs=0.
2026-10-08T13:19:42.5810841+09:00 Hooks registered: generation=178, keyboard=0xEDD0F95, mouse=0x560F6B, keyboard callbacks=7220, mouse callbacks=61648.
2026-10-08T13:20:05.5813425+09:00 Hook status (periodic): generation=178, enabled=True, emacsEnabled=True, emacsActive=True, keyboardCallbacks=7220, mouseCallbacks=61648, suppressed=169, injectionFailures=0, refreshRequested=False, sinceRefreshMs=23016, leftAlt=False/False/False, rightAlt=False/False/False, leftCtrl=False/False/False, rightCtrl=False/False/False, asyncAlt=False/False, asyncCtrl=False/False, capturedKeys=0, capsCaptured=False, otherKeysCount=0, droppedLogs=0.
2026-10-08T13:20:12.6073048+09:00 Hooks registered: generation=179, keyboard=0x12ED06AF, mouse=0x49D0FF3, keyboard callbacks=7220, mouse callbacks=61648.
2026-10-08T13:20:35.6671084+09:00 Hook status (periodic): generation=179, enabled=True, emacsEnabled=True, emacsActive=True, keyboardCallbacks=7220, mouseCallbacks=61832, suppressed=169, injectionFailures=0, refreshRequested=False, sinceRefreshMs=23063, leftAlt=False/False/False, rightAlt=False/False/False, leftCtrl=False/False/False, rightCtrl=False/False/False, asyncAlt=False/False, asyncCtrl=False/False, capturedKeys=0, capsCaptured=False, otherKeysCount=0, droppedLogs=0.
2026-10-08T13:20:42.6796921+09:00 Hooks registered: generation=180, keyboard=0xFA90F95, mouse=0x5270F87, keyboard callbacks=7220, mouse callbacks=61832.
2026-10-08T13:21:05.7016008+09:00 Hook status (periodic): generation=180, enabled=True, emacsEnabled=True, emacsActive=True, keyboardCallbacks=7220, mouseCallbacks=61832, suppressed=169, injectionFailures=0, refreshRequested=False, sinceRefreshMs=23015, leftAlt=False/False/False, rightAlt=False/False/False, leftCtrl=False/False/False, rightCtrl=False/False/False, asyncAlt=False/False, asyncCtrl=False/False, capturedKeys=0, capsCaptured=False, otherKeysCount=0, droppedLogs=0.
2026-10-08T13:21:12.6947761+09:00 Hooks registered: generation=181, keyboard=0xC4D0EC3, mouse=0xC5C0FD9, keyboard callbacks=7220, mouse callbacks=61832.
2026-10-08T13:21:35.7014165+09:00 Hook status (periodic): generation=181, enabled=True, emacsEnabled=True, emacsActive=True, keyboardCallbacks=7250, mouseCallbacks=61895, suppressed=171, injectionFailures=0, refreshRequested=False, sinceRefreshMs=23000, leftAlt=False/False/False, rightAlt=False/False/False, leftCtrl=False/False/False, rightCtrl=False/False/False, asyncAlt=False/False, asyncCtrl=False/False, capturedKeys=0, capsCaptured=False, otherKeysCount=0, droppedLogs=0.
2026-10-08T13:21:54.7289014+09:00 Hooks registered: generation=182, keyboard=0x5EB0F85, mouse=0x1869055D, keyboard callbacks=7250, mouse callbacks=62396.
2026-10-08T13:22:05.7658722+09:00 Hook status (periodic): generation=182, enabled=True, emacsEnabled=True, emacsActive=True, keyboardCallbacks=7250, mouseCallbacks=62438, suppressed=171, injectionFailures=0, refreshRequested=False, sinceRefreshMs=11032, leftAlt=False/False/False, rightAlt=False/False/False, leftCtrl=False/False/False, rightCtrl=False/False/False, asyncAlt=False/False, asyncCtrl=False/False, capturedKeys=0, capsCaptured=False, otherKeysCount=0, droppedLogs=0.
2026-10-08T13:22:26.7645752+09:00 Hooks registered: generation=183, keyboard=0x2050F99, mouse=0xF100E69, keyboard callbacks=7250, mouse callbacks=62757.
2026-10-08T13:22:35.7886510+09:00 Hook status (periodic): generation=183, enabled=True, emacsEnabled=True, emacsActive=True, keyboardCallbacks=7250, mouseCallbacks=62757, suppressed=171, injectionFailures=0, refreshRequested=False, sinceRefreshMs=9031, leftAlt=False/False/False, rightAlt=False/False/False, leftCtrl=False/False/False, rightCtrl=False/False/False, asyncAlt=False/False, asyncCtrl=False/False, capturedKeys=0, capsCaptured=False, otherKeysCount=0, droppedLogs=0.
2026-10-08T13:22:56.8514469+09:00 Hooks registered: generation=184, keyboard=0xAAD0F5F, mouse=0xE2A0E73, keyboard callbacks=7250, mouse callbacks=62757.
2026-10-08T13:23:05.8500297+09:00 Hook status (periodic): generation=184, enabled=True, emacsEnabled=True, emacsActive=True, keyboardCallbacks=7250, mouseCallbacks=62794, suppressed=171, injectionFailures=0, refreshRequested=False, sinceRefreshMs=9000, leftAlt=False/False/False, rightAlt=False/False/False, leftCtrl=False/False/False, rightCtrl=False/False/False, asyncAlt=False/False, asyncCtrl=False/False, capturedKeys=0, capsCaptured=False, otherKeysCount=0, droppedLogs=0.
2026-10-08T13:23:26.8634421+09:00 Hooks registered: generation=185, keyboard=0x6350FF3, mouse=0x6190E3D, keyboard callbacks=7294, mouse callbacks=62794.
2026-10-08T13:23:35.8880766+09:00 Hook status (periodic): generation=185, enabled=True, emacsEnabled=True, emacsActive=True, keyboardCallbacks=7294, mouseCallbacks=62794, suppressed=173, injectionFailures=0, refreshRequested=False, sinceRefreshMs=9016, leftAlt=False/False/False, rightAlt=False/False/False, leftCtrl=False/False/False, rightCtrl=False/False/False, asyncAlt=False/False, asyncCtrl=False/False, capturedKeys=0, capsCaptured=False, otherKeysCount=0, droppedLogs=0.
2026-10-08T13:23:56.9717896+09:00 Hooks registered: generation=186, keyboard=0x7CA102B, mouse=0x8C70F75, keyboard callbacks=7294, mouse callbacks=62794.
2026-10-08T13:24:05.9815866+09:00 Hook status (periodic): generation=186, enabled=True, emacsEnabled=True, emacsActive=True, keyboardCallbacks=7294, mouseCallbacks=62794, suppressed=173, injectionFailures=0, refreshRequested=False, sinceRefreshMs=9000, leftAlt=False/False/False, rightAlt=False/False/False, leftCtrl=False/False/False, rightCtrl=False/False/False, asyncAlt=False/False, asyncCtrl=False/False, capturedKeys=0, capsCaptured=False, otherKeysCount=0, droppedLogs=0.
2026-10-08T13:24:27.0176391+09:00 Hooks registered: generation=187, keyboard=0x42D0EB9, mouse=0x6AD0FCD, keyboard callbacks=7294, mouse callbacks=62794.
2026-10-08T13:24:36.0310827+09:00 Hook status (periodic): generation=187, enabled=True, emacsEnabled=True, emacsActive=True, keyboardCallbacks=7294, mouseCallbacks=62794, suppressed=173, injectionFailures=0, refreshRequested=False, sinceRefreshMs=9015, leftAlt=False/False/False, rightAlt=False/False/False, leftCtrl=False/False/False, rightCtrl=False/False/False, asyncAlt=False/False, asyncCtrl=False/False, capturedKeys=0, capsCaptured=False, otherKeysCount=0, droppedLogs=0.
2026-10-08T13:24:57.0511163+09:00 Hooks registered: generation=188, keyboard=0x61E0125, mouse=0x4BE0E0F, keyboard callbacks=7294, mouse callbacks=62794.
2026-10-08T13:25:06.0870008+09:00 Hook status (periodic): generation=188, enabled=True, emacsEnabled=True, emacsActive=True, keyboardCallbacks=7294, mouseCallbacks=62794, suppressed=173, injectionFailures=0, refreshRequested=False, sinceRefreshMs=9031, leftAlt=False/False/False, rightAlt=False/False/False, leftCtrl=False/False/False, rightCtrl=False/False/False, asyncAlt=False/False, asyncCtrl=False/False, capturedKeys=0, capsCaptured=False, otherKeysCount=0, droppedLogs=0.
2026-10-08T13:25:27.1292021+09:00 Hooks registered: generation=189, keyboard=0x50B1011, mouse=0x3FD0F81, keyboard callbacks=7294, mouse callbacks=62794.
2026-10-08T13:25:36.1494734+09:00 Hook status (periodic): generation=189, enabled=True, emacsEnabled=True, emacsActive=True, keyboardCallbacks=7294, mouseCallbacks=62794, suppressed=173, injectionFailures=0, refreshRequested=False, sinceRefreshMs=9015, leftAlt=False/False/False, rightAlt=False/False/False, leftCtrl=False/False/False, rightCtrl=False/False/False, asyncAlt=False/False, asyncCtrl=False/False, capturedKeys=0, capsCaptured=False, otherKeysCount=0, droppedLogs=0.
2026-10-08T13:25:57.1811963+09:00 Hooks registered: generation=190, keyboard=0x63B1019, mouse=0x2180FB9, keyboard callbacks=7294, mouse callbacks=62794.
2026-10-08T13:26:06.1961604+09:00 Hook status (periodic): generation=190, enabled=True, emacsEnabled=True, emacsActive=True, keyboardCallbacks=7294, mouseCallbacks=62794, suppressed=173, injectionFailures=0, refreshRequested=False, sinceRefreshMs=9015, leftAlt=False/False/False, rightAlt=False/False/False, leftCtrl=False/False/False, rightCtrl=False/False/False, asyncAlt=False/False, asyncCtrl=False/False, capturedKeys=0, capsCaptured=False, otherKeysCount=0, droppedLogs=0.
2026-10-08T13:26:27.2081306+09:00 Hooks registered: generation=191, keyboard=0x54B0E9B, mouse=0x6590FF7, keyboard callbacks=7294, mouse callbacks=62794.
2026-10-08T13:26:36.2060718+09:00 Hook status (periodic): generation=191, enabled=True, emacsEnabled=True, emacsActive=True, keyboardCallbacks=7294, mouseCallbacks=62794, suppressed=173, injectionFailures=0, refreshRequested=False, sinceRefreshMs=9000, leftAlt=False/False/False, rightAlt=False/False/False, leftCtrl=False/False/False, rightCtrl=False/False/False, asyncAlt=False/False, asyncCtrl=False/False, capturedKeys=0, capsCaptured=False, otherKeysCount=0, droppedLogs=0.
2026-10-08T13:26:57.2452460+09:00 Hooks registered: generation=192, keyboard=0x9A91019, mouse=0xE8C0F4D, keyboard callbacks=7294, mouse callbacks=62794.
2026-10-08T13:27:06.2738807+09:00 Hook status (periodic): generation=192, enabled=True, emacsEnabled=True, emacsActive=True, keyboardCallbacks=7294, mouseCallbacks=62794, suppressed=173, injectionFailures=0, refreshRequested=False, sinceRefreshMs=9031, leftAlt=False/False/False, rightAlt=False/False/False, leftCtrl=False/False/False, rightCtrl=False/False/False, asyncAlt=False/False, asyncCtrl=False/False, capturedKeys=0, capsCaptured=False, otherKeysCount=0, droppedLogs=0.
2026-10-08T13:27:27.3540653+09:00 Hooks registered: generation=193, keyboard=0x49B0FB9, mouse=0xD74102B, keyboard callbacks=7294, mouse callbacks=62794.
2026-10-08T13:27:36.3470931+09:00 Hook status (periodic): generation=193, enabled=True, emacsEnabled=True, emacsActive=True, keyboardCallbacks=7294, mouseCallbacks=62794, suppressed=173, injectionFailures=0, refreshRequested=False, sinceRefreshMs=9000, leftAlt=False/False/False, rightAlt=False/False/False, leftCtrl=False/False/False, rightCtrl=False/False/False, asyncAlt=False/False, asyncCtrl=False/False, capturedKeys=0, capsCaptured=False, otherKeysCount=0, droppedLogs=0.
2026-10-08T13:27:57.3648093+09:00 Hooks registered: generation=194, keyboard=0xC8201AF, mouse=0x65A0FF7, keyboard callbacks=7294, mouse callbacks=62794.
2026-10-08T13:28:06.3889332+09:00 Hook status (periodic): generation=194, enabled=True, emacsEnabled=True, emacsActive=True, keyboardCallbacks=7294, mouseCallbacks=62794, suppressed=173, injectionFailures=0, refreshRequested=False, sinceRefreshMs=9016, leftAlt=False/False/False, rightAlt=False/False/False, leftCtrl=False/False/False, rightCtrl=False/False/False, asyncAlt=False/False, asyncCtrl=False/False, capturedKeys=0, capsCaptured=False, otherKeysCount=0, droppedLogs=0.
2026-10-08T13:28:27.3970270+09:00 Hooks registered: generation=195, keyboard=0x3381015, mouse=0x10870F4D, keyboard callbacks=7294, mouse callbacks=62794.
2026-10-08T13:28:36.4548876+09:00 Hook status (periodic): generation=195, enabled=True, emacsEnabled=True, emacsActive=True, keyboardCallbacks=7294, mouseCallbacks=62794, suppressed=173, injectionFailures=0, refreshRequested=False, sinceRefreshMs=9047, leftAlt=False/False/False, rightAlt=False/False/False, leftCtrl=False/False/False, rightCtrl=False/False/False, asyncAlt=False/False, asyncCtrl=False/False, capturedKeys=0, capsCaptured=False, otherKeysCount=0, droppedLogs=0.
2026-10-08T13:28:58.4690596+09:00 Hooks registered: generation=196, keyboard=0x6290EC1, mouse=0xE700E73, keyboard callbacks=7294, mouse callbacks=63354.
2026-10-08T13:29:06.4731256+09:00 Hook status (periodic): generation=196, enabled=True, emacsEnabled=True, emacsActive=True, keyboardCallbacks=7294, mouseCallbacks=63354, suppressed=173, injectionFailures=0, refreshRequested=False, sinceRefreshMs=8015, leftAlt=False/False/False, rightAlt=False/False/False, leftCtrl=False/False/False, rightCtrl=False/False/False, asyncAlt=False/False, asyncCtrl=False/False, capturedKeys=0, capsCaptured=False, otherKeysCount=0, droppedLogs=0.
2026-10-08T13:29:35.5259657+09:00 Hooks registered: generation=197, keyboard=0xAD00EB9, mouse=0x56B0FDB, keyboard callbacks=7294, mouse callbacks=64123.
2026-10-08T13:29:36.5237014+09:00 Hook status (periodic): generation=197, enabled=True, emacsEnabled=True, emacsActive=True, keyboardCallbacks=7294, mouseCallbacks=64123, suppressed=173, injectionFailures=0, refreshRequested=False, sinceRefreshMs=1000, leftAlt=False/False/False, rightAlt=False/False/False, leftCtrl=False/False/False, rightCtrl=False/False/False, asyncAlt=False/False, asyncCtrl=False/False, capturedKeys=0, capsCaptured=False, otherKeysCount=0, droppedLogs=0.
2026-10-08T13:30:05.5701230+09:00 Hooks registered: generation=198, keyboard=0x70F1023, mouse=0x1C200E19, keyboard callbacks=7308, mouse callbacks=64465.
2026-10-08T13:30:06.5774217+09:00 Hook status (periodic): generation=198, enabled=True, emacsEnabled=True, emacsActive=True, keyboardCallbacks=7308, mouseCallbacks=64465, suppressed=173, injectionFailures=0, refreshRequested=False, sinceRefreshMs=1000, leftAlt=False/False/False, rightAlt=False/False/False, leftCtrl=False/False/False, rightCtrl=False/False/False, asyncAlt=False/False, asyncCtrl=False/False, capturedKeys=0, capsCaptured=False, otherKeysCount=0, droppedLogs=0.
2026-10-08T13:30:35.6764203+09:00 Hooks registered: generation=199, keyboard=0x69A0E0F, mouse=0x9C10FF3, keyboard callbacks=7308, mouse callbacks=64465.
2026-10-08T13:30:36.6818966+09:00 Hook status (periodic): generation=199, enabled=True, emacsEnabled=True, emacsActive=True, keyboardCallbacks=7308, mouseCallbacks=64465, suppressed=173, injectionFailures=0, refreshRequested=False, sinceRefreshMs=1000, leftAlt=False/False/False, rightAlt=False/False/False, leftCtrl=False/False/False, rightCtrl=False/False/False, asyncAlt=False/False, asyncCtrl=False/False, capturedKeys=0, capsCaptured=False, otherKeysCount=0, droppedLogs=0.
2026-10-08T13:31:05.7314721+09:00 Hooks registered: generation=200, keyboard=0xA760F81, mouse=0xC2A0F5F, keyboard callbacks=7308, mouse callbacks=64465.
2026-10-08T13:31:06.7331211+09:00 Hook status (periodic): generation=200, enabled=True, emacsEnabled=True, emacsActive=True, keyboardCallbacks=7308, mouseCallbacks=64465, suppressed=173, injectionFailures=0, refreshRequested=False, sinceRefreshMs=1000, leftAlt=False/False/False, rightAlt=False/False/False, leftCtrl=False/False/False, rightCtrl=False/False/False, asyncAlt=False/False, asyncCtrl=False/False, capturedKeys=0, capsCaptured=False, otherKeysCount=0, droppedLogs=0.
2026-10-08T13:31:35.7385983+09:00 Hooks registered: generation=201, keyboard=0x30B101B, mouse=0x8E91023, keyboard callbacks=7308, mouse callbacks=64685.
2026-10-08T13:31:36.7394374+09:00 Hook status (periodic): generation=201, enabled=True, emacsEnabled=True, emacsActive=True, keyboardCallbacks=7308, mouseCallbacks=64685, suppressed=173, injectionFailures=0, refreshRequested=False, sinceRefreshMs=1000, leftAlt=False/False/False, rightAlt=False/False/False, leftCtrl=False/False/False, rightCtrl=False/False/False, asyncAlt=False/False, asyncCtrl=False/False, capturedKeys=0, capsCaptured=False, otherKeysCount=0, droppedLogs=0.
2026-10-08T13:32:05.7940605+09:00 Hooks registered: generation=202, keyboard=0x6B70FB9, mouse=0x3760EAB, keyboard callbacks=7308, mouse callbacks=64685.
2026-10-08T13:32:06.7926709+09:00 Hook status (periodic): generation=202, enabled=True, emacsEnabled=True, emacsActive=True, keyboardCallbacks=7308, mouseCallbacks=64685, suppressed=173, injectionFailures=0, refreshRequested=False, sinceRefreshMs=1000, leftAlt=False/False/False, rightAlt=False/False/False, leftCtrl=False/False/False, rightCtrl=False/False/False, asyncAlt=False/False, asyncCtrl=False/False, capturedKeys=0, capsCaptured=False, otherKeysCount=0, droppedLogs=0.
2026-10-08T13:32:35.8298041+09:00 Hooks registered: generation=203, keyboard=0xC200F75, mouse=0x7D20F51, keyboard callbacks=7308, mouse callbacks=64685.
2026-10-08T13:32:36.8280842+09:00 Hook status (periodic): generation=203, enabled=True, emacsEnabled=True, emacsActive=True, keyboardCallbacks=7308, mouseCallbacks=64685, suppressed=173, injectionFailures=0, refreshRequested=False, sinceRefreshMs=1000, leftAlt=False/False/False, rightAlt=False/False/False, leftCtrl=False/False/False, rightCtrl=False/False/False, asyncAlt=False/False, asyncCtrl=False/False, capturedKeys=0, capsCaptured=False, otherKeysCount=0, droppedLogs=0.
2026-10-08T13:33:05.8562935+09:00 Hooks registered: generation=204, keyboard=0x14D0F83, mouse=0x88F0FE3, keyboard callbacks=7308, mouse callbacks=64685.
2026-10-08T13:33:06.8528504+09:00 Hook status (periodic): generation=204, enabled=True, emacsEnabled=True, emacsActive=True, keyboardCallbacks=7308, mouseCallbacks=64685, suppressed=173, injectionFailures=0, refreshRequested=False, sinceRefreshMs=1000, leftAlt=False/False/False, rightAlt=False/False/False, leftCtrl=False/False/False, rightCtrl=False/False/False, asyncAlt=False/False, asyncCtrl=False/False, capturedKeys=0, capsCaptured=False, otherKeysCount=0, droppedLogs=0.
2026-10-08T13:33:35.9310572+09:00 Hooks registered: generation=205, keyboard=0x6620FDB, mouse=0x8F10E1D, keyboard callbacks=7308, mouse callbacks=64685.
2026-10-08T13:33:36.9293610+09:00 Hook status (periodic): generation=205, enabled=True, emacsEnabled=True, emacsActive=True, keyboardCallbacks=7308, mouseCallbacks=64685, suppressed=173, injectionFailures=0, refreshRequested=False, sinceRefreshMs=1000, leftAlt=False/False/False, rightAlt=False/False/False, leftCtrl=False/False/False, rightCtrl=False/False/False, asyncAlt=False/False, asyncCtrl=False/False, capturedKeys=0, capsCaptured=False, otherKeysCount=0, droppedLogs=0.
2026-10-08T13:34:05.9689305+09:00 Hooks registered: generation=206, keyboard=0x9831023, mouse=0xC5F0F81, keyboard callbacks=7308, mouse callbacks=64685.
2026-10-08T13:34:06.9675104+09:00 Hook status (periodic): generation=206, enabled=True, emacsEnabled=True, emacsActive=True, keyboardCallbacks=7308, mouseCallbacks=64685, suppressed=173, injectionFailures=0, refreshRequested=False, sinceRefreshMs=1000, leftAlt=False/False/False, rightAlt=False/False/False, leftCtrl=False/False/False, rightCtrl=False/False/False, asyncAlt=False/False, asyncCtrl=False/False, capturedKeys=0, capsCaptured=False, otherKeysCount=0, droppedLogs=0.
2026-10-08T13:34:35.9766570+09:00 Hooks registered: generation=207, keyboard=0x11D50F8F, mouse=0x3880F83, keyboard callbacks=7308, mouse callbacks=65002.
2026-10-08T13:34:36.9751813+09:00 Hook status (periodic): generation=207, enabled=True, emacsEnabled=True, emacsActive=True, keyboardCallbacks=7308, mouseCallbacks=65002, suppressed=173, injectionFailures=0, refreshRequested=False, sinceRefreshMs=1000, leftAlt=False/False/False, rightAlt=False/False/False, leftCtrl=False/False/False, rightCtrl=False/False/False, asyncAlt=False/False, asyncCtrl=False/False, capturedKeys=0, capsCaptured=False, otherKeysCount=0, droppedLogs=0.
2026-10-08T13:35:05.9746474+09:00 Hooks registered: generation=208, keyboard=0x4EF1029, mouse=0x6070EE7, keyboard callbacks=7308, mouse callbacks=65200.
2026-10-08T13:35:06.9745359+09:00 Hook status (periodic): generation=208, enabled=True, emacsEnabled=True, emacsActive=True, keyboardCallbacks=7308, mouseCallbacks=65200, suppressed=173, injectionFailures=0, refreshRequested=False, sinceRefreshMs=1000, leftAlt=False/False/False, rightAlt=False/False/False, leftCtrl=False/False/False, rightCtrl=False/False/False, asyncAlt=False/False, asyncCtrl=False/False, capturedKeys=0, capsCaptured=False, otherKeysCount=0, droppedLogs=0.
2026-10-08T13:35:36.0243306+09:00 Hooks registered: generation=209, keyboard=0xA970F35, mouse=0xD1E1023, keyboard callbacks=7308, mouse callbacks=65200.
2026-10-08T13:35:37.0290446+09:00 Hook status (periodic): generation=209, enabled=True, emacsEnabled=True, emacsActive=True, keyboardCallbacks=7308, mouseCallbacks=65200, suppressed=173, injectionFailures=0, refreshRequested=False, sinceRefreshMs=1000, leftAlt=False/False/False, rightAlt=False/False/False, leftCtrl=False/False/False, rightCtrl=False/False/False, asyncAlt=False/False, asyncCtrl=False/False, capturedKeys=0, capsCaptured=False, otherKeysCount=0, droppedLogs=0.
2026-10-08T13:36:06.0718754+09:00 Hooks registered: generation=210, keyboard=0x140E053F, mouse=0x8CD0E95, keyboard callbacks=7308, mouse callbacks=65200.
2026-10-08T13:36:07.0807063+09:00 Hook status (periodic): generation=210, enabled=True, emacsEnabled=True, emacsActive=True, keyboardCallbacks=7308, mouseCallbacks=65200, suppressed=173, injectionFailures=0, refreshRequested=False, sinceRefreshMs=1000, leftAlt=False/False/False, rightAlt=False/False/False, leftCtrl=False/False/False, rightCtrl=False/False/False, asyncAlt=False/False, asyncCtrl=False/False, capturedKeys=0, capsCaptured=False, otherKeysCount=0, droppedLogs=0.
2026-10-08T13:36:36.1027467+09:00 Hooks registered: generation=211, keyboard=0xF5E0881, mouse=0xFB61019, keyboard callbacks=7308, mouse callbacks=65200.
2026-10-08T13:36:37.1093322+09:00 Hook status (periodic): generation=211, enabled=True, emacsEnabled=True, emacsActive=True, keyboardCallbacks=7308, mouseCallbacks=65200, suppressed=173, injectionFailures=0, refreshRequested=False, sinceRefreshMs=1000, leftAlt=False/False/False, rightAlt=False/False/False, leftCtrl=False/False/False, rightCtrl=False/False/False, asyncAlt=False/False, asyncCtrl=False/False, capturedKeys=0, capsCaptured=False, otherKeysCount=0, droppedLogs=0.
2026-10-08T13:37:07.1559321+09:00 Hook status (periodic): generation=211, enabled=True, emacsEnabled=True, emacsActive=True, keyboardCallbacks=7308, mouseCallbacks=65535, suppressed=173, injectionFailures=0, refreshRequested=False, sinceRefreshMs=31047, leftAlt=False/False/False, rightAlt=False/False/False, leftCtrl=False/False/False, rightCtrl=False/False/False, asyncAlt=False/False, asyncCtrl=False/False, capturedKeys=0, capsCaptured=False, otherKeysCount=0, droppedLogs=0.
2026-10-08T13:37:07.1563286+09:00 Hooks registered: generation=212, keyboard=0xEE90F81, mouse=0x4CD0F7B, keyboard callbacks=7308, mouse callbacks=65535.
2026-10-08T13:37:37.2774733+09:00 Hook status (periodic): generation=212, enabled=True, emacsEnabled=True, emacsActive=True, keyboardCallbacks=7308, mouseCallbacks=65978, suppressed=173, injectionFailures=0, refreshRequested=False, sinceRefreshMs=30125, leftAlt=False/False/False, rightAlt=False/False/False, leftCtrl=False/False/False, rightCtrl=False/False/False, asyncAlt=False/False, asyncCtrl=False/False, capturedKeys=0, capsCaptured=False, otherKeysCount=0, droppedLogs=0.
2026-10-08T13:37:48.2768384+09:00 Hooks registered: generation=213, keyboard=0x193F00EB, mouse=0x38E0F67, keyboard callbacks=7308, mouse callbacks=66274.
2026-10-08T13:38:07.3009697+09:00 Hook status (periodic): generation=213, enabled=True, emacsEnabled=True, emacsActive=True, keyboardCallbacks=7308, mouseCallbacks=66356, suppressed=173, injectionFailures=0, refreshRequested=False, sinceRefreshMs=19032, leftAlt=False/False/False, rightAlt=False/False/False, leftCtrl=False/False/False, rightCtrl=False/False/False, asyncAlt=False/False, asyncCtrl=False/False, capturedKeys=0, capsCaptured=False, otherKeysCount=0, droppedLogs=0.
2026-10-08T13:38:18.3407224+09:00 Hooks registered: generation=214, keyboard=0xA680F51, mouse=0x5390F83, keyboard callbacks=7308, mouse callbacks=66382.
2026-10-08T13:38:37.3956101+09:00 Hook status (periodic): generation=214, enabled=True, emacsEnabled=True, emacsActive=True, keyboardCallbacks=7308, mouseCallbacks=66866, suppressed=173, injectionFailures=0, refreshRequested=False, sinceRefreshMs=19062, leftAlt=False/False/False, rightAlt=False/False/False, leftCtrl=False/False/False, rightCtrl=False/False/False, asyncAlt=False/False, asyncCtrl=False/False, capturedKeys=0, capsCaptured=False, otherKeysCount=0, droppedLogs=0.
2026-10-08T13:38:58.4057630+09:00 Hooks registered: generation=215, keyboard=0x19D50175, mouse=0xC4E0FE3, keyboard callbacks=7308, mouse callbacks=67604.
2026-10-08T13:39:07.4043048+09:00 Hook status (periodic): generation=215, enabled=True, emacsEnabled=True, emacsActive=True, keyboardCallbacks=7308, mouseCallbacks=67704, suppressed=173, injectionFailures=0, refreshRequested=False, sinceRefreshMs=9000, leftAlt=False/False/False, rightAlt=False/False/False, leftCtrl=False/False/False, rightCtrl=False/False/False, asyncAlt=False/False, asyncCtrl=False/False, capturedKeys=0, capsCaptured=False, otherKeysCount=0, droppedLogs=0.
2026-10-08T13:39:28.4343289+09:00 Hooks registered: generation=216, keyboard=0x1B9A00EB, mouse=0x5CC0F7B, keyboard callbacks=7308, mouse callbacks=67829.
2026-10-08T13:39:37.4656043+09:00 Hook status (periodic): generation=216, enabled=True, emacsEnabled=True, emacsActive=True, keyboardCallbacks=7308, mouseCallbacks=67997, suppressed=173, injectionFailures=0, refreshRequested=False, sinceRefreshMs=9031, leftAlt=False/False/False, rightAlt=False/False/False, leftCtrl=False/False/False, rightCtrl=False/False/False, asyncAlt=False/False, asyncCtrl=False/False, capturedKeys=0, capsCaptured=False, otherKeysCount=0, droppedLogs=0.
2026-10-08T13:40:01.5190674+09:00 Hooks registered: generation=217, keyboard=0x71A0EC1, mouse=0x2901003, keyboard callbacks=7308, mouse callbacks=68469.
2026-10-08T13:40:07.5445779+09:00 Hook status (periodic): generation=217, enabled=True, emacsEnabled=True, emacsActive=True, keyboardCallbacks=7308, mouseCallbacks=68553, suppressed=173, injectionFailures=0, refreshRequested=False, sinceRefreshMs=6016, leftAlt=False/False/False, rightAlt=False/False/False, leftCtrl=False/False/False, rightCtrl=False/False/False, asyncAlt=False/False, asyncCtrl=False/False, capturedKeys=0, capsCaptured=False, otherKeysCount=0, droppedLogs=0.
2026-10-08T13:40:31.5966079+09:00 Hooks registered: generation=218, keyboard=0xAB80FF3, mouse=0x155D053F, keyboard callbacks=7308, mouse callbacks=68656.
2026-10-08T13:40:37.6213043+09:00 Hook status (periodic): generation=218, enabled=True, emacsEnabled=True, emacsActive=True, keyboardCallbacks=7308, mouseCallbacks=68762, suppressed=173, injectionFailures=0, refreshRequested=False, sinceRefreshMs=6016, leftAlt=False/False/False, rightAlt=False/False/False, leftCtrl=False/False/False, rightCtrl=False/False/False, asyncAlt=False/False, asyncCtrl=False/False, capturedKeys=0, capsCaptured=False, otherKeysCount=0, droppedLogs=0.
2026-10-08T13:41:01.6912502+09:00 Hooks registered: generation=219, keyboard=0x79D0F99, mouse=0x12E40881, keyboard callbacks=7308, mouse callbacks=68984.
2026-10-08T13:41:07.7213831+09:00 Hook status (periodic): generation=219, enabled=True, emacsEnabled=True, emacsActive=True, keyboardCallbacks=7308, mouseCallbacks=69055, suppressed=173, injectionFailures=0, refreshRequested=False, sinceRefreshMs=6031, leftAlt=False/False/False, rightAlt=False/False/False, leftCtrl=False/False/False, rightCtrl=False/False/False, asyncAlt=False/False, asyncCtrl=False/False, capturedKeys=0, capsCaptured=False, otherKeysCount=0, droppedLogs=0.
2026-10-08T13:41:31.7353622+09:00 Hooks registered: generation=220, keyboard=0xDBF0F3B, mouse=0x11550FDF, keyboard callbacks=7308, mouse callbacks=69128.
2026-10-08T13:41:37.7303606+09:00 Hook status (periodic): generation=220, enabled=True, emacsEnabled=True, emacsActive=True, keyboardCallbacks=7308, mouseCallbacks=69259, suppressed=173, injectionFailures=0, refreshRequested=False, sinceRefreshMs=6000, leftAlt=False/False/False, rightAlt=False/False/False, leftCtrl=False/False/False, rightCtrl=False/False/False, asyncAlt=False/False, asyncCtrl=False/False, capturedKeys=0, capsCaptured=False, otherKeysCount=0, droppedLogs=0.
2026-10-08T13:42:01.7909003+09:00 Hooks registered: generation=221, keyboard=0x114D0FE3, mouse=0xBC10FCB, keyboard callbacks=7308, mouse callbacks=69393.
2026-10-08T13:42:07.8153188+09:00 Hook status (periodic): generation=221, enabled=True, emacsEnabled=True, emacsActive=True, keyboardCallbacks=7308, mouseCallbacks=69393, suppressed=173, injectionFailures=0, refreshRequested=False, sinceRefreshMs=6031, leftAlt=False/False/False, rightAlt=False/False/False, leftCtrl=False/False/False, rightCtrl=False/False/False, asyncAlt=False/False, asyncCtrl=False/False, capturedKeys=0, capsCaptured=False, otherKeysCount=0, droppedLogs=0.
2026-10-08T13:42:31.8898879+09:00 Hooks registered: generation=222, keyboard=0x10E20EC3, mouse=0x16A0053F, keyboard callbacks=7308, mouse callbacks=69393.
2026-10-08T13:42:37.8964538+09:00 Hook status (periodic): generation=222, enabled=True, emacsEnabled=True, emacsActive=True, keyboardCallbacks=7308, mouseCallbacks=69393, suppressed=173, injectionFailures=0, refreshRequested=False, sinceRefreshMs=6015, leftAlt=False/False/False, rightAlt=False/False/False, leftCtrl=False/False/False, rightCtrl=False/False/False, asyncAlt=False/False, asyncCtrl=False/False, capturedKeys=0, capsCaptured=False, otherKeysCount=0, droppedLogs=0.
2026-10-08T13:43:01.8997586+09:00 Hooks registered: generation=223, keyboard=0xC960FCB, mouse=0x18310EC9, keyboard callbacks=7308, mouse callbacks=69472.
2026-10-08T13:43:07.9025541+09:00 Hook status (periodic): generation=223, enabled=True, emacsEnabled=True, emacsActive=True, keyboardCallbacks=7308, mouseCallbacks=69478, suppressed=173, injectionFailures=0, refreshRequested=False, sinceRefreshMs=6000, leftAlt=False/False/False, rightAlt=False/False/False, leftCtrl=False/False/False, rightCtrl=False/False/False, asyncAlt=False/False, asyncCtrl=False/False, capturedKeys=0, capsCaptured=False, otherKeysCount=0, droppedLogs=0.
2026-10-08T13:43:31.9614296+09:00 Hooks registered: generation=224, keyboard=0x11770F5F, mouse=0xA0D101B, keyboard callbacks=7308, mouse callbacks=70142.
2026-10-08T13:43:37.9662610+09:00 Hook status (periodic): generation=224, enabled=True, emacsEnabled=True, emacsActive=True, keyboardCallbacks=7308, mouseCallbacks=70142, suppressed=173, injectionFailures=0, refreshRequested=False, sinceRefreshMs=6000, leftAlt=False/False/False, rightAlt=False/False/False, leftCtrl=False/False/False, rightCtrl=False/False/False, asyncAlt=False/False, asyncCtrl=False/False, capturedKeys=0, capsCaptured=False, otherKeysCount=0, droppedLogs=0.
2026-10-08T13:44:05.0226085+09:00 Hooks registered: generation=225, keyboard=0x79C08BF, mouse=0x4D71003, keyboard callbacks=7322, mouse callbacks=71148.
2026-10-08T13:44:08.0363435+09:00 Hook status (periodic): generation=225, enabled=True, emacsEnabled=True, emacsActive=True, keyboardCallbacks=7345, mouseCallbacks=71148, suppressed=176, injectionFailures=0, refreshRequested=False, sinceRefreshMs=3016, leftAlt=False/False/False, rightAlt=False/False/False, leftCtrl=True/False/True, rightCtrl=False/False/False, asyncAlt=False/False, asyncCtrl=True/False, capturedKeys=0, capsCaptured=False, otherKeysCount=1, droppedLogs=0.
2026-10-08T13:44:38.1461939+09:00 Hook status (periodic): generation=225, enabled=True, emacsEnabled=True, emacsActive=True, keyboardCallbacks=7452, mouseCallbacks=71148, suppressed=181, injectionFailures=0, refreshRequested=False, sinceRefreshMs=33125, leftAlt=False/False/False, rightAlt=False/False/False, leftCtrl=False/False/False, rightCtrl=False/False/False, asyncAlt=False/False, asyncCtrl=False/False, capturedKeys=0, capsCaptured=False, otherKeysCount=0, droppedLogs=0.
2026-10-08T13:44:46.1582071+09:00 Hooks registered: generation=226, keyboard=0x12E70881, mouse=0xAD50B83, keyboard callbacks=7452, mouse callbacks=71474.
2026-10-08T13:45:08.1981116+09:00 Hook status (periodic): generation=226, enabled=True, emacsEnabled=True, emacsActive=True, keyboardCallbacks=7475, mouseCallbacks=71642, suppressed=183, injectionFailures=0, refreshRequested=False, sinceRefreshMs=22047, leftAlt=False/False/False, rightAlt=False/False/False, leftCtrl=False/False/False, rightCtrl=False/False/False, asyncAlt=False/False, asyncCtrl=False/False, capturedKeys=0, capsCaptured=False, otherKeysCount=1, droppedLogs=0.
2026-10-08T13:45:38.2367214+09:00 Hook status (periodic): generation=226, enabled=True, emacsEnabled=True, emacsActive=True, keyboardCallbacks=7540, mouseCallbacks=72143, suppressed=183, injectionFailures=0, refreshRequested=False, sinceRefreshMs=52078, leftAlt=False/False/False, rightAlt=False/False/False, leftCtrl=False/False/False, rightCtrl=False/False/False, asyncAlt=False/False, asyncCtrl=False/False, capturedKeys=0, capsCaptured=False, otherKeysCount=1, droppedLogs=0.
2026-10-08T13:46:08.2826968+09:00 Hook status (periodic): generation=226, enabled=True, emacsEnabled=True, emacsActive=True, keyboardCallbacks=7548, mouseCallbacks=73165, suppressed=183, injectionFailures=0, refreshRequested=False, sinceRefreshMs=82125, leftAlt=False/False/False, rightAlt=False/False/False, leftCtrl=True/True/False, rightCtrl=False/False/False, asyncAlt=False/False, asyncCtrl=True/False, capturedKeys=0, capsCaptured=False, otherKeysCount=1, droppedLogs=0.
2026-10-08T13:46:38.2761056+09:00 Hook status (periodic): generation=226, enabled=True, emacsEnabled=True, emacsActive=True, keyboardCallbacks=7621, mouseCallbacks=73165, suppressed=183, injectionFailures=0, refreshRequested=False, sinceRefreshMs=112125, leftAlt=False/False/False, rightAlt=False/False/False, leftCtrl=False/False/False, rightCtrl=False/False/False, asyncAlt=False/False, asyncCtrl=False/False, capturedKeys=0, capsCaptured=False, otherKeysCount=1, droppedLogs=0.
2026-10-08T13:47:08.2930625+09:00 Hook status (periodic): generation=226, enabled=True, emacsEnabled=True, emacsActive=True, keyboardCallbacks=7673, mouseCallbacks=73817, suppressed=183, injectionFailures=0, refreshRequested=False, sinceRefreshMs=142141, leftAlt=False/False/False, rightAlt=False/False/False, leftCtrl=False/False/False, rightCtrl=False/False/False, asyncAlt=False/False, asyncCtrl=False/False, capturedKeys=0, capsCaptured=False, otherKeysCount=1, droppedLogs=0.
2026-10-08T13:47:31.6978071+09:00 Hook status (periodic): generation=226, enabled=True, emacsEnabled=True, emacsActive=True, keyboardCallbacks=7749, mouseCallbacks=73953, suppressed=183, injectionFailures=0, refreshRequested=False, sinceRefreshMs=172172, leftAlt=False/False/False, rightAlt=False/False/False, leftCtrl=False/False/False, rightCtrl=False/False/False, asyncAlt=False/False, asyncCtrl=False/False, capturedKeys=0, capsCaptured=False, otherKeysCount=1, droppedLogs=0.
2026-10-08T13:48:01.7480220+09:00 Hook status (periodic): generation=226, enabled=True, emacsEnabled=True, emacsActive=True, keyboardCallbacks=7751, mouseCallbacks=73953, suppressed=183, injectionFailures=0, refreshRequested=False, sinceRefreshMs=202219, leftAlt=False/False/False, rightAlt=False/False/False, leftCtrl=False/False/False, rightCtrl=False/False/False, asyncAlt=False/False, asyncCtrl=False/False, capturedKeys=0, capsCaptured=False, otherKeysCount=1, droppedLogs=0.
2026-10-08T13:48:31.7822095+09:00 Hook status (periodic): generation=226, enabled=True, emacsEnabled=True, emacsActive=True, keyboardCallbacks=7777, mouseCallbacks=74689, suppressed=183, injectionFailures=0, refreshRequested=False, sinceRefreshMs=232266, leftAlt=False/False/False, rightAlt=False/False/False, leftCtrl=False/False/False, rightCtrl=False/False/False, asyncAlt=False/False, asyncCtrl=False/False, capturedKeys=0, capsCaptured=False, otherKeysCount=1, droppedLogs=0.
2026-10-08T13:49:01.8858759+09:00 Hook status (periodic): generation=226, enabled=True, emacsEnabled=True, emacsActive=True, keyboardCallbacks=7777, mouseCallbacks=74868, suppressed=183, injectionFailures=0, refreshRequested=False, sinceRefreshMs=262360, leftAlt=False/False/False, rightAlt=False/False/False, leftCtrl=False/False/False, rightCtrl=False/False/False, asyncAlt=False/False, asyncCtrl=False/False, capturedKeys=0, capsCaptured=False, otherKeysCount=1, droppedLogs=0.
2026-10-08T13:49:31.8950244+09:00 Hook status (periodic): generation=226, enabled=True, emacsEnabled=True, emacsActive=True, keyboardCallbacks=7777, mouseCallbacks=74922, suppressed=183, injectionFailures=0, refreshRequested=False, sinceRefreshMs=292375, leftAlt=False/False/False, rightAlt=False/False/False, leftCtrl=False/False/False, rightCtrl=False/False/False, asyncAlt=False/False, asyncCtrl=False/False, capturedKeys=0, capsCaptured=False, otherKeysCount=1, droppedLogs=0.
2026-10-08T13:50:01.9069673+09:00 Hook status (periodic): generation=226, enabled=True, emacsEnabled=True, emacsActive=True, keyboardCallbacks=7857, mouseCallbacks=75124, suppressed=183, injectionFailures=0, refreshRequested=False, sinceRefreshMs=322391, leftAlt=False/False/False, rightAlt=False/False/False, leftCtrl=False/False/False, rightCtrl=False/False/False, asyncAlt=False/False, asyncCtrl=False/False, capturedKeys=0, capsCaptured=False, otherKeysCount=1, droppedLogs=0.
2026-10-08T13:50:32.0020301+09:00 Hook status (periodic): generation=226, enabled=True, emacsEnabled=True, emacsActive=True, keyboardCallbacks=7857, mouseCallbacks=75767, suppressed=183, injectionFailures=0, refreshRequested=False, sinceRefreshMs=352485, leftAlt=False/False/False, rightAlt=False/False/False, leftCtrl=False/False/False, rightCtrl=False/False/False, asyncAlt=False/False, asyncCtrl=False/False, capturedKeys=0, capsCaptured=False, otherKeysCount=1, droppedLogs=0.
2026-10-08T13:51:02.0947565+09:00 Hook status (periodic): generation=226, enabled=True, emacsEnabled=True, emacsActive=True, keyboardCallbacks=7857, mouseCallbacks=76447, suppressed=183, injectionFailures=0, refreshRequested=False, sinceRefreshMs=382578, leftAlt=False/False/False, rightAlt=False/False/False, leftCtrl=False/False/False, rightCtrl=False/False/False, asyncAlt=False/False, asyncCtrl=False/False, capturedKeys=0, capsCaptured=False, otherKeysCount=1, droppedLogs=0.
2026-10-08T13:51:32.1348216+09:00 Hook status (periodic): generation=226, enabled=True, emacsEnabled=True, emacsActive=True, keyboardCallbacks=7879, mouseCallbacks=76868, suppressed=183, injectionFailures=0, refreshRequested=False, sinceRefreshMs=412610, leftAlt=False/False/False, rightAlt=False/False/False, leftCtrl=False/False/False, rightCtrl=False/False/False, asyncAlt=False/False, asyncCtrl=False/False, capturedKeys=0, capsCaptured=False, otherKeysCount=1, droppedLogs=0.
2026-10-08T13:52:02.1475834+09:00 Hook status (periodic): generation=226, enabled=True, emacsEnabled=True, emacsActive=True, keyboardCallbacks=7921, mouseCallbacks=77480, suppressed=183, injectionFailures=0, refreshRequested=False, sinceRefreshMs=442625, leftAlt=False/False/False, rightAlt=False/False/False, leftCtrl=False/False/False, rightCtrl=False/False/False, asyncAlt=False/False, asyncCtrl=False/False, capturedKeys=0, capsCaptured=False, otherKeysCount=1, droppedLogs=0.
2026-10-08T13:52:32.1459374+09:00 Hook status (periodic): generation=226, enabled=True, emacsEnabled=True, emacsActive=True, keyboardCallbacks=8069, mouseCallbacks=77480, suppressed=183, injectionFailures=0, refreshRequested=False, sinceRefreshMs=472625, leftAlt=False/False/False, rightAlt=False/False/False, leftCtrl=False/False/False, rightCtrl=False/False/False, asyncAlt=False/False, asyncCtrl=False/False, capturedKeys=0, capsCaptured=False, otherKeysCount=1, droppedLogs=0.
2026-10-08T13:53:02.1662262+09:00 Hook status (periodic): generation=226, enabled=True, emacsEnabled=True, emacsActive=True, keyboardCallbacks=8121, mouseCallbacks=77957, suppressed=183, injectionFailures=0, refreshRequested=False, sinceRefreshMs=502641, leftAlt=False/False/False, rightAlt=False/False/False, leftCtrl=False/False/False, rightCtrl=False/False/False, asyncAlt=False/False, asyncCtrl=False/False, capturedKeys=0, capsCaptured=False, otherKeysCount=1, droppedLogs=0.
2026-10-08T13:53:32.2361377+09:00 Hook status (periodic): generation=226, enabled=True, emacsEnabled=True, emacsActive=True, keyboardCallbacks=8121, mouseCallbacks=78037, suppressed=183, injectionFailures=0, refreshRequested=False, sinceRefreshMs=532719, leftAlt=False/False/False, rightAlt=False/False/False, leftCtrl=False/False/False, rightCtrl=False/False/False, asyncAlt=False/False, asyncCtrl=False/False, capturedKeys=0, capsCaptured=False, otherKeysCount=1, droppedLogs=0.
